{"type":"FeatureCollection","features":[{"type":"Feature","id":"departamentos.1","geometry":{"type":"MultiPolygon","coordinates":[[[[-65.4042,-43.7601],[-65.5568,-43.7638],[-65.6042,-43.765],[-65.7279,-43.7676],[-66.097,-43.7756],[-66.4593,-43.782],[-66.5246,-43.783],[-66.5255,-43.7685],[-66.526,-43.7249],[-66.526,-43.7174],[-66.5265,-43.6702],[-66.5266,-43.6592],[-66.5299,-43.3353],[-67.1054,-43.3401],[-67.1482,-43.3403],[-67.1492,-43.3247],[-67.1536,-42.879],[-65.9427,-42.8623],[-65.4546,-42.8519],[-65.4357,-43.2175],[-65.4352,-43.2261],[-65.4332,-43.2653],[-65.4319,-43.2893],[-65.4319,-43.2902],[-65.4292,-43.3418],[-65.429,-43.3453],[-65.4286,-43.3522],[-65.427,-43.3825],[-65.4206,-43.4885],[-65.4042,-43.7601]]]]},"geometry_name":"geom","properties":{"departamen":"Gaiman","cabecera":"Gaiman","superficie":"11.624,69"},"bbox":[-67.1536,-43.783,-65.4042,-42.8519]},{"type":"Feature","id":"departamentos.2","geometry":{"type":"MultiPolygon","coordinates":[[[[-65.3532,-43.7587],[-65.3726,-43.7592],[-65.4042,-43.7601],[-65.4206,-43.4885],[-65.427,-43.3825],[-65.4286,-43.3522],[-65.429,-43.3453],[-65.4292,-43.3418],[-65.4319,-43.2902],[-65.4319,-43.2893],[-65.4332,-43.2653],[-65.4352,-43.2261],[-65.4357,-43.2175],[-65.4546,-42.8519],[-65.201,-42.8457],[-65.2001,-42.8457],[-65.1384,-42.8441],[-65.1383,-42.8441],[-65.1383,-42.844],[-65.1375,-42.844],[-65.1153,-42.8434],[-65.1147,-42.8434],[-65.0871,-42.8427],[-65.087,-42.8427],[-65.0607,-42.842],[-65.0606,-42.842],[-65.0498,-42.8417],[-65.016,-42.8408],[-64.9257,-42.8383],[-64.9257,-42.8383],[-64.8585,-42.8364],[-64.8583,-42.8364],[-64.8573,-42.8364],[-64.8572,-42.8364],[-64.8554,-42.837],[-64.8542,-42.8375],[-64.8536,-42.8377],[-64.8528,-42.838],[-64.8514,-42.8383],[-64.8501,-42.8386],[-64.8487,-42.8389],[-64.8477,-42.8391],[-64.8475,-42.8391],[-64.8463,-42.8386],[-64.8455,-42.8383],[-64.845,-42.8381],[-64.8445,-42.8379],[-64.8437,-42.8378],[-64.8427,-42.8383],[-64.8413,-42.839],[-64.8403,-42.8395],[-64.8393,-42.8399],[-64.838,-42.8403],[-64.8369,-42.8405],[-64.8364,-42.8402],[-64.8361,-42.84],[-64.8356,-42.8397],[-64.8351,-42.8396],[-64.8347,-42.8397],[-64.8338,-42.8396],[-64.8326,-42.8393],[-64.8321,-42.839],[-64.8315,-42.8389],[-64.8309,-42.8387],[-64.8299,-42.8391],[-64.8297,-42.8393],[-64.8292,-42.8393],[-64.8288,-42.8393],[-64.8286,-42.8394],[-64.8282,-42.8396],[-64.8275,-42.8396],[-64.8274,-42.8395],[-64.8272,-42.8395],[-64.8269,-42.8397],[-64.8259,-42.8403],[-64.8252,-42.8404],[-64.8245,-42.8405],[-64.8239,-42.8407],[-64.8234,-42.8405],[-64.8228,-42.8405],[-64.8221,-42.8405],[-64.8214,-42.8407],[-64.8207,-42.8404],[-64.8203,-42.8403],[-64.8197,-42.84],[-64.8191,-42.8399],[-64.8184,-42.8395],[-64.8178,-42.8391],[-64.8175,-42.839],[-64.817,-42.8391],[-64.8164,-42.8392],[-64.8157,-42.8393],[-64.815,-42.8394],[-64.8145,-42.8392],[-64.8145,-42.8396],[-64.814,-42.8399],[-64.8136,-42.8401],[-64.8132,-42.8403],[-64.8122,-42.8403],[-64.8116,-42.8402],[-64.8114,-42.8405],[-64.8111,-42.8409],[-64.8106,-42.8412],[-64.8103,-42.8412],[-64.81,-42.8413],[-64.8101,-42.8415],[-64.8104,-42.8418],[-64.8104,-42.8419],[-64.8104,-42.8421],[-64.8104,-42.8421],[-64.8103,-42.8427],[-64.8099,-42.843],[-64.8097,-42.8432],[-64.8095,-42.8434],[-64.8094,-42.8435],[-64.8087,-42.8439],[-64.8082,-42.844],[-64.8078,-42.8444],[-64.8072,-42.8447],[-64.8063,-42.8451],[-64.8051,-42.8456],[-64.8044,-42.8458],[-64.8036,-42.8463],[-64.8034,-42.8464],[-64.8027,-42.8467],[-64.802,-42.8471],[-64.8012,-42.8475],[-64.8009,-42.8477],[-64.8005,-42.8479],[-64.7997,-42.8483],[-64.7987,-42.8489],[-64.7977,-42.8493],[-64.7968,-42.8497],[-64.7956,-42.8502],[-64.7944,-42.8506],[-64.7938,-42.8508],[-64.793,-42.851],[-64.7916,-42.8514],[-64.7906,-42.8517],[-64.7897,-42.8518],[-64.7891,-42.8517],[-64.7884,-42.8518],[-64.788,-42.852],[-64.7875,-42.8522],[-64.7872,-42.8523],[-64.7868,-42.8525],[-64.7861,-42.8528],[-64.7855,-42.8534],[-64.7849,-42.8539],[-64.7839,-42.8544],[-64.7827,-42.8548],[-64.7824,-42.8549],[-64.7818,-42.8551],[-64.7813,-42.8555],[-64.7806,-42.8562],[-64.7796,-42.8568],[-64.7792,-42.857],[-64.7776,-42.8578],[-64.7763,-42.8583],[-64.7737,-42.8593],[-64.771,-42.8602],[-64.7691,-42.8608],[-64.7657,-42.862],[-64.763,-42.863],[-64.7619,-42.8632],[-64.7615,-42.8635],[-64.7613,-42.8635],[-64.7612,-42.8635],[-64.761,-42.8635],[-64.7606,-42.8636],[-64.7603,-42.8637],[-64.7594,-42.8641],[-64.7585,-42.8642],[-64.7575,-42.8645],[-64.7573,-42.8645],[-64.7568,-42.8646],[-64.7557,-42.865],[-64.7549,-42.8653],[-64.7536,-42.8658],[-64.7524,-42.8662],[-64.7505,-42.8669],[-64.7496,-42.8672],[-64.7482,-42.8676],[-64.747,-42.8679],[-64.7457,-42.8683],[-64.7442,-42.8686],[-64.7427,-42.8689],[-64.7419,-42.8687],[-64.7417,-42.8688],[-64.7417,-42.8688],[-64.7414,-42.8691],[-64.7413,-42.8692],[-64.7411,-42.8696],[-64.7407,-42.8698],[-64.7401,-42.8701],[-64.7397,-42.8703],[-64.7392,-42.8704],[-64.7392,-42.8704],[-64.7386,-42.8705],[-64.7383,-42.8708],[-64.7377,-42.8708],[-64.7366,-42.8713],[-64.7355,-42.8716],[-64.7351,-42.8718],[-64.7348,-42.8721],[-64.7342,-42.8722],[-64.7328,-42.8727],[-64.7327,-42.8728],[-64.7327,-42.8728],[-64.7321,-42.873],[-64.7307,-42.8733],[-64.7302,-42.8736],[-64.73,-42.8738],[-64.7292,-42.874],[-64.7283,-42.8747],[-64.7274,-42.8752],[-64.7265,-42.8758],[-64.7248,-42.8766],[-64.7244,-42.8767],[-64.7206,-42.8781],[-64.718,-42.8789],[-64.7153,-42.8796],[-64.7137,-42.8804],[-64.7114,-42.8812],[-64.7111,-42.8814],[-64.7107,-42.8815],[-64.7105,-42.8815],[-64.7102,-42.8814],[-64.7093,-42.8817],[-64.7079,-42.882],[-64.7074,-42.882],[-64.7057,-42.8824],[-64.7047,-42.8827],[-64.7043,-42.8829],[-64.704,-42.8829],[-64.7033,-42.8831],[-64.7029,-42.8833],[-64.7026,-42.8833],[-64.7024,-42.8834],[-64.7023,-42.8833],[-64.7022,-42.8834],[-64.7024,-42.8838],[-64.7025,-42.884],[-64.7026,-42.8842],[-64.7024,-42.8844],[-64.7024,-42.8844],[-64.7024,-42.8844],[-64.7025,-42.8846],[-64.7025,-42.8848],[-64.7029,-42.8851],[-64.7031,-42.8853],[-64.7031,-42.8858],[-64.7026,-42.8861],[-64.7021,-42.8865],[-64.7018,-42.8868],[-64.7015,-42.887],[-64.7013,-42.8871],[-64.7013,-42.8873],[-64.7014,-42.8874],[-64.7012,-42.8877],[-64.7011,-42.8879],[-64.7007,-42.8882],[-64.7008,-42.8883],[-64.701,-42.8883],[-64.701,-42.8885],[-64.701,-42.8886],[-64.701,-42.8889],[-64.7009,-42.8893],[-64.7008,-42.8896],[-64.7004,-42.8899],[-64.7,-42.8902],[-64.6998,-42.8905],[-64.6996,-42.8906],[-64.6996,-42.8907],[-64.6996,-42.8908],[-64.6994,-42.891],[-64.6994,-42.8911],[-64.6993,-42.8912],[-64.6992,-42.8913],[-64.6992,-42.8913],[-64.6994,-42.8914],[-64.6993,-42.8916],[-64.6991,-42.892],[-64.6986,-42.8924],[-64.6984,-42.8926],[-64.6984,-42.8926],[-64.6982,-42.8927],[-64.6981,-42.8928],[-64.6982,-42.8929],[-64.6983,-42.893],[-64.6983,-42.8932],[-64.6983,-42.8934],[-64.6984,-42.8937],[-64.6982,-42.8941],[-64.698,-42.8944],[-64.6982,-42.8946],[-64.6979,-42.8948],[-64.6976,-42.8952],[-64.6975,-42.8953],[-64.6973,-42.8954],[-64.6971,-42.8955],[-64.6971,-42.8956],[-64.6974,-42.8957],[-64.6974,-42.8959],[-64.6974,-42.896],[-64.6974,-42.8962],[-64.6974,-42.8968],[-64.6974,-42.8969],[-64.6972,-42.8972],[-64.697,-42.8974],[-64.6969,-42.8974],[-64.6967,-42.8976],[-64.6967,-42.8977],[-64.6966,-42.8978],[-64.6965,-42.898],[-64.6963,-42.8982],[-64.6958,-42.8984],[-64.6943,-42.8994],[-64.6942,-42.8994],[-64.6932,-42.8998],[-64.6922,-42.9003],[-64.6888,-42.9014],[-64.6863,-42.9021],[-64.6843,-42.9026],[-64.682,-42.9031],[-64.6804,-42.9035],[-64.6795,-42.9036],[-64.6787,-42.9037],[-64.6782,-42.9037],[-64.6776,-42.904],[-64.6768,-42.9041],[-64.6758,-42.9044],[-64.6744,-42.9046],[-64.6732,-42.9049],[-64.6723,-42.905],[-64.6711,-42.9052],[-64.6703,-42.9052],[-64.6698,-42.9054],[-64.6699,-42.9055],[-64.67,-42.9056],[-64.67,-42.9059],[-64.6697,-42.9063],[-64.669,-42.9067],[-64.6687,-42.9069],[-64.6687,-42.907],[-64.6686,-42.9072],[-64.6681,-42.9076],[-64.6679,-42.9079],[-64.6673,-42.9085],[-64.6663,-42.9088],[-64.6652,-42.9092],[-64.664,-42.9097],[-64.6629,-42.9101],[-64.6611,-42.9105],[-64.6598,-42.9109],[-64.6587,-42.9111],[-64.6583,-42.9112],[-64.6579,-42.9113],[-64.6574,-42.9117],[-64.6563,-42.9119],[-64.656,-42.912],[-64.6556,-42.9124],[-64.6556,-42.9124],[-64.6556,-42.9124],[-64.6549,-42.9126],[-64.6531,-42.9132],[-64.6511,-42.9138],[-64.6495,-42.9142],[-64.649,-42.9143],[-64.6485,-42.9146],[-64.6482,-42.9147],[-64.6479,-42.9148],[-64.6475,-42.9148],[-64.6468,-42.915],[-64.6456,-42.9153],[-64.6436,-42.9156],[-64.6422,-42.9158],[-64.6412,-42.9161],[-64.6393,-42.9164],[-64.6382,-42.9167],[-64.6376,-42.9167],[-64.6374,-42.9167],[-64.637,-42.917],[-64.6362,-42.9172],[-64.6352,-42.9174],[-64.634,-42.9176],[-64.6335,-42.9178],[-64.6329,-42.9179],[-64.6325,-42.9182],[-64.6317,-42.9187],[-64.6311,-42.9189],[-64.6302,-42.9191],[-64.6291,-42.9194],[-64.6282,-42.9196],[-64.6268,-42.9198],[-64.6258,-42.9198],[-64.6249,-42.9199],[-64.6245,-42.9198],[-64.6241,-42.9202],[-64.6237,-42.9204],[-64.6221,-42.9209],[-64.619,-42.9215],[-64.6164,-42.9219],[-64.6136,-42.9224],[-64.6101,-42.9228],[-64.6087,-42.923],[-64.6065,-42.9232],[-64.605,-42.9233],[-64.6028,-42.9234],[-64.6015,-42.9235],[-64.598,-42.9237],[-64.5954,-42.9238],[-64.5931,-42.924],[-64.5913,-42.9241],[-64.5893,-42.9242],[-64.5868,-42.9243],[-64.5858,-42.9244],[-64.5851,-42.9244],[-64.5843,-42.9244],[-64.5838,-42.9244],[-64.5826,-42.9245],[-64.5819,-42.9244],[-64.5808,-42.9244],[-64.578,-42.9245],[-64.5743,-42.9245],[-64.5731,-42.9246],[-64.5701,-42.9246],[-64.5684,-42.9246],[-64.5661,-42.9246],[-64.5632,-42.9245],[-64.562,-42.9244],[-64.5588,-42.9243],[-64.5575,-42.9242],[-64.5573,-42.9242],[-64.5549,-42.924],[-64.5532,-42.9238],[-64.5527,-42.9237],[-64.5515,-42.9236],[-64.5512,-42.9235],[-64.55,-42.9232],[-64.5489,-42.9229],[-64.5479,-42.9225],[-64.5468,-42.9224],[-64.5456,-42.9223],[-64.5452,-42.9217],[-64.5448,-42.9215],[-64.5448,-42.9215],[-64.5445,-42.9214],[-64.5443,-42.9213],[-64.544,-42.9208],[-64.5439,-42.9207],[-64.5437,-42.9199],[-64.5435,-42.9199],[-64.5431,-42.9199],[-64.5428,-42.92],[-64.5421,-42.9204],[-64.5413,-42.9206],[-64.5405,-42.9207],[-64.5395,-42.9207],[-64.5389,-42.921],[-64.5376,-42.9215],[-64.5364,-42.9216],[-64.535,-42.9217],[-64.5333,-42.9216],[-64.5327,-42.9218],[-64.5323,-42.9221],[-64.5312,-42.9224],[-64.5308,-42.9224],[-64.5298,-42.9227],[-64.529,-42.9228],[-64.5284,-42.923],[-64.5278,-42.9234],[-64.527,-42.9237],[-64.5265,-42.924],[-64.5253,-42.9244],[-64.5246,-42.9245],[-64.5241,-42.9247],[-64.5236,-42.925],[-64.523,-42.9254],[-64.5223,-42.9259],[-64.5218,-42.9264],[-64.5213,-42.9268],[-64.521,-42.9271],[-64.5199,-42.9277],[-64.5194,-42.9279],[-64.5188,-42.9282],[-64.518,-42.9287],[-64.5167,-42.9293],[-64.5159,-42.93],[-64.5152,-42.9308],[-64.5143,-42.9313],[-64.5133,-42.9318],[-64.5119,-42.9324],[-64.5101,-42.9335],[-64.5094,-42.934],[-64.5093,-42.9342],[-64.5093,-42.9343],[-64.509,-42.9347],[-64.5088,-42.935],[-64.508,-42.9355],[-64.508,-42.9355],[-64.5073,-42.9362],[-64.5065,-42.9369],[-64.5055,-42.9377],[-64.505,-42.9382],[-64.505,-42.9384],[-64.5044,-42.9391],[-64.5029,-42.9407],[-64.5019,-42.9415],[-64.5013,-42.9418],[-64.5015,-42.9421],[-64.5015,-42.9423],[-64.5018,-42.9426],[-64.5021,-42.9431],[-64.5021,-42.9432],[-64.502,-42.9435],[-64.5015,-42.9442],[-64.5011,-42.9449],[-64.5003,-42.9452],[-64.4995,-42.9458],[-64.4987,-42.9462],[-64.4981,-42.9466],[-64.4963,-42.9474],[-64.494,-42.9483],[-64.4917,-42.9488],[-64.4889,-42.9494],[-64.4848,-42.9499],[-64.4818,-42.9501],[-64.4778,-42.9503],[-64.4746,-42.9504],[-64.4723,-42.9504],[-64.4697,-42.9505],[-64.4677,-42.9505],[-64.466,-42.9503],[-64.4651,-42.9502],[-64.465,-42.9502],[-64.4617,-42.9501],[-64.4592,-42.95],[-64.4574,-42.95],[-64.4548,-42.9501],[-64.452,-42.9501],[-64.4515,-42.9501],[-64.4494,-42.9501],[-64.447,-42.95],[-64.4463,-42.95],[-64.4452,-42.95],[-64.444,-42.9499],[-64.4431,-42.9499],[-64.4423,-42.9498],[-64.4417,-42.9499],[-64.441,-42.9501],[-64.4405,-42.95],[-64.4395,-42.9501],[-64.4385,-42.95],[-64.4378,-42.9502],[-64.4368,-42.9505],[-64.436,-42.9505],[-64.4355,-42.9506],[-64.4346,-42.9507],[-64.4344,-42.9507],[-64.4335,-42.9506],[-64.4333,-42.9506],[-64.4331,-42.9508],[-64.433,-42.951],[-64.433,-42.951],[-64.4327,-42.9512],[-64.4325,-42.9513],[-64.4322,-42.9515],[-64.4319,-42.9518],[-64.4312,-42.952],[-64.4304,-42.9522],[-64.4301,-42.9523],[-64.43,-42.9523],[-64.4296,-42.9524],[-64.4292,-42.9526],[-64.4289,-42.9528],[-64.428,-42.9532],[-64.427,-42.9535],[-64.427,-42.9535],[-64.4264,-42.9537],[-64.4257,-42.954],[-64.4257,-42.954],[-64.4257,-42.954],[-64.425,-42.9541],[-64.4246,-42.9542],[-64.4242,-42.9545],[-64.4241,-42.9545],[-64.4233,-42.9549],[-64.4224,-42.9551],[-64.4203,-42.9553],[-64.418,-42.9552],[-64.4162,-42.9553],[-64.4146,-42.9554],[-64.4136,-42.9555],[-64.4134,-42.9558],[-64.4141,-42.9559],[-64.4147,-42.956],[-64.4151,-42.9563],[-64.4147,-42.9567],[-64.4137,-42.9566],[-64.4129,-42.9567],[-64.4119,-42.9569],[-64.4109,-42.9569],[-64.4101,-42.9569],[-64.4096,-42.957],[-64.409,-42.9569],[-64.4083,-42.9566],[-64.4074,-42.9563],[-64.4061,-42.9561],[-64.4045,-42.9562],[-64.4038,-42.9562],[-64.4026,-42.9567],[-64.4018,-42.9576],[-64.401,-42.958],[-64.3996,-42.9586],[-64.3981,-42.9593],[-64.3968,-42.9596],[-64.3932,-42.9591],[-64.3881,-42.9582],[-64.3854,-42.9574],[-64.3832,-42.9569],[-64.381,-42.9562],[-64.3781,-42.955],[-64.3753,-42.9542],[-64.3732,-42.9539],[-64.3701,-42.9535],[-64.3682,-42.9531],[-64.3659,-42.952],[-64.3633,-42.9508],[-64.3612,-42.9498],[-64.3555,-42.9473],[-64.3522,-42.9459],[-64.3486,-42.9446],[-64.3443,-42.9424],[-64.3412,-42.9405],[-64.3399,-42.9394],[-64.3388,-42.9391],[-64.3375,-42.9382],[-64.3367,-42.9371],[-64.3364,-42.9367],[-64.336,-42.9362],[-64.3352,-42.9357],[-64.3336,-42.9356],[-64.3317,-42.9358],[-64.3316,-42.9358],[-64.3303,-42.9359],[-64.3297,-42.9363],[-64.3295,-42.9366],[-64.3294,-42.937],[-64.3288,-42.9379],[-64.3282,-42.9391],[-64.3279,-42.9405],[-64.3277,-42.941],[-64.3275,-42.9417],[-64.3267,-42.9426],[-64.3259,-42.9433],[-64.3254,-42.9439],[-64.3251,-42.9444],[-64.3244,-42.9453],[-64.3236,-42.947],[-64.3231,-42.9479],[-64.3231,-42.948],[-64.3222,-42.9496],[-64.3219,-42.9512],[-64.3218,-42.9525],[-64.3214,-42.9535],[-64.3213,-42.9539],[-64.321,-42.9546],[-64.3209,-42.9554],[-64.3205,-42.9567],[-64.3199,-42.9587],[-64.3195,-42.96],[-64.3186,-42.9618],[-64.3177,-42.9631],[-64.3172,-42.9641],[-64.3165,-42.9649],[-64.3154,-42.9662],[-64.3144,-42.9668],[-64.3135,-42.9671],[-64.3124,-42.9676],[-64.3115,-42.9682],[-64.3109,-42.9688],[-64.3098,-42.9698],[-64.3093,-42.9702],[-64.3086,-42.9708],[-64.3084,-42.9714],[-64.3083,-42.9721],[-64.3082,-42.973],[-64.3084,-42.974],[-64.3085,-42.9749],[-64.3085,-42.9759],[-64.3083,-42.9771],[-64.308,-42.978],[-64.3077,-42.9786],[-64.3077,-42.9792],[-64.3083,-42.9796],[-64.3088,-42.9802],[-64.309,-42.9806],[-64.3095,-42.9814],[-64.3096,-42.9821],[-64.3098,-42.9826],[-64.31,-42.983],[-64.3107,-42.9833],[-64.3112,-42.9837],[-64.3112,-42.9837],[-64.3112,-42.9837],[-64.3115,-42.984],[-64.312,-42.9847],[-64.3124,-42.9851],[-64.3131,-42.9857],[-64.3133,-42.9858],[-64.3139,-42.9859],[-64.3141,-42.9859],[-64.3151,-42.986],[-64.3165,-42.9861],[-64.3179,-42.9864],[-64.3188,-42.9868],[-64.3197,-42.9873],[-64.3204,-42.9878],[-64.321,-42.9881],[-64.3219,-42.9887],[-64.3226,-42.9893],[-64.3232,-42.9901],[-64.3241,-42.991],[-64.3244,-42.9915],[-64.325,-42.9925],[-64.3252,-42.9931],[-64.3254,-42.9939],[-64.3253,-42.9949],[-64.3251,-42.996],[-64.3248,-42.9965],[-64.3248,-42.9971],[-64.3249,-42.9973],[-64.325,-42.9974],[-64.3251,-42.9978],[-64.3251,-42.998],[-64.3255,-42.9984],[-64.3262,-42.9989],[-64.3267,-42.9994],[-64.3272,-42.9998],[-64.3275,-43.0003],[-64.3281,-43.001],[-64.3287,-43.0015],[-64.3293,-43.0019],[-64.3301,-43.0024],[-64.3306,-43.0027],[-64.3312,-43.0031],[-64.3318,-43.0033],[-64.3329,-43.0036],[-64.3339,-43.0038],[-64.336,-43.0041],[-64.3377,-43.0043],[-64.3387,-43.0044],[-64.3389,-43.0044],[-64.3398,-43.0049],[-64.3419,-43.0059],[-64.3433,-43.0065],[-64.3434,-43.0065],[-64.3449,-43.0071],[-64.3458,-43.0074],[-64.3466,-43.0077],[-64.3481,-43.0083],[-64.349,-43.0085],[-64.3508,-43.0091],[-64.3514,-43.0093],[-64.3523,-43.0095],[-64.3536,-43.0098],[-64.3559,-43.0103],[-64.356,-43.0103],[-64.36,-43.0116],[-64.3602,-43.0117],[-64.3611,-43.012],[-64.362,-43.0121],[-64.3639,-43.0129],[-64.3661,-43.0136],[-64.3679,-43.0142],[-64.3692,-43.0146],[-64.3694,-43.0147],[-64.37,-43.0149],[-64.3714,-43.0153],[-64.3722,-43.0158],[-64.3724,-43.0159],[-64.3731,-43.0161],[-64.3734,-43.0162],[-64.3745,-43.0168],[-64.3757,-43.0173],[-64.3776,-43.0182],[-64.3789,-43.0184],[-64.3795,-43.0185],[-64.3803,-43.0188],[-64.3806,-43.0193],[-64.3822,-43.0198],[-64.3841,-43.0205],[-64.3861,-43.0212],[-64.388,-43.0221],[-64.3892,-43.0231],[-64.3901,-43.0244],[-64.3904,-43.0252],[-64.3906,-43.0257],[-64.3908,-43.0259],[-64.391,-43.0261],[-64.392,-43.0264],[-64.3935,-43.027],[-64.3945,-43.0274],[-64.396,-43.0277],[-64.3973,-43.0279],[-64.3989,-43.0282],[-64.4002,-43.0286],[-64.4018,-43.029],[-64.404,-43.0298],[-64.4053,-43.0303],[-64.407,-43.0311],[-64.4087,-43.0319],[-64.4101,-43.0325],[-64.411,-43.0329],[-64.4118,-43.0333],[-64.4131,-43.0339],[-64.4144,-43.0348],[-64.4161,-43.0359],[-64.4162,-43.036],[-64.4171,-43.0367],[-64.4179,-43.0371],[-64.4194,-43.0376],[-64.4204,-43.038],[-64.4212,-43.0386],[-64.4218,-43.0389],[-64.4226,-43.0392],[-64.4242,-43.0401],[-64.4254,-43.041],[-64.4258,-43.0412],[-64.427,-43.042],[-64.4287,-43.0432],[-64.4301,-43.0442],[-64.431,-43.0448],[-64.4321,-43.0455],[-64.4324,-43.0458],[-64.4331,-43.0464],[-64.4341,-43.0472],[-64.435,-43.048],[-64.436,-43.0485],[-64.4365,-43.0489],[-64.4381,-43.0497],[-64.4397,-43.0506],[-64.441,-43.0516],[-64.4422,-43.0525],[-64.4435,-43.0537],[-64.4447,-43.055],[-64.4457,-43.0557],[-64.4457,-43.0558],[-64.4458,-43.0558],[-64.4466,-43.0563],[-64.448,-43.0571],[-64.45,-43.0579],[-64.4512,-43.0584],[-64.4521,-43.0592],[-64.4522,-43.0593],[-64.4529,-43.0597],[-64.4533,-43.0602],[-64.4545,-43.0608],[-64.456,-43.0619],[-64.4572,-43.0627],[-64.4577,-43.0632],[-64.4577,-43.0633],[-64.4581,-43.0636],[-64.4585,-43.0641],[-64.459,-43.0645],[-64.4596,-43.0646],[-64.4612,-43.0648],[-64.4624,-43.0649],[-64.4624,-43.0649],[-64.4624,-43.0649],[-64.4624,-43.0649],[-64.463,-43.0649],[-64.4636,-43.065],[-64.4643,-43.0651],[-64.4656,-43.0654],[-64.4664,-43.0657],[-64.4669,-43.0658],[-64.4684,-43.0669],[-64.4694,-43.0677],[-64.4701,-43.0681],[-64.4714,-43.0688],[-64.4721,-43.0691],[-64.4731,-43.0694],[-64.4742,-43.0694],[-64.4759,-43.0693],[-64.4777,-43.0694],[-64.4795,-43.0695],[-64.4808,-43.0696],[-64.4824,-43.0699],[-64.4853,-43.0708],[-64.4872,-43.0714],[-64.4884,-43.0717],[-64.4897,-43.0721],[-64.4922,-43.0728],[-64.4948,-43.0736],[-64.4956,-43.0739],[-64.497,-43.0744],[-64.4983,-43.0747],[-64.5001,-43.0755],[-64.501,-43.0759],[-64.5024,-43.0762],[-64.5047,-43.0769],[-64.5065,-43.0777],[-64.5071,-43.0778],[-64.5085,-43.078],[-64.5094,-43.0784],[-64.5105,-43.0787],[-64.5117,-43.0792],[-64.5132,-43.0798],[-64.5156,-43.0806],[-64.5172,-43.081],[-64.5183,-43.0814],[-64.52,-43.082],[-64.522,-43.0827],[-64.523,-43.0831],[-64.5253,-43.0838],[-64.5266,-43.0843],[-64.5287,-43.085],[-64.5298,-43.0855],[-64.5313,-43.086],[-64.5324,-43.0863],[-64.534,-43.087],[-64.5355,-43.0874],[-64.5368,-43.0879],[-64.5383,-43.0884],[-64.5396,-43.0888],[-64.541,-43.0892],[-64.5418,-43.0895],[-64.5433,-43.09],[-64.5448,-43.0905],[-64.5464,-43.0911],[-64.5481,-43.0916],[-64.5494,-43.0921],[-64.5504,-43.0925],[-64.5522,-43.0931],[-64.5535,-43.0933],[-64.5541,-43.0934],[-64.5548,-43.0934],[-64.5555,-43.0934],[-64.5572,-43.0937],[-64.5577,-43.0936],[-64.558,-43.0939],[-64.5595,-43.0942],[-64.5611,-43.0943],[-64.5615,-43.0944],[-64.5619,-43.0945],[-64.5624,-43.0946],[-64.5631,-43.0948],[-64.5639,-43.095],[-64.5646,-43.0955],[-64.5651,-43.0956],[-64.5658,-43.0957],[-64.5667,-43.096],[-64.5684,-43.0963],[-64.5692,-43.0966],[-64.5708,-43.0969],[-64.5714,-43.0971],[-64.5723,-43.0974],[-64.5732,-43.0975],[-64.5743,-43.098],[-64.575,-43.0981],[-64.5764,-43.0985],[-64.5774,-43.0987],[-64.5784,-43.0989],[-64.5808,-43.0998],[-64.5817,-43.1001],[-64.5825,-43.1004],[-64.5838,-43.1007],[-64.5848,-43.1011],[-64.5857,-43.1013],[-64.5863,-43.1015],[-64.5868,-43.1018],[-64.588,-43.1022],[-64.5888,-43.1024],[-64.5892,-43.1024],[-64.5898,-43.1025],[-64.5903,-43.1027],[-64.5912,-43.1029],[-64.5921,-43.1032],[-64.5934,-43.1035],[-64.5954,-43.1041],[-64.5963,-43.1043],[-64.5974,-43.1047],[-64.5983,-43.105],[-64.5999,-43.1054],[-64.6013,-43.1057],[-64.6032,-43.106],[-64.6054,-43.1066],[-64.6074,-43.1071],[-64.6095,-43.1076],[-64.6117,-43.108],[-64.6145,-43.1087],[-64.6158,-43.1091],[-64.618,-43.1096],[-64.6197,-43.1101],[-64.6208,-43.1104],[-64.6211,-43.1103],[-64.6217,-43.1104],[-64.6227,-43.1106],[-64.6234,-43.1107],[-64.6241,-43.1109],[-64.625,-43.1111],[-64.6255,-43.111],[-64.6261,-43.1113],[-64.6269,-43.1114],[-64.6273,-43.1116],[-64.628,-43.1117],[-64.6289,-43.112],[-64.6291,-43.1121],[-64.6299,-43.1123],[-64.6308,-43.1124],[-64.631,-43.1125],[-64.6316,-43.1126],[-64.6321,-43.1127],[-64.6329,-43.1128],[-64.6338,-43.1131],[-64.6348,-43.1132],[-64.6358,-43.1134],[-64.6361,-43.1135],[-64.6369,-43.1137],[-64.6376,-43.1139],[-64.6388,-43.1142],[-64.64,-43.1145],[-64.6415,-43.1148],[-64.6437,-43.1155],[-64.6447,-43.1155],[-64.6457,-43.1159],[-64.6465,-43.1161],[-64.6477,-43.1163],[-64.6495,-43.1169],[-64.6509,-43.1173],[-64.6524,-43.1176],[-64.6544,-43.1181],[-64.6557,-43.1184],[-64.6563,-43.1185],[-64.6567,-43.1187],[-64.6571,-43.1187],[-64.658,-43.1189],[-64.6587,-43.1191],[-64.6592,-43.1193],[-64.6603,-43.1198],[-64.6616,-43.1201],[-64.6622,-43.1203],[-64.663,-43.1205],[-64.6635,-43.1206],[-64.664,-43.1207],[-64.6645,-43.1208],[-64.665,-43.121],[-64.6658,-43.1211],[-64.6664,-43.1212],[-64.6674,-43.1214],[-64.6682,-43.1219],[-64.6692,-43.1221],[-64.6697,-43.1222],[-64.6703,-43.1223],[-64.6707,-43.1224],[-64.6714,-43.1226],[-64.6723,-43.1227],[-64.673,-43.123],[-64.6737,-43.1232],[-64.6745,-43.1234],[-64.675,-43.1236],[-64.6755,-43.1238],[-64.6757,-43.124],[-64.6761,-43.124],[-64.6764,-43.1241],[-64.6772,-43.1242],[-64.6796,-43.1248],[-64.6806,-43.1252],[-64.6826,-43.1257],[-64.6838,-43.1261],[-64.6853,-43.1266],[-64.687,-43.1271],[-64.689,-43.1278],[-64.691,-43.1285],[-64.6937,-43.1294],[-64.6968,-43.1306],[-64.6996,-43.1314],[-64.7017,-43.1322],[-64.7035,-43.1327],[-64.7052,-43.1332],[-64.7064,-43.1337],[-64.7082,-43.1343],[-64.7098,-43.135],[-64.7119,-43.1357],[-64.7133,-43.1362],[-64.7153,-43.1369],[-64.7177,-43.1378],[-64.7193,-43.1383],[-64.7225,-43.1392],[-64.7237,-43.1397],[-64.7247,-43.14],[-64.7258,-43.1406],[-64.7273,-43.1411],[-64.7283,-43.1413],[-64.7294,-43.1414],[-64.7314,-43.1419],[-64.7326,-43.1423],[-64.7336,-43.1427],[-64.7348,-43.143],[-64.7363,-43.1435],[-64.7388,-43.1446],[-64.7408,-43.1454],[-64.7425,-43.1462],[-64.7436,-43.1465],[-64.744,-43.1465],[-64.7444,-43.1467],[-64.7453,-43.147],[-64.747,-43.1475],[-64.7483,-43.148],[-64.7506,-43.1485],[-64.7526,-43.149],[-64.7548,-43.1497],[-64.757,-43.1504],[-64.7576,-43.1506],[-64.7593,-43.1513],[-64.761,-43.1519],[-64.7647,-43.1533],[-64.7685,-43.155],[-64.7716,-43.1561],[-64.7746,-43.1574],[-64.7777,-43.1585],[-64.7817,-43.1599],[-64.785,-43.1613],[-64.7874,-43.1623],[-64.7901,-43.1634],[-64.7915,-43.164],[-64.7941,-43.1651],[-64.7961,-43.1657],[-64.7985,-43.1668],[-64.8009,-43.1677],[-64.8028,-43.1687],[-64.8065,-43.1702],[-64.8086,-43.1711],[-64.8147,-43.1738],[-64.8206,-43.1764],[-64.8253,-43.1784],[-64.83,-43.1808],[-64.832,-43.1817],[-64.8329,-43.1822],[-64.8339,-43.1826],[-64.8387,-43.1844],[-64.8403,-43.1853],[-64.8449,-43.1869],[-64.846,-43.1875],[-64.8475,-43.188],[-64.8496,-43.1889],[-64.8514,-43.1897],[-64.8537,-43.1908],[-64.8572,-43.1924],[-64.8606,-43.1938],[-64.8636,-43.1954],[-64.8653,-43.1961],[-64.8657,-43.1966],[-64.8663,-43.1966],[-64.867,-43.197],[-64.8689,-43.1977],[-64.8704,-43.1986],[-64.8722,-43.1992],[-64.8741,-43.2002],[-64.8753,-43.2007],[-64.8764,-43.2011],[-64.8768,-43.2016],[-64.8777,-43.2019],[-64.8797,-43.2027],[-64.8806,-43.2031],[-64.8812,-43.2036],[-64.8819,-43.2039],[-64.8826,-43.2041],[-64.8838,-43.2046],[-64.8848,-43.2051],[-64.8865,-43.206],[-64.8881,-43.2068],[-64.8892,-43.2073],[-64.8895,-43.2076],[-64.8902,-43.2079],[-64.8918,-43.2087],[-64.8934,-43.2097],[-64.896,-43.2112],[-64.8969,-43.2116],[-64.8983,-43.2123],[-64.901,-43.2138],[-64.9021,-43.2145],[-64.9037,-43.2153],[-64.9053,-43.2162],[-64.9064,-43.2168],[-64.9079,-43.2176],[-64.9094,-43.2184],[-64.9099,-43.2188],[-64.9118,-43.2197],[-64.9152,-43.2215],[-64.9184,-43.2231],[-64.9208,-43.2244],[-64.9216,-43.2249],[-64.9223,-43.2252],[-64.9247,-43.2266],[-64.9266,-43.2277],[-64.9279,-43.2282],[-64.9292,-43.2291],[-64.9308,-43.23],[-64.9316,-43.2306],[-64.9323,-43.231],[-64.9333,-43.2314],[-64.9348,-43.2322],[-64.9354,-43.2326],[-64.9373,-43.2336],[-64.9395,-43.2347],[-64.9416,-43.2358],[-64.9425,-43.2365],[-64.9439,-43.2373],[-64.945,-43.2378],[-64.9475,-43.2392],[-64.9497,-43.2404],[-64.9512,-43.2412],[-64.9522,-43.2418],[-64.9546,-43.2431],[-64.9562,-43.244],[-64.9583,-43.2454],[-64.961,-43.2472],[-64.9627,-43.2484],[-64.9645,-43.2491],[-64.9659,-43.2498],[-64.9674,-43.2508],[-64.9691,-43.2517],[-64.9709,-43.2523],[-64.9735,-43.2533],[-64.9744,-43.2539],[-64.9763,-43.255],[-64.9768,-43.2554],[-64.9779,-43.257],[-64.9801,-43.2584],[-64.9829,-43.2603],[-64.986,-43.2624],[-64.989,-43.2645],[-64.993,-43.2675],[-64.9958,-43.2698],[-64.9993,-43.273],[-65.0017,-43.2751],[-65.0032,-43.2766],[-65.0049,-43.2784],[-65.0079,-43.2815],[-65.0099,-43.284],[-65.0117,-43.2858],[-65.0138,-43.2878],[-65.0161,-43.2902],[-65.0184,-43.2929],[-65.0218,-43.2964],[-65.0249,-43.2996],[-65.027,-43.3021],[-65.0291,-43.3041],[-65.0308,-43.3057],[-65.0325,-43.3072],[-65.0346,-43.3091],[-65.0363,-43.3108],[-65.0382,-43.3125],[-65.0403,-43.3145],[-65.0416,-43.3158],[-65.0442,-43.3189],[-65.0461,-43.3215],[-65.048,-43.3244],[-65.0483,-43.3249],[-65.049,-43.326],[-65.0498,-43.3274],[-65.0503,-43.3283],[-65.0507,-43.3294],[-65.0513,-43.3309],[-65.0518,-43.332],[-65.052,-43.3322],[-65.0525,-43.3332],[-65.0527,-43.334],[-65.0531,-43.3351],[-65.0535,-43.3359],[-65.0537,-43.3367],[-65.0539,-43.3373],[-65.0541,-43.3379],[-65.0543,-43.3387],[-65.0543,-43.3387],[-65.0545,-43.3393],[-65.0546,-43.3399],[-65.0548,-43.3409],[-65.0564,-43.3422],[-65.0562,-43.343],[-65.0547,-43.3437],[-65.0547,-43.3437],[-65.0547,-43.3439],[-65.0548,-43.344],[-65.0556,-43.3442],[-65.0561,-43.3451],[-65.056,-43.3467],[-65.0558,-43.3482],[-65.056,-43.3497],[-65.0558,-43.3515],[-65.0554,-43.353],[-65.0545,-43.354],[-65.0533,-43.3554],[-65.0522,-43.3564],[-65.0512,-43.3579],[-65.0509,-43.3587],[-65.0501,-43.3602],[-65.0483,-43.3619],[-65.0475,-43.3627],[-65.0471,-43.3637],[-65.0471,-43.3639],[-65.047,-43.3641],[-65.0469,-43.365],[-65.0469,-43.3662],[-65.0471,-43.3675],[-65.0467,-43.3688],[-65.0458,-43.3713],[-65.0456,-43.3716],[-65.0454,-43.372],[-65.0454,-43.3726],[-65.0454,-43.3726],[-65.046,-43.3734],[-65.0465,-43.3753],[-65.0466,-43.3754],[-65.0467,-43.3768],[-65.0466,-43.3783],[-65.0462,-43.3794],[-65.0455,-43.3801],[-65.0441,-43.3804],[-65.0435,-43.3811],[-65.0435,-43.3815],[-65.0437,-43.3824],[-65.0442,-43.3838],[-65.0449,-43.3849],[-65.0456,-43.3862],[-65.0464,-43.3872],[-65.0473,-43.3885],[-65.0487,-43.3909],[-65.0498,-43.3935],[-65.0506,-43.3949],[-65.0513,-43.3969],[-65.0518,-43.398],[-65.0522,-43.4002],[-65.0522,-43.4015],[-65.0526,-43.4026],[-65.0531,-43.403],[-65.0542,-43.4038],[-65.0553,-43.4043],[-65.0566,-43.4051],[-65.0577,-43.4058],[-65.0585,-43.4067],[-65.0585,-43.4068],[-65.0586,-43.4068],[-65.0597,-43.4077],[-65.0607,-43.4086],[-65.0616,-43.4094],[-65.0626,-43.41],[-65.0641,-43.4108],[-65.0656,-43.4114],[-65.0681,-43.4132],[-65.0697,-43.4141],[-65.0717,-43.4153],[-65.074,-43.4169],[-65.076,-43.4183],[-65.0773,-43.4192],[-65.078,-43.4197],[-65.0787,-43.4204],[-65.0793,-43.4211],[-65.08,-43.4214],[-65.0801,-43.4215],[-65.0813,-43.4224],[-65.0813,-43.4225],[-65.0818,-43.4231],[-65.0823,-43.4235],[-65.0833,-43.4239],[-65.084,-43.4243],[-65.0848,-43.4246],[-65.0864,-43.4254],[-65.0872,-43.4259],[-65.0882,-43.4268],[-65.0892,-43.4276],[-65.0897,-43.4283],[-65.0902,-43.4289],[-65.0904,-43.4299],[-65.0905,-43.4302],[-65.0908,-43.4308],[-65.0908,-43.4308],[-65.0917,-43.4316],[-65.0929,-43.4325],[-65.0941,-43.4332],[-65.0948,-43.4338],[-65.0957,-43.4346],[-65.0968,-43.4351],[-65.098,-43.436],[-65.0992,-43.4367],[-65.1004,-43.4374],[-65.1019,-43.4384],[-65.1031,-43.4393],[-65.1049,-43.4406],[-65.1061,-43.4414],[-65.1074,-43.4422],[-65.1088,-43.443],[-65.1099,-43.4437],[-65.1105,-43.4442],[-65.1111,-43.4447],[-65.1121,-43.4453],[-65.1136,-43.4463],[-65.1147,-43.4471],[-65.116,-43.4483],[-65.1175,-43.4496],[-65.1196,-43.4511],[-65.1208,-43.4521],[-65.1218,-43.4533],[-65.1243,-43.455],[-65.1253,-43.456],[-65.1259,-43.4565],[-65.1266,-43.4571],[-65.1286,-43.4586],[-65.1301,-43.4598],[-65.1314,-43.4611],[-65.1331,-43.4624],[-65.1347,-43.4638],[-65.1365,-43.4652],[-65.1376,-43.466],[-65.1386,-43.4669],[-65.1396,-43.4681],[-65.141,-43.4697],[-65.1424,-43.4709],[-65.1435,-43.4718],[-65.1443,-43.4726],[-65.1452,-43.4733],[-65.1466,-43.4748],[-65.1477,-43.4758],[-65.1485,-43.4771],[-65.1492,-43.4779],[-65.1499,-43.4786],[-65.1507,-43.4794],[-65.1516,-43.4803],[-65.1524,-43.4814],[-65.1527,-43.4823],[-65.1531,-43.4829],[-65.1536,-43.4838],[-65.154,-43.4846],[-65.1547,-43.4851],[-65.1551,-43.4854],[-65.1555,-43.4857],[-65.1561,-43.4861],[-65.1564,-43.4861],[-65.157,-43.4865],[-65.1575,-43.4871],[-65.1584,-43.4877],[-65.1593,-43.4888],[-65.1599,-43.4894],[-65.1605,-43.4899],[-65.1613,-43.4908],[-65.1621,-43.4918],[-65.1625,-43.4922],[-65.1629,-43.4927],[-65.1636,-43.4935],[-65.1642,-43.4939],[-65.165,-43.4949],[-65.1654,-43.495],[-65.1653,-43.4954],[-65.1655,-43.4956],[-65.1657,-43.4963],[-65.1661,-43.4967],[-65.1665,-43.4974],[-65.1674,-43.4982],[-65.1677,-43.4989],[-65.168,-43.4994],[-65.1682,-43.4999],[-65.1685,-43.5004],[-65.1687,-43.5007],[-65.1689,-43.501],[-65.1694,-43.5016],[-65.1701,-43.5023],[-65.1708,-43.5027],[-65.1714,-43.5031],[-65.1719,-43.5033],[-65.1726,-43.5037],[-65.173,-43.5043],[-65.1735,-43.5047],[-65.174,-43.5054],[-65.174,-43.5059],[-65.174,-43.5061],[-65.1742,-43.5062],[-65.1743,-43.5064],[-65.1746,-43.5069],[-65.1751,-43.5074],[-65.1751,-43.5079],[-65.1754,-43.5082],[-65.1757,-43.5088],[-65.1757,-43.5097],[-65.1756,-43.5102],[-65.1756,-43.5109],[-65.1757,-43.5114],[-65.1755,-43.5116],[-65.1757,-43.5123],[-65.1762,-43.5127],[-65.177,-43.5134],[-65.1775,-43.5139],[-65.1778,-43.5143],[-65.178,-43.5145],[-65.1782,-43.515],[-65.1782,-43.5155],[-65.1784,-43.5159],[-65.1785,-43.5163],[-65.1785,-43.517],[-65.1786,-43.5176],[-65.1789,-43.5183],[-65.1793,-43.5187],[-65.1801,-43.5193],[-65.1806,-43.5196],[-65.1812,-43.5204],[-65.1817,-43.5212],[-65.1822,-43.522],[-65.183,-43.523],[-65.1835,-43.5237],[-65.1842,-43.5242],[-65.185,-43.5247],[-65.1855,-43.5251],[-65.1858,-43.5253],[-65.186,-43.5255],[-65.1865,-43.526],[-65.1873,-43.5264],[-65.1875,-43.5264],[-65.1881,-43.5265],[-65.1887,-43.5268],[-65.1888,-43.5268],[-65.1891,-43.527],[-65.1898,-43.5274],[-65.1906,-43.528],[-65.1907,-43.5281],[-65.1912,-43.5284],[-65.1917,-43.529],[-65.1921,-43.5299],[-65.1923,-43.5305],[-65.1927,-43.5312],[-65.1931,-43.5319],[-65.1936,-43.5325],[-65.1937,-43.5327],[-65.194,-43.5332],[-65.194,-43.5332],[-65.1943,-43.5336],[-65.1946,-43.5342],[-65.1945,-43.5349],[-65.1944,-43.5355],[-65.1942,-43.5364],[-65.194,-43.5369],[-65.1941,-43.5377],[-65.1939,-43.5386],[-65.1939,-43.539],[-65.1938,-43.5395],[-65.194,-43.5399],[-65.1945,-43.54],[-65.195,-43.5403],[-65.196,-43.5408],[-65.1964,-43.5409],[-65.1969,-43.5411],[-65.1973,-43.5415],[-65.1978,-43.5417],[-65.1982,-43.5419],[-65.1986,-43.542],[-65.1991,-43.5426],[-65.1997,-43.5428],[-65.2003,-43.5432],[-65.2009,-43.5433],[-65.201,-43.5433],[-65.2014,-43.5435],[-65.202,-43.5435],[-65.2021,-43.5435],[-65.2029,-43.5433],[-65.2033,-43.5435],[-65.2033,-43.5436],[-65.2034,-43.5435],[-65.2038,-43.5434],[-65.2042,-43.5433],[-65.2046,-43.5433],[-65.205,-43.5434],[-65.2053,-43.5436],[-65.2055,-43.5437],[-65.2057,-43.5438],[-65.2067,-43.5444],[-65.2066,-43.5448],[-65.2065,-43.545],[-65.2065,-43.5452],[-65.2064,-43.5452],[-65.2065,-43.5455],[-65.2066,-43.5455],[-65.2069,-43.5457],[-65.2072,-43.5455],[-65.2073,-43.5456],[-65.2076,-43.5456],[-65.2081,-43.5458],[-65.2084,-43.5461],[-65.2085,-43.5465],[-65.2087,-43.5466],[-65.2091,-43.5469],[-65.2094,-43.5472],[-65.2093,-43.5475],[-65.2094,-43.5477],[-65.2096,-43.5479],[-65.2099,-43.548],[-65.2099,-43.5481],[-65.2102,-43.5483],[-65.2104,-43.5485],[-65.2105,-43.5488],[-65.2106,-43.5491],[-65.2108,-43.5492],[-65.2113,-43.549],[-65.2117,-43.5491],[-65.2124,-43.5492],[-65.2134,-43.5496],[-65.2134,-43.5496],[-65.2141,-43.5499],[-65.2145,-43.5502],[-65.215,-43.5506],[-65.2152,-43.551],[-65.2155,-43.5511],[-65.2158,-43.5515],[-65.2164,-43.5519],[-65.2171,-43.5522],[-65.2177,-43.5526],[-65.2182,-43.553],[-65.2187,-43.5534],[-65.2191,-43.5538],[-65.22,-43.5541],[-65.2206,-43.5546],[-65.2214,-43.5548],[-65.2218,-43.5552],[-65.2226,-43.5556],[-65.2234,-43.556],[-65.2241,-43.5564],[-65.2248,-43.5563],[-65.2254,-43.556],[-65.2259,-43.5559],[-65.226,-43.5559],[-65.2267,-43.5557],[-65.2277,-43.5558],[-65.2287,-43.556],[-65.2294,-43.5562],[-65.2301,-43.5565],[-65.2306,-43.5567],[-65.2311,-43.5569],[-65.232,-43.5575],[-65.2325,-43.5579],[-65.2326,-43.5579],[-65.233,-43.5581],[-65.2335,-43.5584],[-65.2338,-43.5587],[-65.2344,-43.5591],[-65.2351,-43.5596],[-65.2358,-43.56],[-65.2363,-43.5603],[-65.2373,-43.5608],[-65.2379,-43.5612],[-65.2386,-43.5616],[-65.2395,-43.5622],[-65.2403,-43.5628],[-65.2411,-43.5632],[-65.2415,-43.5636],[-65.2422,-43.5641],[-65.2425,-43.5646],[-65.2431,-43.5651],[-65.2438,-43.5656],[-65.2445,-43.5662],[-65.2452,-43.5664],[-65.2458,-43.5667],[-65.2464,-43.567],[-65.2471,-43.5673],[-65.2476,-43.5675],[-65.2481,-43.5676],[-65.2487,-43.5679],[-65.2493,-43.568],[-65.2495,-43.5681],[-65.25,-43.5682],[-65.2507,-43.5685],[-65.2516,-43.5691],[-65.2524,-43.5696],[-65.2533,-43.5701],[-65.2541,-43.5707],[-65.2545,-43.571],[-65.2547,-43.5712],[-65.2561,-43.5725],[-65.2563,-43.5727],[-65.2565,-43.5729],[-65.2569,-43.5734],[-65.2571,-43.5735],[-65.2574,-43.5736],[-65.258,-43.5742],[-65.2586,-43.5749],[-65.2587,-43.5753],[-65.2588,-43.5754],[-65.2591,-43.5758],[-65.2598,-43.5764],[-65.26,-43.5766],[-65.2605,-43.5772],[-65.2609,-43.5776],[-65.2612,-43.5781],[-65.2613,-43.5789],[-65.2611,-43.5796],[-65.2609,-43.58],[-65.2607,-43.5804],[-65.2608,-43.5807],[-65.2614,-43.5813],[-65.262,-43.582],[-65.2624,-43.5824],[-65.2626,-43.5825],[-65.2632,-43.583],[-65.2641,-43.5837],[-65.2651,-43.5844],[-65.266,-43.585],[-65.267,-43.586],[-65.2675,-43.5865],[-65.2684,-43.5874],[-65.269,-43.5878],[-65.2698,-43.5886],[-65.2702,-43.5887],[-65.2713,-43.5892],[-65.2716,-43.5893],[-65.2719,-43.5894],[-65.2726,-43.5894],[-65.2727,-43.5893],[-65.2731,-43.5892],[-65.274,-43.5892],[-65.2747,-43.5894],[-65.2754,-43.5895],[-65.2755,-43.5896],[-65.2766,-43.59],[-65.2777,-43.5907],[-65.2783,-43.5913],[-65.2789,-43.5918],[-65.2791,-43.5922],[-65.2791,-43.5924],[-65.2793,-43.5926],[-65.2797,-43.5932],[-65.2797,-43.5932],[-65.2801,-43.5936],[-65.2806,-43.5939],[-65.2808,-43.5941],[-65.2817,-43.5946],[-65.2823,-43.5951],[-65.2827,-43.5955],[-65.2826,-43.5957],[-65.283,-43.5959],[-65.2834,-43.5962],[-65.2841,-43.5969],[-65.2847,-43.597],[-65.2856,-43.5976],[-65.2861,-43.5982],[-65.2866,-43.5989],[-65.2871,-43.5994],[-65.2874,-43.6002],[-65.2874,-43.6008],[-65.2871,-43.6017],[-65.2869,-43.602],[-65.2869,-43.6023],[-65.2869,-43.6025],[-65.2872,-43.6027],[-65.2872,-43.6027],[-65.2876,-43.603],[-65.2882,-43.6035],[-65.2886,-43.6039],[-65.2885,-43.6047],[-65.2883,-43.6049],[-65.2884,-43.6053],[-65.2889,-43.6059],[-65.2893,-43.6065],[-65.2897,-43.6073],[-65.2906,-43.6083],[-65.2915,-43.6095],[-65.2923,-43.6103],[-65.2925,-43.6107],[-65.2927,-43.611],[-65.2935,-43.6119],[-65.2939,-43.6123],[-65.2943,-43.6126],[-65.2953,-43.6137],[-65.2961,-43.6146],[-65.2968,-43.6153],[-65.2975,-43.6159],[-65.298,-43.6167],[-65.2985,-43.6172],[-65.299,-43.6178],[-65.2998,-43.6184],[-65.3003,-43.6192],[-65.3012,-43.6201],[-65.3018,-43.6205],[-65.3024,-43.6208],[-65.3027,-43.6212],[-65.3031,-43.6215],[-65.3037,-43.6218],[-65.304,-43.6221],[-65.3045,-43.6226],[-65.305,-43.6232],[-65.305,-43.6232],[-65.3055,-43.6237],[-65.3059,-43.6238],[-65.3064,-43.624],[-65.3072,-43.6245],[-65.3077,-43.6253],[-65.3078,-43.6261],[-65.3079,-43.6268],[-65.3081,-43.6272],[-65.3087,-43.6277],[-65.3095,-43.6285],[-65.3102,-43.629],[-65.311,-43.63],[-65.3115,-43.6305],[-65.3122,-43.6308],[-65.3129,-43.631],[-65.3139,-43.6313],[-65.3147,-43.6321],[-65.3157,-43.6334],[-65.3159,-43.6344],[-65.3163,-43.6352],[-65.3164,-43.6359],[-65.3164,-43.6365],[-65.3161,-43.6372],[-65.3159,-43.6378],[-65.3159,-43.6384],[-65.3157,-43.6388],[-65.3154,-43.6391],[-65.3151,-43.6392],[-65.3151,-43.6396],[-65.3157,-43.6402],[-65.3161,-43.641],[-65.3169,-43.6417],[-65.3177,-43.6427],[-65.3183,-43.6433],[-65.3189,-43.6441],[-65.3195,-43.6443],[-65.3202,-43.6445],[-65.3213,-43.6449],[-65.3214,-43.645],[-65.3219,-43.6455],[-65.3221,-43.6457],[-65.3229,-43.6469],[-65.3232,-43.6476],[-65.3232,-43.6482],[-65.3232,-43.6488],[-65.3235,-43.6491],[-65.3243,-43.6492],[-65.3252,-43.6496],[-65.3257,-43.6502],[-65.3258,-43.6507],[-65.3258,-43.6513],[-65.3256,-43.6518],[-65.3253,-43.652],[-65.3252,-43.6523],[-65.3258,-43.6528],[-65.3261,-43.6531],[-65.3265,-43.6535],[-65.3272,-43.6537],[-65.3274,-43.6538],[-65.3285,-43.654],[-65.3296,-43.6545],[-65.3305,-43.6554],[-65.3315,-43.656],[-65.3322,-43.6568],[-65.3329,-43.6575],[-65.3337,-43.6592],[-65.3341,-43.66],[-65.3344,-43.661],[-65.3348,-43.6616],[-65.3351,-43.6622],[-65.3354,-43.6633],[-65.3357,-43.6643],[-65.3357,-43.6644],[-65.3361,-43.665],[-65.3369,-43.6658],[-65.3376,-43.6667],[-65.3381,-43.6674],[-65.3385,-43.6684],[-65.3387,-43.6697],[-65.3388,-43.6704],[-65.3389,-43.6713],[-65.3393,-43.6718],[-65.3405,-43.6734],[-65.3407,-43.6737],[-65.3411,-43.6745],[-65.3411,-43.6746],[-65.3416,-43.6761],[-65.3417,-43.6768],[-65.3416,-43.6778],[-65.3412,-43.6784],[-65.3405,-43.679],[-65.3401,-43.6792],[-65.3394,-43.6795],[-65.3396,-43.6804],[-65.3398,-43.6817],[-65.3402,-43.6825],[-65.3404,-43.683],[-65.3406,-43.6836],[-65.3408,-43.6843],[-65.3411,-43.6851],[-65.3415,-43.686],[-65.3416,-43.6864],[-65.342,-43.6873],[-65.3422,-43.6878],[-65.3422,-43.6882],[-65.3423,-43.6889],[-65.3424,-43.6895],[-65.3426,-43.6901],[-65.3428,-43.6915],[-65.3428,-43.692],[-65.3429,-43.6925],[-65.3428,-43.693],[-65.3429,-43.6936],[-65.343,-43.6941],[-65.3431,-43.6947],[-65.3432,-43.6953],[-65.3433,-43.6957],[-65.3434,-43.6964],[-65.3435,-43.6971],[-65.3435,-43.6976],[-65.3437,-43.6983],[-65.3437,-43.6988],[-65.3437,-43.6999],[-65.3439,-43.7007],[-65.3439,-43.7013],[-65.3439,-43.7022],[-65.3442,-43.7032],[-65.3446,-43.7043],[-65.3449,-43.705],[-65.3452,-43.7057],[-65.3453,-43.706],[-65.3453,-43.7063],[-65.3453,-43.7066],[-65.3454,-43.7069],[-65.3454,-43.7069],[-65.3456,-43.7073],[-65.3458,-43.7075],[-65.3461,-43.7076],[-65.3465,-43.7079],[-65.3466,-43.7079],[-65.3467,-43.708],[-65.3468,-43.7081],[-65.347,-43.7082],[-65.3473,-43.7087],[-65.3474,-43.709],[-65.3475,-43.7092],[-65.3475,-43.7094],[-65.3477,-43.7098],[-65.3479,-43.71],[-65.3479,-43.7105],[-65.3479,-43.7109],[-65.348,-43.7112],[-65.348,-43.7115],[-65.3481,-43.7118],[-65.3481,-43.7118],[-65.3481,-43.712],[-65.3481,-43.7122],[-65.3481,-43.7122],[-65.3481,-43.7122],[-65.3482,-43.7124],[-65.3482,-43.7126],[-65.3483,-43.7128],[-65.3485,-43.7132],[-65.3485,-43.7134],[-65.3486,-43.7139],[-65.3486,-43.7142],[-65.3487,-43.7148],[-65.3488,-43.7151],[-65.3489,-43.7153],[-65.3491,-43.7157],[-65.3492,-43.7162],[-65.3494,-43.7167],[-65.3496,-43.7169],[-65.3498,-43.7172],[-65.3501,-43.7174],[-65.3503,-43.7179],[-65.3503,-43.7179],[-65.3505,-43.7182],[-65.3507,-43.7185],[-65.3508,-43.7189],[-65.3509,-43.719],[-65.351,-43.7192],[-65.351,-43.7193],[-65.3512,-43.7197],[-65.3511,-43.7198],[-65.3511,-43.7198],[-65.3511,-43.7201],[-65.3511,-43.7203],[-65.3511,-43.7204],[-65.351,-43.7207],[-65.3509,-43.7209],[-65.3508,-43.7213],[-65.3509,-43.7217],[-65.3508,-43.7219],[-65.3508,-43.7224],[-65.3507,-43.7228],[-65.3504,-43.7233],[-65.3499,-43.724],[-65.3495,-43.7247],[-65.3494,-43.7251],[-65.3493,-43.726],[-65.3494,-43.7263],[-65.3494,-43.7266],[-65.3495,-43.7268],[-65.3496,-43.7271],[-65.3494,-43.7276],[-65.3495,-43.7279],[-65.3495,-43.7282],[-65.3494,-43.7284],[-65.3494,-43.7285],[-65.3494,-43.7285],[-65.3495,-43.7288],[-65.3497,-43.7295],[-65.3499,-43.7298],[-65.3501,-43.7303],[-65.3501,-43.7305],[-65.3503,-43.7307],[-65.3503,-43.7311],[-65.3503,-43.7312],[-65.3503,-43.7312],[-65.3505,-43.7314],[-65.3508,-43.7316],[-65.351,-43.7317],[-65.3511,-43.7318],[-65.3513,-43.7319],[-65.3515,-43.7321],[-65.3517,-43.7323],[-65.3517,-43.7323],[-65.3518,-43.7325],[-65.352,-43.7327],[-65.3523,-43.7329],[-65.3523,-43.7329],[-65.3525,-43.733],[-65.3527,-43.7331],[-65.3529,-43.7333],[-65.3533,-43.734],[-65.3536,-43.7348],[-65.3538,-43.7354],[-65.3538,-43.7358],[-65.3537,-43.7359],[-65.3537,-43.7363],[-65.3536,-43.7365],[-65.3536,-43.7367],[-65.3534,-43.7369],[-65.3534,-43.737],[-65.3533,-43.7372],[-65.3534,-43.7376],[-65.3535,-43.7379],[-65.3533,-43.7384],[-65.3534,-43.7387],[-65.3536,-43.739],[-65.3538,-43.7393],[-65.3538,-43.7394],[-65.354,-43.7398],[-65.3542,-43.74],[-65.3543,-43.7403],[-65.3543,-43.7404],[-65.3544,-43.7409],[-65.3545,-43.741],[-65.3545,-43.7413],[-65.3546,-43.7416],[-65.3546,-43.7419],[-65.3545,-43.7423],[-65.3545,-43.7423],[-65.3544,-43.7426],[-65.3544,-43.7426],[-65.3542,-43.743],[-65.3541,-43.7435],[-65.3541,-43.744],[-65.3541,-43.7447],[-65.3542,-43.7454],[-65.3544,-43.7458],[-65.3545,-43.7463],[-65.3545,-43.7468],[-65.3546,-43.7471],[-65.3547,-43.7473],[-65.3549,-43.7477],[-65.355,-43.7481],[-65.3549,-43.7489],[-65.3549,-43.7495],[-65.3549,-43.7499],[-65.3549,-43.7504],[-65.3549,-43.7509],[-65.355,-43.7513],[-65.3552,-43.7517],[-65.3553,-43.7521],[-65.3554,-43.7524],[-65.3554,-43.7529],[-65.3552,-43.7533],[-65.355,-43.7536],[-65.3546,-43.7539],[-65.3544,-43.7541],[-65.3543,-43.7545],[-65.3542,-43.7548],[-65.3541,-43.755],[-65.354,-43.7552],[-65.354,-43.7555],[-65.354,-43.756],[-65.354,-43.7562],[-65.354,-43.7564],[-65.354,-43.7567],[-65.354,-43.757],[-65.3539,-43.7573],[-65.3538,-43.7575],[-65.3535,-43.758],[-65.3534,-43.7581],[-65.3534,-43.7582],[-65.3534,-43.7585],[-65.3532,-43.7587],[-65.3532,-43.7587],[-65.3532,-43.7587]]]]},"geometry_name":"geom","properties":{"departamen":"Rawson","cabecera":"Rawson","superficie":"4.173,76"},"bbox":[-65.4546,-43.7601,-64.3077,-42.8364]},{"type":"Feature","id":"departamentos.3","geometry":{"type":"MultiPolygon","coordinates":[[[[-68.0857,-42.0001],[-66.8773,-42.0002],[-66.8769,-42.0002],[-65.9736,-42.0003],[-65.9736,-42.0003],[-65.9736,-42.0009],[-65.9737,-42.0034],[-65.9736,-42.0036],[-65.9736,-42.0037],[-65.9735,-42.0067],[-65.9703,-42.0967],[-65.963,-42.3032],[-65.9592,-42.4094],[-65.9427,-42.8623],[-67.1536,-42.879],[-67.1703,-42.8791],[-67.7739,-42.8826],[-68.3816,-42.8828],[-68.3867,-42.3032],[-68.3883,-42.1227],[-68.3893,-42.0191],[-68.3893,-42.0165],[-68.3893,-42.0101],[-68.3893,-42.0096],[-68.3894,-42.0076],[-68.3894,-42.0055],[-68.3894,-42.0035],[-68.3894,-42.0028],[-68.3894,-42.0018],[-68.3894,-42.0012],[-68.3894,-42.0012],[-68.3894,-42.0004],[-68.3894,-42.0002],[-68.3894,-42.0001],[-68.3892,-42.0001],[-68.0857,-42.0001]]]]},"geometry_name":"geom","properties":{"departamen":"Telsen","cabecera":"Telsen","superficie":"19.418,56"},"bbox":[-68.3894,-42.8828,-65.9427,-42.0001]},{"type":"Feature","id":"departamentos.4","geometry":{"type":"MultiPolygon","coordinates":[[[[-68.3712,-44.6872],[-68.3678,-45.2445],[-68.3666,-45.4456],[-68.3663,-45.4993],[-68.3632,-45.9905],[-68.3632,-45.9935],[-68.3632,-45.9945],[-68.3631,-45.9998],[-68.3631,-45.9998],[-68.3636,-45.9998],[-68.3649,-45.9998],[-68.365,-45.9998],[-68.3655,-45.9998],[-68.3661,-45.9998],[-68.3664,-45.9998],[-68.3678,-45.9998],[-68.3692,-45.9998],[-68.3706,-45.9998],[-68.3707,-45.9998],[-68.372,-45.9998],[-68.3722,-45.9998],[-68.3734,-45.9998],[-68.3747,-45.9998],[-68.3761,-45.9998],[-68.3762,-45.9998],[-68.3775,-45.9998],[-68.3778,-45.9998],[-68.3778,-45.9998],[-68.3789,-45.9998],[-68.3803,-45.9998],[-68.3817,-45.9998],[-68.3823,-45.9998],[-68.3831,-45.9998],[-68.3845,-45.9998],[-68.3859,-45.9998],[-68.387,-45.9998],[-68.3872,-45.9998],[-68.3886,-45.9998],[-68.39,-45.9998],[-68.3914,-45.9998],[-68.3928,-45.9998],[-68.3942,-45.9998],[-68.3956,-45.9998],[-68.397,-45.9998],[-68.3984,-45.9998],[-68.3997,-45.9998],[-68.4011,-45.9998],[-68.4025,-45.9998],[-68.4039,-45.9998],[-68.4053,-45.9998],[-68.4067,-45.9998],[-68.4081,-45.9998],[-68.4095,-45.9998],[-68.4109,-45.9998],[-68.4113,-45.9998],[-68.4122,-45.9998],[-68.4136,-45.9998],[-68.415,-45.9998],[-68.4164,-45.9998],[-68.4178,-45.9998],[-68.4189,-45.9998],[-68.4192,-45.9998],[-68.4199,-45.9998],[-68.4206,-45.9998],[-68.422,-45.9998],[-68.4234,-45.9998],[-68.4247,-45.9998],[-68.4261,-45.9998],[-68.4275,-45.9998],[-68.4277,-45.9998],[-68.4284,-45.9998],[-68.4286,-45.9998],[-68.4289,-45.9998],[-68.4303,-45.9998],[-68.4317,-45.9998],[-68.4331,-45.9998],[-68.4345,-45.9998],[-68.4359,-45.9998],[-68.4372,-45.9998],[-68.4386,-45.9998],[-68.44,-45.9998],[-68.4405,-45.9998],[-68.4414,-45.9998],[-68.4428,-45.9998],[-68.4442,-45.9998],[-68.4456,-45.9998],[-68.447,-45.9998],[-68.4484,-45.9998],[-68.4497,-45.9998],[-68.4511,-45.9998],[-68.4525,-45.9998],[-68.4539,-45.9998],[-68.4553,-45.9998],[-68.4567,-45.9998],[-68.4581,-45.9998],[-68.4595,-45.9998],[-68.4609,-45.9998],[-68.4616,-45.9998],[-68.4622,-45.9998],[-68.4634,-45.9998],[-68.4636,-45.9998],[-68.465,-45.9998],[-68.4664,-45.9998],[-68.4678,-45.9998],[-68.4692,-45.9998],[-68.4706,-45.9998],[-68.4719,-45.9998],[-68.472,-45.9998],[-68.4734,-45.9998],[-68.4747,-45.9998],[-68.4761,-45.9998],[-68.4775,-45.9998],[-68.4789,-45.9998],[-68.4803,-45.9998],[-68.4817,-45.9998],[-68.4831,-45.9998],[-68.4845,-45.9998],[-68.4859,-45.9998],[-68.4872,-45.9998],[-68.4886,-45.9998],[-68.49,-45.9998],[-68.4914,-45.9998],[-68.4928,-45.9998],[-68.4942,-45.9998],[-68.4956,-45.9998],[-68.497,-45.9998],[-68.4984,-45.9998],[-68.4997,-45.9998],[-68.5,-45.9998],[-68.5011,-45.9998],[-68.5025,-45.9998],[-68.5039,-45.9998],[-68.5045,-45.9998],[-68.5053,-45.9998],[-68.5067,-45.9998],[-68.5081,-45.9998],[-68.5095,-45.9998],[-68.5109,-45.9998],[-68.5122,-45.9998],[-68.5123,-45.9998],[-68.5136,-45.9998],[-68.515,-45.9998],[-68.5164,-45.9998],[-68.5178,-45.9998],[-68.5192,-45.9998],[-68.5206,-45.9998],[-68.522,-45.9998],[-68.5234,-45.9998],[-68.5247,-45.9998],[-68.5261,-45.9998],[-68.5275,-45.9998],[-68.5289,-45.9998],[-68.5303,-45.9998],[-68.5317,-45.9998],[-68.5331,-45.9998],[-68.5345,-45.9998],[-68.5359,-45.9998],[-68.5372,-45.9998],[-68.5386,-45.9998],[-68.54,-45.9998],[-68.5414,-45.9998],[-68.5428,-45.9998],[-68.5442,-45.9998],[-68.5456,-45.9998],[-68.5462,-45.9998],[-68.547,-45.9998],[-68.5484,-45.9998],[-68.5497,-45.9998],[-68.5511,-45.9998],[-68.5516,-45.9998],[-68.5525,-45.9998],[-68.5534,-45.9998],[-68.5539,-45.9998],[-68.5553,-45.9998],[-68.5567,-45.9998],[-68.5581,-45.9998],[-68.5595,-45.9998],[-68.5601,-45.9998],[-68.5609,-45.9998],[-68.5622,-45.9998],[-68.5636,-45.9998],[-68.565,-45.9998],[-68.5664,-45.9998],[-68.5678,-45.9998],[-68.5692,-45.9998],[-68.5706,-45.9998],[-68.572,-45.9998],[-68.5731,-45.9998],[-68.5734,-45.9998],[-68.5747,-45.9998],[-68.5761,-45.9998],[-68.5775,-45.9998],[-68.5789,-45.9998],[-68.5803,-45.9998],[-68.5817,-45.9998],[-68.5831,-45.9998],[-68.5845,-45.9998],[-68.5859,-45.9998],[-68.5872,-45.9998],[-68.5886,-45.9998],[-68.59,-45.9998],[-68.5914,-45.9998],[-68.5928,-45.9998],[-68.5942,-45.9998],[-68.5956,-45.9998],[-68.597,-45.9998],[-68.5984,-45.9998],[-68.5997,-45.9998],[-68.6011,-45.9998],[-68.6025,-45.9998],[-68.6039,-45.9998],[-68.6041,-45.9998],[-68.6053,-45.9998],[-68.6067,-45.9998],[-68.6081,-45.9998],[-68.6082,-45.9998],[-68.6095,-45.9998],[-68.6109,-45.9998],[-68.6122,-45.9998],[-68.6136,-45.9998],[-68.615,-45.9998],[-68.6164,-45.9998],[-68.6178,-45.9998],[-68.6192,-45.9998],[-68.6206,-45.9998],[-68.622,-45.9998],[-68.6234,-45.9998],[-68.6248,-45.9998],[-68.6261,-45.9998],[-68.6275,-45.9998],[-68.6289,-45.9998],[-68.6303,-45.9998],[-68.6317,-45.9998],[-68.6331,-45.9998],[-68.6345,-45.9998],[-68.6359,-45.9998],[-68.6373,-45.9998],[-68.6386,-45.9998],[-68.64,-45.9998],[-68.6414,-45.9998],[-68.6428,-45.9998],[-68.6442,-45.9998],[-68.6456,-45.9998],[-68.647,-45.9998],[-68.6484,-45.9998],[-68.6498,-45.9998],[-68.6511,-45.9998],[-68.6523,-45.9998],[-68.6525,-45.9998],[-68.6539,-45.9998],[-68.6553,-45.9998],[-68.6567,-45.9998],[-68.6573,-45.9998],[-68.6581,-45.9998],[-68.6595,-45.9998],[-68.6609,-45.9998],[-68.6617,-45.9998],[-68.6623,-45.9998],[-68.6636,-45.9998],[-68.665,-45.9998],[-68.665,-45.9998],[-68.6662,-45.9998],[-68.6664,-45.9998],[-68.6678,-45.9998],[-68.6692,-45.9998],[-68.6706,-45.9998],[-68.672,-45.9998],[-68.6734,-45.9998],[-68.6748,-45.9998],[-68.6761,-45.9998],[-68.6775,-45.9998],[-68.6789,-45.9998],[-68.6803,-45.9998],[-68.6817,-45.9998],[-68.6831,-45.9998],[-68.6845,-45.9998],[-68.6859,-45.9998],[-68.6873,-45.9998],[-68.6886,-45.9998],[-68.69,-45.9998],[-68.6914,-45.9998],[-68.6918,-45.9998],[-68.6928,-45.9998],[-68.6942,-45.9998],[-68.6956,-45.9998],[-68.697,-45.9998],[-68.6984,-45.9998],[-68.6998,-45.9998],[-68.7011,-45.9998],[-68.7025,-45.9998],[-68.7039,-45.9998],[-68.7049,-45.9998],[-68.7053,-45.9998],[-68.7067,-45.9998],[-68.7081,-45.9998],[-68.709,-45.9998],[-68.7095,-45.9998],[-68.7109,-45.9998],[-68.7123,-45.9998],[-68.7136,-45.9998],[-68.715,-45.9998],[-68.7164,-45.9998],[-68.7178,-45.9998],[-68.7192,-45.9998],[-68.7206,-45.9998],[-68.722,-45.9998],[-68.7234,-45.9998],[-68.7248,-45.9998],[-68.7261,-45.9998],[-68.7275,-45.9998],[-68.7289,-45.9998],[-68.7303,-45.9998],[-68.7317,-45.9998],[-68.7331,-45.9998],[-68.7345,-45.9998],[-68.7359,-45.9998],[-68.7373,-45.9998],[-68.7386,-45.9998],[-68.74,-45.9998],[-68.7414,-45.9998],[-68.7428,-45.9998],[-68.7442,-45.9998],[-68.7456,-45.9998],[-68.747,-45.9998],[-68.7484,-45.9998],[-68.7498,-45.9998],[-68.7511,-45.9998],[-68.7525,-45.9998],[-68.7539,-45.9998],[-68.7553,-45.9998],[-68.7567,-45.9998],[-68.7581,-45.9998],[-68.7595,-45.9998],[-68.7609,-45.9998],[-68.7623,-45.9998],[-68.7636,-45.9998],[-68.765,-45.9998],[-68.7664,-45.9998],[-68.7678,-45.9998],[-68.7689,-45.9998],[-68.7692,-45.9998],[-68.7706,-45.9998],[-68.772,-45.9998],[-68.7734,-45.9998],[-68.7745,-45.9998],[-68.7748,-45.9998],[-68.7761,-45.9998],[-68.7775,-45.9998],[-68.7789,-45.9998],[-68.7803,-45.9998],[-68.7817,-45.9998],[-68.7831,-45.9998],[-68.7845,-45.9998],[-68.7859,-45.9998],[-68.7873,-45.9998],[-68.7886,-45.9998],[-68.79,-45.9998],[-68.7914,-45.9998],[-68.7928,-45.9998],[-68.7942,-45.9998],[-68.7956,-45.9998],[-68.797,-45.9998],[-68.7984,-45.9998],[-68.7998,-45.9998],[-68.8011,-45.9998],[-68.8025,-45.9998],[-68.8039,-45.9998],[-68.8053,-45.9998],[-68.8067,-45.9998],[-68.8081,-45.9998],[-68.8095,-45.9998],[-68.8109,-45.9998],[-68.8123,-45.9998],[-68.8136,-45.9998],[-68.815,-45.9998],[-68.8156,-45.9998],[-68.8164,-45.9998],[-68.8178,-45.9998],[-68.8192,-45.9998],[-68.8206,-45.9998],[-68.822,-45.9998],[-68.8234,-45.9998],[-68.8248,-45.9998],[-68.8261,-45.9998],[-68.8275,-45.9998],[-68.8289,-45.9998],[-68.8303,-45.9998],[-68.8317,-45.9998],[-68.8331,-45.9998],[-68.8345,-45.9998],[-68.8359,-45.9998],[-68.8373,-45.9998],[-68.8386,-45.9998],[-68.84,-45.9998],[-68.8414,-45.9998],[-68.8428,-45.9998],[-68.8442,-45.9998],[-68.8456,-45.9998],[-68.847,-45.9998],[-68.8484,-45.9998],[-68.8498,-45.9998],[-68.8511,-45.9998],[-68.8525,-45.9998],[-68.8539,-45.9998],[-68.8553,-45.9998],[-68.8567,-45.9998],[-68.8581,-45.9998],[-68.8595,-45.9998],[-68.8602,-45.9998],[-68.8609,-45.9998],[-68.8623,-45.9998],[-68.8636,-45.9998],[-68.865,-45.9998],[-68.8664,-45.9998],[-68.8678,-45.9998],[-68.8692,-45.9998],[-68.8706,-45.9998],[-68.872,-45.9998],[-68.8734,-45.9998],[-68.8748,-45.9998],[-68.8761,-45.9998],[-68.8775,-45.9998],[-68.8775,-45.9998],[-68.8786,-45.9998],[-68.8789,-45.9998],[-68.8803,-45.9998],[-68.8817,-45.9998],[-68.8831,-45.9998],[-68.8845,-45.9998],[-68.885,-45.9998],[-68.8859,-45.9998],[-68.8873,-45.9998],[-68.8886,-45.9998],[-68.89,-45.9998],[-68.8914,-45.9998],[-68.8928,-45.9998],[-68.8942,-45.9998],[-68.8956,-45.9998],[-68.897,-45.9998],[-68.8984,-45.9998],[-68.8998,-45.9998],[-68.9012,-45.9998],[-68.9025,-45.9998],[-68.9039,-45.9998],[-68.9053,-45.9998],[-68.9067,-45.9998],[-68.9081,-45.9998],[-68.9095,-45.9998],[-68.9109,-45.9998],[-68.9123,-45.9998],[-68.9137,-45.9998],[-68.915,-45.9998],[-68.9164,-45.9998],[-68.9178,-45.9998],[-68.9192,-45.9998],[-68.9206,-45.9998],[-68.922,-45.9998],[-68.9234,-45.9998],[-68.9248,-45.9998],[-68.9262,-45.9998],[-68.9275,-45.9998],[-68.9289,-45.9998],[-68.9303,-45.9998],[-68.9317,-45.9998],[-68.9331,-45.9998],[-68.9345,-45.9998],[-68.9359,-45.9998],[-68.9373,-45.9998],[-68.9387,-45.9998],[-68.94,-45.9998],[-68.9414,-45.9998],[-68.9428,-45.9998],[-68.9442,-45.9998],[-68.9456,-45.9998],[-68.947,-45.9998],[-68.9484,-45.9998],[-68.9498,-45.9998],[-68.9512,-45.9998],[-68.9525,-45.9998],[-68.9539,-45.9998],[-68.9553,-45.9998],[-68.9567,-45.9998],[-68.9581,-45.9998],[-68.9595,-45.9998],[-68.9609,-45.9998],[-68.9623,-45.9998],[-68.9637,-45.9998],[-68.9648,-45.9998],[-68.965,-45.9998],[-68.9664,-45.9998],[-68.9678,-45.9998],[-68.9692,-45.9998],[-68.9706,-45.9998],[-68.972,-45.9998],[-68.9734,-45.9998],[-68.9748,-45.9998],[-68.9762,-45.9998],[-68.9775,-45.9998],[-68.9777,-45.9998],[-68.9789,-45.9998],[-68.9803,-45.9998],[-68.9817,-45.9998],[-68.9831,-45.9998],[-68.9845,-45.9998],[-68.9859,-45.9998],[-68.9863,-45.9998],[-68.9873,-45.9998],[-68.9887,-45.9998],[-68.99,-45.9998],[-68.9914,-45.9998],[-68.9928,-45.9998],[-68.9942,-45.9998],[-68.9956,-45.9998],[-68.997,-45.9998],[-68.9984,-45.9998],[-68.9998,-45.9998],[-69.0012,-45.9998],[-69.0025,-45.9998],[-69.0039,-45.9998],[-69.0053,-45.9998],[-69.0067,-45.9998],[-69.0081,-45.9998],[-69.0095,-45.9998],[-69.0109,-45.9998],[-69.0123,-45.9998],[-69.0137,-45.9998],[-69.015,-45.9998],[-69.0164,-45.9998],[-69.0178,-45.9998],[-69.0192,-45.9998],[-69.0206,-45.9998],[-69.022,-45.9998],[-69.0234,-45.9998],[-69.0248,-45.9998],[-69.0262,-45.9998],[-69.0275,-45.9998],[-69.0289,-45.9998],[-69.0303,-45.9998],[-69.0309,-45.9998],[-69.0317,-45.9998],[-69.0331,-45.9998],[-69.0345,-45.9998],[-69.0359,-45.9998],[-69.0373,-45.9998],[-69.0387,-45.9998],[-69.04,-45.9998],[-69.0414,-45.9998],[-69.0428,-45.9998],[-69.0442,-45.9998],[-69.0456,-45.9998],[-69.047,-45.9998],[-69.0484,-45.9998],[-69.0498,-45.9998],[-69.0512,-45.9998],[-69.0525,-45.9998],[-69.0539,-45.9998],[-69.0553,-45.9998],[-69.0567,-45.9998],[-69.0581,-45.9998],[-69.0595,-45.9998],[-69.0609,-45.9998],[-69.0623,-45.9998],[-69.0637,-45.9998],[-69.065,-45.9998],[-69.0664,-45.9998],[-69.0678,-45.9998],[-69.0692,-45.9998],[-69.0706,-45.9998],[-69.072,-45.9998],[-69.0734,-45.9998],[-69.0748,-45.9998],[-69.0762,-45.9998],[-69.0775,-45.9998],[-69.0789,-45.9998],[-69.0803,-45.9998],[-69.0817,-45.9998],[-69.0831,-45.9998],[-69.0845,-45.9998],[-69.0859,-45.9998],[-69.0873,-45.9998],[-69.0887,-45.9998],[-69.09,-45.9998],[-69.0914,-45.9998],[-69.0928,-45.9998],[-69.0942,-45.9998],[-69.0956,-45.9998],[-69.097,-45.9998],[-69.0984,-45.9998],[-69.0998,-45.9998],[-69.1012,-45.9998],[-69.1025,-45.9998],[-69.1039,-45.9998],[-69.1053,-45.9998],[-69.1067,-45.9998],[-69.1081,-45.9998],[-69.1095,-45.9998],[-69.11,-45.9998],[-69.1109,-45.9998],[-69.1123,-45.9998],[-69.1137,-45.9998],[-69.115,-45.9998],[-69.1164,-45.9998],[-69.1178,-45.9998],[-69.1192,-45.9998],[-69.1206,-45.9998],[-69.122,-45.9998],[-69.1234,-45.9998],[-69.1248,-45.9998],[-69.1262,-45.9998],[-69.1275,-45.9998],[-69.1289,-45.9998],[-69.1303,-45.9998],[-69.1317,-45.9998],[-69.1331,-45.9998],[-69.1345,-45.9998],[-69.1359,-45.9998],[-69.1373,-45.9998],[-69.1387,-45.9998],[-69.14,-45.9998],[-69.1414,-45.9998],[-69.1428,-45.9998],[-69.1442,-45.9998],[-69.1456,-45.9998],[-69.147,-45.9998],[-69.1484,-45.9998],[-69.1498,-45.9998],[-69.1512,-45.9998],[-69.1525,-45.9998],[-69.1539,-45.9998],[-69.1553,-45.9998],[-69.1567,-45.9998],[-69.1581,-45.9998],[-69.1587,-45.9998],[-69.1595,-45.9998],[-69.1609,-45.9998],[-69.1623,-45.9998],[-69.1637,-45.9998],[-69.1651,-45.9998],[-69.1653,-45.9998],[-69.1664,-45.9998],[-69.1678,-45.9998],[-69.1692,-45.9998],[-69.1706,-45.9998],[-69.172,-45.9998],[-69.1734,-45.9998],[-69.1748,-45.9998],[-69.1762,-45.9998],[-69.1776,-45.9998],[-69.1789,-45.9998],[-69.1803,-45.9998],[-69.1817,-45.9998],[-69.1831,-45.9998],[-69.1845,-45.9998],[-69.1859,-45.9998],[-69.1873,-45.9998],[-69.1887,-45.9998],[-69.1901,-45.9998],[-69.1913,-45.9998],[-69.1914,-45.9998],[-69.1928,-45.9998],[-69.1942,-45.9998],[-69.1956,-45.9998],[-69.197,-45.9998],[-69.1984,-45.9998],[-69.1992,-45.9998],[-69.1998,-45.9998],[-69.2012,-45.9998],[-69.2026,-45.9998],[-69.2039,-45.9998],[-69.2053,-45.9998],[-69.2067,-45.9998],[-69.2081,-45.9998],[-69.209,-45.9998],[-69.2095,-45.9998],[-69.2109,-45.9998],[-69.2123,-45.9998],[-69.2137,-45.9998],[-69.2151,-45.9998],[-69.2164,-45.9998],[-69.2178,-45.9998],[-69.2192,-45.9998],[-69.2206,-45.9998],[-69.222,-45.9998],[-69.2222,-45.9998],[-69.2234,-45.9998],[-69.2248,-45.9998],[-69.2254,-45.9998],[-69.2262,-45.9998],[-69.2276,-45.9998],[-69.2289,-45.9998],[-69.2303,-45.9998],[-69.2317,-45.9998],[-69.2331,-45.9998],[-69.2345,-45.9998],[-69.2359,-45.9998],[-69.2373,-45.9998],[-69.2387,-45.9998],[-69.2401,-45.9998],[-69.2414,-45.9998],[-69.2428,-45.9998],[-69.2442,-45.9998],[-69.2456,-45.9998],[-69.247,-45.9998],[-69.2484,-45.9998],[-69.2498,-45.9998],[-69.2512,-45.9998],[-69.2526,-45.9998],[-69.2539,-45.9998],[-69.2553,-45.9998],[-69.2567,-45.9998],[-69.2581,-45.9998],[-69.2595,-45.9998],[-69.2609,-45.9998],[-69.2623,-45.9998],[-69.2637,-45.9998],[-69.2651,-45.9998],[-69.2664,-45.9998],[-69.2678,-45.9998],[-69.2681,-45.9998],[-69.2692,-45.9998],[-69.2706,-45.9998],[-69.272,-45.9998],[-69.2734,-45.9998],[-69.2748,-45.9998],[-69.2762,-45.9998],[-69.2776,-45.9998],[-69.2789,-45.9998],[-69.2803,-45.9998],[-69.2817,-45.9998],[-69.2831,-45.9998],[-69.2845,-45.9998],[-69.2848,-45.9998],[-69.2859,-45.9998],[-69.2873,-45.9998],[-69.2887,-45.9998],[-69.2901,-45.9998],[-69.2914,-45.9998],[-69.2928,-45.9998],[-69.2934,-45.9998],[-69.2942,-45.9998],[-69.2956,-45.9998],[-69.297,-45.9998],[-69.2984,-45.9998],[-69.2998,-45.9998],[-69.3012,-45.9998],[-69.3026,-45.9998],[-69.3039,-45.9998],[-69.3053,-45.9998],[-69.3067,-45.9998],[-69.3081,-45.9998],[-69.3095,-45.9998],[-69.3109,-45.9998],[-69.3123,-45.9998],[-69.3137,-45.9998],[-69.3151,-45.9998],[-69.3157,-45.9998],[-69.3164,-45.9998],[-69.3178,-45.9998],[-69.3192,-45.9998],[-69.3197,-45.9998],[-69.3206,-45.9998],[-69.322,-45.9998],[-69.3234,-45.9998],[-69.3234,-45.9998],[-69.3248,-45.9998],[-69.3262,-45.9998],[-69.3276,-45.9998],[-69.3289,-45.9998],[-69.3303,-45.9998],[-69.3304,-45.9998],[-69.3317,-45.9998],[-69.3331,-45.9998],[-69.3345,-45.9998],[-69.3359,-45.9998],[-69.3373,-45.9998],[-69.3387,-45.9998],[-69.3401,-45.9998],[-69.3414,-45.9998],[-69.3428,-45.9998],[-69.3442,-45.9998],[-69.3456,-45.9998],[-69.347,-45.9998],[-69.3484,-45.9998],[-69.3498,-45.9998],[-69.3512,-45.9998],[-69.3526,-45.9998],[-69.3539,-45.9998],[-69.3553,-45.9998],[-69.3567,-45.9998],[-69.3581,-45.9998],[-69.3595,-45.9998],[-69.3609,-45.9998],[-69.3623,-45.9998],[-69.3637,-45.9998],[-69.3651,-45.9998],[-69.3664,-45.9998],[-69.3678,-45.9998],[-69.3692,-45.9998],[-69.3706,-45.9998],[-69.372,-45.9998],[-69.3734,-45.9998],[-69.3748,-45.9998],[-69.3762,-45.9998],[-69.3776,-45.9998],[-69.3789,-45.9998],[-69.3803,-45.9998],[-69.3817,-45.9998],[-69.3831,-45.9998],[-69.3845,-45.9998],[-69.3859,-45.9998],[-69.3873,-45.9998],[-69.3887,-45.9998],[-69.3901,-45.9998],[-69.3914,-45.9998],[-69.3928,-45.9998],[-69.3942,-45.9998],[-69.3956,-45.9998],[-69.397,-45.9998],[-69.3984,-45.9998],[-69.3998,-45.9998],[-69.4012,-45.9998],[-69.4026,-45.9998],[-69.4039,-45.9998],[-69.4053,-45.9998],[-69.4067,-45.9998],[-69.4081,-45.9998],[-69.4095,-45.9998],[-69.4095,-45.9998],[-69.4109,-45.9998],[-69.4123,-45.9998],[-69.4137,-45.9998],[-69.4151,-45.9998],[-69.4164,-45.9998],[-69.4178,-45.9998],[-69.4192,-45.9998],[-69.4206,-45.9998],[-69.422,-45.9998],[-69.4234,-45.9998],[-69.4248,-45.9998],[-69.4262,-45.9998],[-69.4276,-45.9998],[-69.4289,-45.9998],[-69.4303,-45.9998],[-69.4317,-45.9998],[-69.4331,-45.9998],[-69.4345,-45.9998],[-69.4359,-45.9998],[-69.4373,-45.9998],[-69.4387,-45.9998],[-69.4401,-45.9998],[-69.4415,-45.9998],[-69.4424,-45.9998],[-69.4428,-45.9998],[-69.4442,-45.9998],[-69.4456,-45.9998],[-69.447,-45.9998],[-69.4484,-45.9998],[-69.4498,-45.9998],[-69.4512,-45.9998],[-69.4526,-45.9998],[-69.454,-45.9998],[-69.4553,-45.9998],[-69.4567,-45.9998],[-69.4581,-45.9998],[-69.4595,-45.9998],[-69.4609,-45.9998],[-69.4609,-45.9998],[-69.4623,-45.9998],[-69.4637,-45.9998],[-69.4651,-45.9998],[-69.4665,-45.9998],[-69.4678,-45.9998],[-69.4692,-45.9998],[-69.4706,-45.9998],[-69.472,-45.9998],[-69.4734,-45.9998],[-69.4748,-45.9998],[-69.4762,-45.9998],[-69.4776,-45.9998],[-69.479,-45.9998],[-69.4803,-45.9998],[-69.4817,-45.9998],[-69.4831,-45.9998],[-69.4845,-45.9998],[-69.4859,-45.9998],[-69.4873,-45.9998],[-69.4887,-45.9998],[-69.4901,-45.9998],[-69.4915,-45.9998],[-69.4928,-45.9998],[-69.4942,-45.9998],[-69.4956,-45.9998],[-69.497,-45.9998],[-69.4984,-45.9998],[-69.4998,-45.9998],[-69.5012,-45.9998],[-69.5026,-45.9998],[-69.504,-45.9998],[-69.5053,-45.9998],[-69.5067,-45.9998],[-69.5081,-45.9998],[-69.5095,-45.9998],[-69.5109,-45.9998],[-69.5123,-45.9998],[-69.5137,-45.9998],[-69.5151,-45.9998],[-69.5154,-45.9998],[-69.5165,-45.9998],[-69.5178,-45.9998],[-69.5192,-45.9998],[-69.5206,-45.9998],[-69.522,-45.9998],[-69.5234,-45.9998],[-69.5248,-45.9998],[-69.5262,-45.9998],[-69.5276,-45.9998],[-69.529,-45.9998],[-69.5303,-45.9998],[-69.5317,-45.9998],[-69.5331,-45.9998],[-69.5345,-45.9998],[-69.5359,-45.9998],[-69.5373,-45.9998],[-69.5387,-45.9998],[-69.5401,-45.9998],[-69.5415,-45.9998],[-69.5428,-45.9998],[-69.5442,-45.9998],[-69.5456,-45.9998],[-69.547,-45.9998],[-69.5484,-45.9998],[-69.5498,-45.9998],[-69.5512,-45.9998],[-69.5526,-45.9998],[-69.554,-45.9998],[-69.5553,-45.9998],[-69.5567,-45.9998],[-69.5581,-45.9998],[-69.5595,-45.9998],[-69.5609,-45.9998],[-69.5623,-45.9998],[-69.5637,-45.9998],[-69.5651,-45.9998],[-69.5665,-45.9998],[-69.5678,-45.9998],[-69.5692,-45.9998],[-69.5706,-45.9998],[-69.572,-45.9998],[-69.5734,-45.9998],[-69.5748,-45.9998],[-69.5762,-45.9998],[-69.5776,-45.9998],[-69.579,-45.9998],[-69.5792,-45.9998],[-69.5803,-45.9998],[-69.5817,-45.9998],[-69.5831,-45.9998],[-69.5845,-45.9998],[-69.5859,-45.9998],[-69.5873,-45.9998],[-69.5887,-45.9998],[-69.5901,-45.9998],[-69.5915,-45.9998],[-69.5928,-45.9998],[-69.5942,-45.9998],[-69.5947,-45.9998],[-69.5956,-45.9998],[-69.597,-45.9998],[-69.5984,-45.9998],[-69.5998,-45.9998],[-69.6012,-45.9998],[-69.6024,-45.9998],[-69.6026,-45.9998],[-69.604,-45.9998],[-69.6053,-45.9998],[-69.6067,-45.9998],[-69.6081,-45.9998],[-69.6084,-45.9998],[-69.6095,-45.9998],[-69.6109,-45.9998],[-69.6123,-45.9998],[-69.6137,-45.9998],[-69.6151,-45.9998],[-69.6158,-45.9998],[-69.6165,-45.9998],[-69.6178,-45.9998],[-69.6192,-45.9998],[-69.6206,-45.9998],[-69.622,-45.9998],[-69.623,-45.9998],[-69.6234,-45.9998],[-69.6248,-45.9998],[-69.6258,-45.9998],[-69.6262,-45.9998],[-69.6276,-45.9998],[-69.629,-45.9998],[-69.6299,-45.9998],[-69.6303,-45.9998],[-69.6317,-45.9998],[-69.6331,-45.9998],[-69.6345,-45.9998],[-69.6359,-45.9998],[-69.6373,-45.9998],[-69.6387,-45.9998],[-69.6401,-45.9998],[-69.6415,-45.9998],[-69.6428,-45.9998],[-69.6433,-45.9998],[-69.6442,-45.9998],[-69.6456,-45.9998],[-69.647,-45.9998],[-69.647,-45.9998],[-69.6481,-45.9998],[-69.6481,-45.9998],[-69.6481,-45.9998],[-69.6481,-45.9998],[-69.6481,-45.9997],[-69.6481,-45.9997],[-69.6481,-45.9996],[-69.6481,-45.9996],[-69.6481,-45.9996],[-69.6481,-45.9995],[-69.6481,-45.9994],[-69.6481,-45.9992],[-69.6481,-45.9992],[-69.6481,-45.9992],[-69.6481,-45.9991],[-69.6481,-45.9991],[-69.648,-45.999],[-69.648,-45.999],[-69.648,-45.9989],[-69.648,-45.9989],[-69.648,-45.9988],[-69.648,-45.9988],[-69.648,-45.9988],[-69.648,-45.9987],[-69.648,-45.9986],[-69.648,-45.9985],[-69.648,-45.9985],[-69.648,-45.9984],[-69.648,-45.9984],[-69.648,-45.9983],[-69.648,-45.9982],[-69.648,-45.9981],[-69.648,-45.998],[-69.648,-45.9978],[-69.648,-45.9977],[-69.648,-45.9974],[-69.648,-45.9974],[-69.648,-45.9973],[-69.648,-45.9971],[-69.648,-45.9969],[-69.648,-45.9968],[-69.648,-45.9965],[-69.648,-45.9965],[-69.648,-45.9963],[-69.648,-45.9962],[-69.648,-45.9962],[-69.648,-45.9961],[-69.648,-45.9961],[-69.648,-45.9958],[-69.648,-45.9952],[-69.648,-45.9952],[-69.648,-45.995],[-69.648,-45.9947],[-69.648,-45.9946],[-69.648,-45.9945],[-69.648,-45.9945],[-69.648,-45.9945],[-69.648,-45.9944],[-69.6479,-45.992],[-69.6479,-45.9916],[-69.6479,-45.9905],[-69.6479,-45.9881],[-69.6479,-45.9877],[-69.6477,-45.9761],[-69.6476,-45.971],[-69.6474,-45.9584],[-69.6471,-45.9424],[-69.6445,-45.7754],[-69.6404,-45.5186],[-69.6378,-45.3549],[-69.637,-45.305],[-69.6367,-45.2838],[-69.6268,-44.6814],[-69.0733,-44.6856],[-68.9122,-44.6864],[-68.3712,-44.6872]]]]},"geometry_name":"geom","properties":{"departamen":"Sarmiento","cabecera":"Sarmiento","superficie":"14.616,22"},"bbox":[-69.6481,-45.9998,-68.3631,-44.6814]},{"type":"Feature","id":"departamentos.5","geometry":{"type":"MultiPolygon","coordinates":[[[[-71.1749,-42],[-71.0513,-42],[-70.9907,-42],[-70.373,-42],[-70.209,-42],[-70.209,-42],[-70.209,-42],[-70.209,-42],[-70.209,-42],[-70.209,-42],[-69.4281,-42.0001],[-69.4281,-42.0001],[-69.4281,-42.0002],[-69.4281,-42.0003],[-69.4281,-42.0007],[-69.4284,-42.0066],[-69.4284,-42.0066],[-69.4351,-42.076],[-69.4493,-42.2222],[-69.47,-42.4364],[-69.5053,-42.7968],[-69.511,-42.7911],[-69.5141,-42.7882],[-69.5173,-42.7854],[-69.5208,-42.7827],[-69.5242,-42.7799],[-69.5272,-42.777],[-69.53,-42.7739],[-69.5326,-42.7707],[-69.535,-42.7675],[-69.5372,-42.7642],[-69.5384,-42.7606],[-69.5391,-42.7569],[-69.5396,-42.7532],[-69.5406,-42.7495],[-69.5427,-42.7462],[-69.5455,-42.7431],[-69.5483,-42.74],[-69.5505,-42.7367],[-69.5526,-42.7333],[-69.5547,-42.7303],[-69.5549,-42.73],[-69.5558,-42.7287],[-69.5571,-42.7267],[-69.5594,-42.7234],[-69.5616,-42.7201],[-69.5637,-42.7166],[-69.5662,-42.7135],[-69.5696,-42.7109],[-69.5708,-42.7102],[-69.5736,-42.7086],[-69.5777,-42.7064],[-69.5814,-42.7039],[-69.585,-42.7013],[-69.5886,-42.6987],[-69.5921,-42.6961],[-69.596,-42.6937],[-69.6001,-42.6916],[-69.6045,-42.6897],[-69.609,-42.688],[-69.6136,-42.6867],[-69.6185,-42.6864],[-69.6236,-42.6865],[-69.6274,-42.6861],[-69.6286,-42.686],[-69.6335,-42.6852],[-69.6384,-42.6843],[-69.6431,-42.6831],[-69.6479,-42.6819],[-69.6527,-42.6809],[-69.6577,-42.6802],[-69.6627,-42.6797],[-69.6678,-42.6796],[-69.6725,-42.6802],[-69.6768,-42.6823],[-69.6815,-42.6834],[-69.6865,-42.6838],[-69.6915,-42.684],[-69.6966,-42.6841],[-69.7016,-42.6841],[-69.7066,-42.684],[-69.7117,-42.684],[-69.7167,-42.684],[-69.7217,-42.6837],[-69.7267,-42.6832],[-69.7317,-42.6825],[-69.7364,-42.6814],[-69.7408,-42.6797],[-69.7449,-42.6775],[-69.7487,-42.675],[-69.752,-42.6722],[-69.7548,-42.6691],[-69.7582,-42.6664],[-69.7621,-42.664],[-69.7658,-42.6616],[-69.7688,-42.6586],[-69.772,-42.6558],[-69.776,-42.6536],[-69.7802,-42.6515],[-69.7845,-42.6496],[-69.7888,-42.6476],[-69.7933,-42.6459],[-69.798,-42.6449],[-69.8032,-42.6452],[-69.808,-42.6448],[-69.8123,-42.6429],[-69.8159,-42.6402],[-69.8181,-42.6368],[-69.8206,-42.6337],[-69.8251,-42.6322],[-69.83,-42.6311],[-69.8349,-42.6301],[-69.8393,-42.6285],[-69.8431,-42.6258],[-69.8475,-42.6244],[-69.8551,-42.6236],[-69.8626,-42.6239],[-69.8673,-42.6252],[-69.8739,-42.628],[-69.8795,-42.6318],[-69.8833,-42.6342],[-69.8878,-42.6356],[-69.8929,-42.636],[-69.8979,-42.6358],[-69.9029,-42.6356],[-69.9079,-42.6356],[-69.9129,-42.6364],[-69.9178,-42.637],[-69.9252,-42.6366],[-69.9302,-42.636],[-69.9377,-42.6352],[-69.9426,-42.6347],[-69.9473,-42.6334],[-69.952,-42.632],[-69.9571,-42.6316],[-69.9613,-42.6331],[-69.9645,-42.6362],[-69.9713,-42.638],[-69.9764,-42.6384],[-69.9839,-42.6393],[-69.9887,-42.6407],[-69.9903,-42.6439],[-69.9934,-42.6467],[-69.9974,-42.649],[-70.0009,-42.6516],[-70.0027,-42.6551],[-70.0063,-42.66],[-70.0088,-42.6632],[-70.0112,-42.6665],[-70.0137,-42.6696],[-70.017,-42.6725],[-70.0242,-42.6736],[-70.0293,-42.6735],[-70.0418,-42.673],[-70.0465,-42.6719],[-70.0513,-42.6707],[-70.0553,-42.6686],[-70.0603,-42.6643],[-70.0636,-42.6615],[-70.0668,-42.6587],[-70.072,-42.6547],[-70.0759,-42.6524],[-70.0801,-42.6503],[-70.084,-42.648],[-70.0878,-42.6456],[-70.0913,-42.6429],[-70.0943,-42.6417],[-70.0974,-42.6404],[-70.0978,-42.6402],[-70.1049,-42.6382],[-70.1096,-42.637],[-70.1169,-42.6355],[-70.1217,-42.6345],[-70.1265,-42.6336],[-70.1314,-42.6326],[-70.1363,-42.6317],[-70.1435,-42.6302],[-70.1483,-42.6293],[-70.1533,-42.6287],[-70.1583,-42.6283],[-70.1633,-42.6281],[-70.1683,-42.6277],[-70.1757,-42.6271],[-70.1806,-42.6261],[-70.1878,-42.6245],[-70.1927,-42.6239],[-70.1978,-42.6236],[-70.2053,-42.6236],[-70.2103,-42.624],[-70.2152,-42.6247],[-70.2198,-42.6261],[-70.2238,-42.6284],[-70.2278,-42.6307],[-70.2318,-42.6316],[-70.2323,-42.6317],[-70.2325,-42.6318],[-70.2347,-42.6322],[-70.2351,-42.6323],[-70.2373,-42.6327],[-70.243,-42.6345],[-70.2482,-42.6369],[-70.2484,-42.637],[-70.2509,-42.6386],[-70.2523,-42.6395],[-70.2525,-42.6397],[-70.2527,-42.6398],[-70.2541,-42.6407],[-70.2575,-42.6416],[-70.2588,-42.6419],[-70.262,-42.6419],[-70.2639,-42.6417],[-70.2663,-42.6413],[-70.2709,-42.6397],[-70.273,-42.639],[-70.2755,-42.6384],[-70.2755,-42.6384],[-70.2803,-42.6372],[-70.2898,-42.6348],[-70.2921,-42.6339],[-70.2921,-42.6339],[-70.2936,-42.6326],[-70.2941,-42.6308],[-70.2941,-42.6289],[-70.2926,-42.6274],[-70.2932,-42.6256],[-70.2954,-42.6221],[-70.2967,-42.6207],[-70.2986,-42.6195],[-70.301,-42.6186],[-70.3035,-42.618],[-70.3054,-42.617],[-70.3063,-42.6152],[-70.306,-42.6133],[-70.306,-42.6119],[-70.306,-42.6116],[-70.3079,-42.6105],[-70.3082,-42.6087],[-70.3082,-42.6087],[-70.3081,-42.6076],[-70.3081,-42.6074],[-70.308,-42.6068],[-70.3074,-42.6047],[-70.3085,-42.6037],[-70.3086,-42.6036],[-70.3109,-42.6036],[-70.311,-42.6036],[-70.3111,-42.6036],[-70.3113,-42.6037],[-70.3113,-42.6037],[-70.3113,-42.6037],[-70.3116,-42.6037],[-70.3117,-42.6037],[-70.3138,-42.6038],[-70.3139,-42.6038],[-70.3155,-42.6035],[-70.3164,-42.6034],[-70.3185,-42.6024],[-70.3194,-42.6008],[-70.32,-42.5989],[-70.322,-42.5976],[-70.3243,-42.5966],[-70.3267,-42.5963],[-70.329,-42.5967],[-70.3313,-42.5975],[-70.3359,-42.5992],[-70.3384,-42.5999],[-70.3437,-42.6014],[-70.3459,-42.6017],[-70.3475,-42.6012],[-70.3479,-42.5969],[-70.3493,-42.596],[-70.3538,-42.5967],[-70.3589,-42.5983],[-70.3638,-42.5998],[-70.3682,-42.6015],[-70.371,-42.6057],[-70.3724,-42.6072],[-70.3741,-42.6084],[-70.3763,-42.6094],[-70.3807,-42.6113],[-70.3849,-42.6134],[-70.39,-42.6174],[-70.3921,-42.6208],[-70.3938,-42.6243],[-70.3959,-42.6276],[-70.3975,-42.6292],[-70.4012,-42.6315],[-70.4052,-42.6338],[-70.4092,-42.636],[-70.4155,-42.6391],[-70.4197,-42.641],[-70.4262,-42.6439],[-70.4271,-42.6442],[-70.4306,-42.6458],[-70.4349,-42.6478],[-70.4393,-42.652],[-70.4412,-42.6555],[-70.4431,-42.659],[-70.4452,-42.6624],[-70.4472,-42.6658],[-70.449,-42.6692],[-70.4509,-42.6726],[-70.4533,-42.6759],[-70.4559,-42.6791],[-70.4587,-42.6822],[-70.4612,-42.6846],[-70.4618,-42.6851],[-70.4654,-42.6877],[-70.4689,-42.6903],[-70.4719,-42.6932],[-70.4744,-42.6965],[-70.4768,-42.6993],[-70.4771,-42.6996],[-70.4805,-42.7023],[-70.4807,-42.7024],[-70.484,-42.705],[-70.4869,-42.708],[-70.4897,-42.711],[-70.4927,-42.714],[-70.4959,-42.7169],[-70.4989,-42.7199],[-70.5013,-42.7231],[-70.5048,-42.7258],[-70.5081,-42.7285],[-70.5111,-42.7315],[-70.5139,-42.7346],[-70.5166,-42.7377],[-70.5192,-42.7409],[-70.5202,-42.742],[-70.5218,-42.7441],[-70.5242,-42.7473],[-70.5267,-42.7505],[-70.5295,-42.7536],[-70.5322,-42.7567],[-70.5346,-42.7599],[-70.5367,-42.7633],[-70.5384,-42.7668],[-70.5398,-42.7703],[-70.5412,-42.7739],[-70.5427,-42.7774],[-70.5442,-42.781],[-70.5459,-42.7845],[-70.5476,-42.7879],[-70.5493,-42.7914],[-70.551,-42.7949],[-70.5526,-42.7984],[-70.5539,-42.802],[-70.5543,-42.8057],[-70.5554,-42.8093],[-70.5572,-42.8127],[-70.5594,-42.8161],[-70.5619,-42.8193],[-70.5645,-42.8225],[-70.5668,-42.8257],[-70.569,-42.8291],[-70.5713,-42.8324],[-70.5739,-42.8355],[-70.577,-42.8384],[-70.5803,-42.8413],[-70.5836,-42.8441],[-70.5864,-42.8472],[-70.5885,-42.8506],[-70.5889,-42.8542],[-70.5883,-42.8579],[-70.5872,-42.8616],[-70.5856,-42.8651],[-70.5845,-42.8665],[-70.7583,-42.8611],[-70.8849,-42.8641],[-70.9363,-42.8636],[-71.0461,-42.9465],[-71.0465,-42.9468],[-71.1396,-42.8814],[-71.1672,-42.8619],[-71.1718,-42.8618],[-71.2293,-42.8601],[-71.2295,-42.8601],[-71.2916,-42.8582],[-71.3166,-42.8397],[-71.328,-42.8312],[-71.3237,-42.8247],[-71.3237,-42.8247],[-71.3237,-42.8247],[-71.3228,-42.8234],[-71.3228,-42.8234],[-71.3487,-42.8006],[-71.3562,-42.794],[-71.3484,-42.7829],[-71.3594,-42.7726],[-71.3666,-42.7659],[-71.369,-42.7636],[-71.3741,-42.7589],[-71.3891,-42.7585],[-71.3906,-42.7534],[-71.3909,-42.7523],[-71.3933,-42.744],[-71.3974,-42.7383],[-71.4038,-42.7322],[-71.4076,-42.7296],[-71.4337,-42.7115],[-71.438,-42.7085],[-71.4407,-42.6966],[-71.4426,-42.6878],[-71.4426,-42.6878],[-71.4439,-42.6871],[-71.4439,-42.6871],[-71.4716,-42.6705],[-71.4875,-42.661],[-71.4863,-42.6531],[-71.4802,-42.6132],[-71.4802,-42.6132],[-71.5986,-42.6052],[-71.6035,-42.585],[-71.6044,-42.5812],[-71.6094,-42.56],[-71.6096,-42.5592],[-71.6111,-42.553],[-71.6117,-42.5505],[-71.6171,-42.5279],[-71.6176,-42.5259],[-71.6272,-42.4853],[-71.7781,-42.4829],[-71.7782,-42.4829],[-71.7782,-42.4829],[-71.8795,-42.4812],[-71.9495,-42.48],[-71.9611,-42.4797],[-71.9669,-42.4796],[-71.9704,-42.4796],[-71.9992,-42.4791],[-71.9994,-42.4791],[-72.0199,-42.4787],[-72.02,-42.4787],[-72.0206,-42.4787],[-72.0207,-42.4787],[-72.0207,-42.4787],[-72.0207,-42.4787],[-72.0207,-42.4785],[-72.0208,-42.4782],[-72.0212,-42.478],[-72.0217,-42.4778],[-72.0224,-42.4775],[-72.0229,-42.4773],[-72.0233,-42.4769],[-72.0236,-42.4767],[-72.0243,-42.4762],[-72.025,-42.4755],[-72.0257,-42.4748],[-72.0263,-42.4736],[-72.0264,-42.4736],[-72.0274,-42.4727],[-72.0279,-42.4721],[-72.0282,-42.4716],[-72.0293,-42.4709],[-72.03,-42.4701],[-72.0302,-42.4697],[-72.0302,-42.4696],[-72.0306,-42.4687],[-72.0307,-42.4684],[-72.0308,-42.4683],[-72.0311,-42.4678],[-72.0317,-42.4674],[-72.0317,-42.4674],[-72.0324,-42.467],[-72.0328,-42.4665],[-72.0329,-42.4659],[-72.0327,-42.4654],[-72.0327,-42.4654],[-72.0326,-42.4645],[-72.033,-42.4637],[-72.0332,-42.4633],[-72.0332,-42.4629],[-72.0332,-42.4627],[-72.0332,-42.4621],[-72.0331,-42.4619],[-72.0328,-42.4611],[-72.0328,-42.461],[-72.0328,-42.4603],[-72.0331,-42.4597],[-72.0336,-42.4585],[-72.0337,-42.4579],[-72.0338,-42.4578],[-72.0339,-42.4574],[-72.0339,-42.4569],[-72.0341,-42.4566],[-72.0344,-42.4565],[-72.0364,-42.456],[-72.0387,-42.4548],[-72.0406,-42.4537],[-72.0411,-42.4536],[-72.0412,-42.4535],[-72.0421,-42.4532],[-72.0434,-42.4528],[-72.0435,-42.4528],[-72.0444,-42.4526],[-72.0445,-42.4526],[-72.0468,-42.4526],[-72.0473,-42.4526],[-72.0475,-42.4526],[-72.0477,-42.4525],[-72.0481,-42.4524],[-72.0481,-42.4522],[-72.048,-42.4518],[-72.048,-42.4518],[-72.048,-42.4518],[-72.0477,-42.4513],[-72.0475,-42.4507],[-72.0474,-42.4503],[-72.0471,-42.4493],[-72.0468,-42.4486],[-72.0461,-42.4477],[-72.0456,-42.4471],[-72.0451,-42.4465],[-72.0451,-42.4465],[-72.0444,-42.4461],[-72.0442,-42.4459],[-72.0433,-42.445],[-72.0426,-42.4449],[-72.0421,-42.4448],[-72.0411,-42.4444],[-72.041,-42.4443],[-72.0404,-42.4439],[-72.04,-42.4432],[-72.0395,-42.4423],[-72.0395,-42.4414],[-72.0391,-42.4401],[-72.0388,-42.4391],[-72.0386,-42.4383],[-72.0386,-42.4383],[-72.0382,-42.4377],[-72.0381,-42.4369],[-72.0376,-42.4364],[-72.037,-42.4348],[-72.0365,-42.434],[-72.0363,-42.4338],[-72.0361,-42.4335],[-72.0356,-42.4331],[-72.0343,-42.4317],[-72.0341,-42.4315],[-72.0337,-42.4311],[-72.0332,-42.4306],[-72.0328,-42.43],[-72.0331,-42.4296],[-72.0334,-42.4291],[-72.0338,-42.4287],[-72.034,-42.4285],[-72.0344,-42.4279],[-72.0348,-42.4274],[-72.035,-42.4273],[-72.0353,-42.4271],[-72.0356,-42.4263],[-72.0357,-42.4262],[-72.0358,-42.4258],[-72.0358,-42.4258],[-72.0362,-42.4254],[-72.0365,-42.4249],[-72.0364,-42.4242],[-72.0362,-42.4232],[-72.0361,-42.423],[-72.0361,-42.423],[-72.0361,-42.4222],[-72.0357,-42.4213],[-72.0353,-42.4207],[-72.0351,-42.4201],[-72.035,-42.4197],[-72.0349,-42.4193],[-72.0349,-42.4187],[-72.035,-42.4176],[-72.0349,-42.4168],[-72.0345,-42.4162],[-72.0343,-42.4158],[-72.0343,-42.4158],[-72.0338,-42.4151],[-72.0327,-42.4147],[-72.032,-42.4142],[-72.0309,-42.4136],[-72.0297,-42.413],[-72.0291,-42.4128],[-72.0289,-42.4128],[-72.0287,-42.4129],[-72.0286,-42.4129],[-72.0281,-42.4129],[-72.0278,-42.4128],[-72.0277,-42.4124],[-72.0277,-42.412],[-72.0277,-42.4116],[-72.0276,-42.4113],[-72.0276,-42.4112],[-72.0276,-42.4105],[-72.0276,-42.4105],[-72.0274,-42.4096],[-72.0275,-42.4091],[-72.028,-42.4081],[-72.0285,-42.4075],[-72.029,-42.4074],[-72.0298,-42.4068],[-72.0308,-42.4065],[-72.0326,-42.4055],[-72.0337,-42.4043],[-72.0341,-42.4036],[-72.0345,-42.4033],[-72.0351,-42.4027],[-72.0356,-42.4027],[-72.0371,-42.4014],[-72.0384,-42.4006],[-72.0389,-42.3999],[-72.0398,-42.3995],[-72.0404,-42.3992],[-72.041,-42.3991],[-72.0419,-42.3991],[-72.0426,-42.3992],[-72.0435,-42.3993],[-72.0437,-42.3992],[-72.044,-42.3991],[-72.0444,-42.3989],[-72.0444,-42.3987],[-72.0445,-42.3983],[-72.0448,-42.3981],[-72.0451,-42.398],[-72.0457,-42.3979],[-72.046,-42.3977],[-72.0464,-42.3975],[-72.047,-42.3974],[-72.0473,-42.3975],[-72.0473,-42.3975],[-72.049,-42.3975],[-72.0494,-42.3975],[-72.0507,-42.3974],[-72.0516,-42.3976],[-72.0524,-42.3978],[-72.053,-42.3978],[-72.0535,-42.3978],[-72.0541,-42.3977],[-72.0549,-42.3971],[-72.0555,-42.3968],[-72.0557,-42.3967],[-72.0564,-42.3964],[-72.057,-42.3963],[-72.0583,-42.3963],[-72.0587,-42.3963],[-72.0587,-42.3963],[-72.0594,-42.3963],[-72.0599,-42.3961],[-72.0608,-42.3955],[-72.0637,-42.3941],[-72.0667,-42.3921],[-72.0679,-42.3917],[-72.0687,-42.3912],[-72.0696,-42.3904],[-72.0701,-42.3901],[-72.071,-42.3894],[-72.0719,-42.3889],[-72.0722,-42.3885],[-72.0723,-42.3881],[-72.0728,-42.3873],[-72.0733,-42.387],[-72.0739,-42.387],[-72.0743,-42.3863],[-72.0744,-42.3858],[-72.0745,-42.3854],[-72.0746,-42.3849],[-72.0748,-42.3846],[-72.0752,-42.3841],[-72.0762,-42.3833],[-72.0766,-42.3829],[-72.0772,-42.3825],[-72.0777,-42.3826],[-72.0777,-42.383],[-72.078,-42.3832],[-72.0784,-42.3836],[-72.0788,-42.3838],[-72.0792,-42.384],[-72.0796,-42.3844],[-72.0798,-42.3847],[-72.0799,-42.3852],[-72.0801,-42.3861],[-72.0803,-42.3867],[-72.0803,-42.387],[-72.0805,-42.3872],[-72.0808,-42.3874],[-72.0814,-42.3876],[-72.0816,-42.3877],[-72.0819,-42.3881],[-72.0819,-42.3885],[-72.0823,-42.3888],[-72.0828,-42.3892],[-72.0828,-42.3897],[-72.0828,-42.3903],[-72.0829,-42.3905],[-72.0832,-42.3908],[-72.0835,-42.391],[-72.0839,-42.3911],[-72.0842,-42.3912],[-72.0847,-42.3917],[-72.0856,-42.3925],[-72.0861,-42.393],[-72.0862,-42.393],[-72.0862,-42.3934],[-72.0863,-42.3938],[-72.0866,-42.3941],[-72.087,-42.3943],[-72.0874,-42.3946],[-72.0878,-42.3947],[-72.0882,-42.3949],[-72.0887,-42.3955],[-72.089,-42.3958],[-72.0892,-42.396],[-72.0899,-42.396],[-72.0906,-42.3958],[-72.0907,-42.3957],[-72.0913,-42.3955],[-72.0919,-42.3954],[-72.0927,-42.3952],[-72.0937,-42.3953],[-72.0937,-42.3953],[-72.0938,-42.3953],[-72.0943,-42.3954],[-72.0949,-42.3955],[-72.0954,-42.3958],[-72.096,-42.3962],[-72.0964,-42.3965],[-72.0968,-42.3967],[-72.0971,-42.3967],[-72.0973,-42.3965],[-72.0979,-42.3961],[-72.0982,-42.3959],[-72.0985,-42.3957],[-72.0989,-42.3954],[-72.0993,-42.3951],[-72.0999,-42.3949],[-72.1016,-42.3948],[-72.1019,-42.3948],[-72.1024,-42.3947],[-72.1028,-42.3948],[-72.1037,-42.395],[-72.105,-42.3954],[-72.1056,-42.3958],[-72.106,-42.3962],[-72.1067,-42.3968],[-72.1071,-42.3971],[-72.1077,-42.3972],[-72.1083,-42.3976],[-72.1088,-42.3977],[-72.1092,-42.3978],[-72.1098,-42.3979],[-72.1107,-42.3978],[-72.1114,-42.3978],[-72.1118,-42.3978],[-72.1121,-42.3979],[-72.1124,-42.3982],[-72.1127,-42.3983],[-72.1131,-42.3982],[-72.1132,-42.3981],[-72.1137,-42.3976],[-72.1142,-42.3973],[-72.1146,-42.3969],[-72.1148,-42.3966],[-72.1151,-42.3963],[-72.1156,-42.3959],[-72.1164,-42.3955],[-72.1175,-42.3949],[-72.118,-42.3945],[-72.1189,-42.3939],[-72.1193,-42.3934],[-72.1199,-42.3929],[-72.1203,-42.392],[-72.1205,-42.3916],[-72.1207,-42.3913],[-72.1211,-42.3909],[-72.1217,-42.3903],[-72.122,-42.3899],[-72.1223,-42.3895],[-72.1226,-42.3892],[-72.123,-42.3889],[-72.1236,-42.3885],[-72.1242,-42.3883],[-72.125,-42.388],[-72.1254,-42.3876],[-72.1258,-42.3872],[-72.126,-42.3871],[-72.1263,-42.3868],[-72.1271,-42.3863],[-72.1278,-42.3862],[-72.1284,-42.3863],[-72.1293,-42.3863],[-72.1303,-42.3858],[-72.1306,-42.3856],[-72.131,-42.3853],[-72.1312,-42.3851],[-72.1315,-42.3849],[-72.1319,-42.3843],[-72.1319,-42.3836],[-72.1319,-42.3835],[-72.1319,-42.3829],[-72.132,-42.3822],[-72.1321,-42.382],[-72.132,-42.3814],[-72.1318,-42.3812],[-72.1314,-42.3806],[-72.1312,-42.3802],[-72.1312,-42.3791],[-72.1313,-42.3784],[-72.1313,-42.3782],[-72.1311,-42.3776],[-72.131,-42.3774],[-72.1308,-42.3765],[-72.1304,-42.3757],[-72.1302,-42.3749],[-72.1306,-42.3742],[-72.131,-42.3738],[-72.1314,-42.3736],[-72.1319,-42.373],[-72.1322,-42.3725],[-72.1325,-42.3722],[-72.133,-42.3719],[-72.1334,-42.3716],[-72.1338,-42.3712],[-72.1343,-42.3707],[-72.135,-42.3697],[-72.1354,-42.3686],[-72.1355,-42.3681],[-72.1356,-42.3679],[-72.1356,-42.3672],[-72.1355,-42.3663],[-72.1353,-42.366],[-72.1347,-42.3649],[-72.1341,-42.3643],[-72.1341,-42.3643],[-72.134,-42.364],[-72.1339,-42.3637],[-72.1336,-42.3635],[-72.1335,-42.3632],[-72.1333,-42.3629],[-72.1332,-42.3627],[-72.133,-42.3624],[-72.1329,-42.3623],[-72.1327,-42.3617],[-72.1326,-42.3614],[-72.1323,-42.3611],[-72.1321,-42.3609],[-72.1317,-42.3607],[-72.1316,-42.3605],[-72.131,-42.36],[-72.1309,-42.3596],[-72.1309,-42.3595],[-72.1309,-42.3594],[-72.1309,-42.3591],[-72.1314,-42.3586],[-72.1314,-42.3585],[-72.1318,-42.358],[-72.133,-42.357],[-72.1333,-42.3562],[-72.1335,-42.3558],[-72.1339,-42.3553],[-72.1342,-42.3549],[-72.1343,-42.3546],[-72.1344,-42.3539],[-72.1343,-42.3536],[-72.1342,-42.3534],[-72.1341,-42.3532],[-72.1338,-42.3527],[-72.1338,-42.3526],[-72.1339,-42.352],[-72.134,-42.3517],[-72.1341,-42.3515],[-72.1343,-42.3512],[-72.1345,-42.351],[-72.1349,-42.3508],[-72.1353,-42.3505],[-72.136,-42.3501],[-72.1366,-42.3494],[-72.1371,-42.3489],[-72.1373,-42.3487],[-72.1382,-42.3474],[-72.1385,-42.347],[-72.1388,-42.3464],[-72.1389,-42.3459],[-72.1388,-42.3448],[-72.1384,-42.3441],[-72.1382,-42.3439],[-72.1382,-42.3439],[-72.1376,-42.3432],[-72.1373,-42.3429],[-72.137,-42.3425],[-72.1366,-42.3422],[-72.1366,-42.3415],[-72.1365,-42.3409],[-72.136,-42.3402],[-72.1358,-42.3394],[-72.1359,-42.3386],[-72.1362,-42.338],[-72.1366,-42.3376],[-72.1368,-42.3371],[-72.137,-42.3367],[-72.1375,-42.3361],[-72.1377,-42.3358],[-72.1377,-42.3352],[-72.1374,-42.3344],[-72.137,-42.3336],[-72.1366,-42.3328],[-72.1366,-42.3322],[-72.1366,-42.3316],[-72.1364,-42.3303],[-72.1367,-42.3296],[-72.1369,-42.3284],[-72.1371,-42.3281],[-72.1375,-42.3277],[-72.1379,-42.3275],[-72.1381,-42.3273],[-72.1383,-42.327],[-72.1383,-42.3267],[-72.1381,-42.3266],[-72.138,-42.3265],[-72.1372,-42.3266],[-72.1367,-42.3267],[-72.1358,-42.3268],[-72.1349,-42.3268],[-72.1341,-42.3266],[-72.1334,-42.3264],[-72.133,-42.3261],[-72.1318,-42.3261],[-72.1309,-42.3263],[-72.1284,-42.3267],[-72.1279,-42.3266],[-72.1273,-42.3265],[-72.1268,-42.3261],[-72.1267,-42.3261],[-72.1262,-42.3257],[-72.1259,-42.3253],[-72.1253,-42.325],[-72.1246,-42.325],[-72.1239,-42.3247],[-72.1236,-42.3247],[-72.1226,-42.3245],[-72.1226,-42.3245],[-72.1219,-42.3244],[-72.121,-42.3241],[-72.1209,-42.3241],[-72.1208,-42.324],[-72.121,-42.3237],[-72.1215,-42.3232],[-72.1219,-42.323],[-72.1222,-42.3226],[-72.1227,-42.3217],[-72.1229,-42.3206],[-72.1233,-42.319],[-72.1236,-42.318],[-72.1238,-42.3169],[-72.1242,-42.3161],[-72.1248,-42.315],[-72.1254,-42.3143],[-72.1258,-42.3137],[-72.1261,-42.3127],[-72.1261,-42.3123],[-72.1264,-42.3115],[-72.1265,-42.3112],[-72.1269,-42.3104],[-72.1273,-42.31],[-72.128,-42.3096],[-72.1289,-42.3092],[-72.1292,-42.309],[-72.1307,-42.3082],[-72.1314,-42.3077],[-72.1314,-42.3076],[-72.1318,-42.3067],[-72.1325,-42.3058],[-72.133,-42.3056],[-72.1337,-42.3054],[-72.1344,-42.3052],[-72.135,-42.3051],[-72.1351,-42.3049],[-72.1354,-42.3047],[-72.1354,-42.3047],[-72.1354,-42.3043],[-72.1351,-42.3041],[-72.135,-42.3041],[-72.1346,-42.3038],[-72.1344,-42.3036],[-72.1343,-42.3036],[-72.134,-42.3033],[-72.134,-42.3032],[-72.1335,-42.3029],[-72.1332,-42.3027],[-72.1332,-42.3025],[-72.1333,-42.3023],[-72.1336,-42.3021],[-72.1336,-42.3021],[-72.1339,-42.3019],[-72.1343,-42.3015],[-72.1351,-42.3009],[-72.1359,-42.2998],[-72.1362,-42.299],[-72.1365,-42.2984],[-72.1369,-42.2979],[-72.1371,-42.2976],[-72.1375,-42.2969],[-72.1381,-42.2963],[-72.1385,-42.2958],[-72.139,-42.2952],[-72.1393,-42.2947],[-72.1396,-42.2944],[-72.1398,-42.2932],[-72.1399,-42.2923],[-72.1399,-42.2917],[-72.1402,-42.2907],[-72.1405,-42.2899],[-72.1408,-42.2895],[-72.1413,-42.2889],[-72.1417,-42.2884],[-72.142,-42.2881],[-72.1424,-42.2878],[-72.1428,-42.2874],[-72.1432,-42.2872],[-72.1446,-42.2861],[-72.145,-42.2859],[-72.1451,-42.2859],[-72.146,-42.2846],[-72.1467,-42.2832],[-72.1472,-42.2827],[-72.1474,-42.2824],[-72.1479,-42.2823],[-72.1484,-42.2816],[-72.1497,-42.2803],[-72.15,-42.2801],[-72.1519,-42.2798],[-72.1528,-42.2793],[-72.1528,-42.2787],[-72.1533,-42.2782],[-72.1536,-42.278],[-72.1538,-42.2778],[-72.1535,-42.277],[-72.1535,-42.2763],[-72.1535,-42.2761],[-72.1539,-42.2755],[-72.1543,-42.2741],[-72.1546,-42.2737],[-72.1547,-42.2727],[-72.155,-42.2723],[-72.1556,-42.2719],[-72.1562,-42.2716],[-72.1562,-42.2716],[-72.1572,-42.2713],[-72.1578,-42.2708],[-72.1589,-42.2704],[-72.1597,-42.2701],[-72.1605,-42.2699],[-72.1613,-42.2696],[-72.1616,-42.2693],[-72.1616,-42.2692],[-72.1621,-42.2688],[-72.1623,-42.2684],[-72.1624,-42.2676],[-72.1624,-42.2668],[-72.1628,-42.2665],[-72.1638,-42.2654],[-72.164,-42.265],[-72.164,-42.2646],[-72.1643,-42.2644],[-72.1646,-42.2644],[-72.1648,-42.2644],[-72.1651,-42.264],[-72.1653,-42.2637],[-72.1658,-42.2627],[-72.1659,-42.2626],[-72.1669,-42.2618],[-72.1674,-42.2613],[-72.1674,-42.2608],[-72.1679,-42.2603],[-72.1681,-42.2599],[-72.1681,-42.2594],[-72.1681,-42.2589],[-72.1685,-42.2584],[-72.1687,-42.2579],[-72.1686,-42.2576],[-72.1686,-42.2571],[-72.1686,-42.2567],[-72.1687,-42.2563],[-72.1689,-42.2561],[-72.1692,-42.2559],[-72.1692,-42.2556],[-72.1691,-42.2555],[-72.1689,-42.2552],[-72.1686,-42.255],[-72.1686,-42.2546],[-72.1686,-42.2541],[-72.1687,-42.2536],[-72.1686,-42.2532],[-72.1685,-42.2527],[-72.1685,-42.2523],[-72.1685,-42.2519],[-72.1685,-42.2516],[-72.1685,-42.251],[-72.1683,-42.2505],[-72.1678,-42.2501],[-72.1675,-42.2498],[-72.1672,-42.2496],[-72.1666,-42.2493],[-72.1663,-42.249],[-72.1657,-42.2487],[-72.1652,-42.2483],[-72.1646,-42.248],[-72.1641,-42.2477],[-72.1619,-42.2467],[-72.1613,-42.2465],[-72.1602,-42.246],[-72.1589,-42.2456],[-72.1579,-42.2455],[-72.1561,-42.245],[-72.1552,-42.2448],[-72.1546,-42.2446],[-72.1541,-42.2442],[-72.1537,-42.2438],[-72.1536,-42.2434],[-72.1536,-42.243],[-72.1536,-42.2425],[-72.1537,-42.2417],[-72.1541,-42.2411],[-72.1541,-42.2403],[-72.1542,-42.24],[-72.1545,-42.2392],[-72.1548,-42.2388],[-72.1551,-42.2383],[-72.1556,-42.2378],[-72.1559,-42.2375],[-72.1561,-42.2371],[-72.1561,-42.2367],[-72.1562,-42.2364],[-72.1563,-42.236],[-72.1564,-42.2355],[-72.1565,-42.235],[-72.1565,-42.2345],[-72.1566,-42.2339],[-72.157,-42.2333],[-72.157,-42.2328],[-72.1568,-42.2319],[-72.1578,-42.2304],[-72.158,-42.2302],[-72.1586,-42.2297],[-72.1588,-42.229],[-72.1589,-42.2287],[-72.1589,-42.2281],[-72.1586,-42.2273],[-72.1586,-42.2272],[-72.1594,-42.2262],[-72.1596,-42.2259],[-72.1609,-42.2241],[-72.1614,-42.2237],[-72.1615,-42.2236],[-72.1621,-42.2229],[-72.1624,-42.2225],[-72.1624,-42.2219],[-72.1629,-42.2214],[-72.1631,-42.2209],[-72.1635,-42.2203],[-72.1641,-42.2202],[-72.1651,-42.2202],[-72.1652,-42.2201],[-72.1654,-42.22],[-72.1653,-42.2197],[-72.165,-42.2195],[-72.165,-42.2195],[-72.1649,-42.2193],[-72.1644,-42.219],[-72.1641,-42.2187],[-72.1641,-42.2187],[-72.1641,-42.2184],[-72.1644,-42.2174],[-72.1648,-42.2167],[-72.1649,-42.2166],[-72.166,-42.2146],[-72.1663,-42.2141],[-72.1663,-42.2138],[-72.1662,-42.2134],[-72.1659,-42.2131],[-72.1653,-42.2127],[-72.1649,-42.2122],[-72.1645,-42.2119],[-72.1642,-42.2115],[-72.1641,-42.2112],[-72.164,-42.2106],[-72.164,-42.2102],[-72.1638,-42.2099],[-72.1632,-42.2095],[-72.163,-42.2093],[-72.1629,-42.2093],[-72.1622,-42.2088],[-72.1611,-42.2083],[-72.1606,-42.2079],[-72.1596,-42.2073],[-72.1586,-42.2067],[-72.1576,-42.2063],[-72.1573,-42.2061],[-72.1566,-42.2059],[-72.156,-42.2056],[-72.1558,-42.2054],[-72.1558,-42.2051],[-72.1561,-42.2049],[-72.1563,-42.2048],[-72.1565,-42.2047],[-72.1567,-42.2046],[-72.157,-42.2044],[-72.157,-42.204],[-72.1568,-42.2036],[-72.1566,-42.2032],[-72.1564,-42.2029],[-72.1563,-42.2028],[-72.1562,-42.2023],[-72.1561,-42.2018],[-72.156,-42.2012],[-72.1559,-42.2009],[-72.1558,-42.2005],[-72.1557,-42.1997],[-72.1562,-42.1981],[-72.1563,-42.1971],[-72.1565,-42.1967],[-72.1566,-42.1949],[-72.1569,-42.1944],[-72.1568,-42.1937],[-72.1577,-42.193],[-72.1579,-42.1928],[-72.1588,-42.192],[-72.1596,-42.1913],[-72.1604,-42.191],[-72.1618,-42.1908],[-72.1623,-42.1906],[-72.1624,-42.1906],[-72.1641,-42.1898],[-72.1645,-42.1894],[-72.1656,-42.1889],[-72.1658,-42.1888],[-72.1663,-42.1885],[-72.167,-42.1881],[-72.1672,-42.188],[-72.1675,-42.1878],[-72.1678,-42.1876],[-72.168,-42.1875],[-72.168,-42.1873],[-72.1681,-42.1868],[-72.1682,-42.1866],[-72.169,-42.1861],[-72.1695,-42.1858],[-72.1701,-42.1854],[-72.1709,-42.185],[-72.1716,-42.1847],[-72.172,-42.1848],[-72.1725,-42.1848],[-72.1732,-42.1847],[-72.1737,-42.1845],[-72.174,-42.1843],[-72.1751,-42.184],[-72.1753,-42.184],[-72.1761,-42.1838],[-72.1766,-42.1833],[-72.1771,-42.1828],[-72.1777,-42.1826],[-72.1793,-42.1821],[-72.1804,-42.1812],[-72.1811,-42.1801],[-72.1813,-42.1798],[-72.1827,-42.1788],[-72.1834,-42.1781],[-72.1841,-42.1774],[-72.1845,-42.1767],[-72.1844,-42.1758],[-72.1844,-42.1756],[-72.1844,-42.1755],[-72.1848,-42.175],[-72.1851,-42.1747],[-72.1852,-42.1744],[-72.1852,-42.1739],[-72.1848,-42.1732],[-72.1848,-42.173],[-72.1849,-42.1724],[-72.1849,-42.1718],[-72.1849,-42.1713],[-72.1853,-42.1708],[-72.1856,-42.17],[-72.1856,-42.1692],[-72.186,-42.1681],[-72.186,-42.1673],[-72.1857,-42.1662],[-72.1853,-42.1654],[-72.1855,-42.1647],[-72.1857,-42.1636],[-72.1862,-42.1631],[-72.1872,-42.1621],[-72.1878,-42.1618],[-72.1882,-42.1614],[-72.1883,-42.161],[-72.1882,-42.1602],[-72.188,-42.1594],[-72.1879,-42.1592],[-72.1879,-42.1592],[-72.1877,-42.1588],[-72.1877,-42.1587],[-72.187,-42.1584],[-72.1867,-42.1583],[-72.186,-42.1583],[-72.1838,-42.1582],[-72.1834,-42.1578],[-72.1816,-42.1575],[-72.1807,-42.1572],[-72.1793,-42.1562],[-72.1789,-42.1555],[-72.1784,-42.1547],[-72.1777,-42.1537],[-72.1777,-42.1537],[-72.1775,-42.1535],[-72.1773,-42.1532],[-72.1772,-42.1531],[-72.1771,-42.1522],[-72.177,-42.1519],[-72.1766,-42.1509],[-72.1764,-42.1506],[-72.1766,-42.1503],[-72.1768,-42.1499],[-72.1768,-42.1496],[-72.1764,-42.1493],[-72.1762,-42.1491],[-72.1757,-42.1485],[-72.1755,-42.1481],[-72.1755,-42.1479],[-72.1758,-42.1465],[-72.176,-42.146],[-72.1757,-42.1458],[-72.1752,-42.1454],[-72.175,-42.1451],[-72.1749,-42.1447],[-72.175,-42.1445],[-72.1754,-42.1434],[-72.1752,-42.1428],[-72.1751,-42.1427],[-72.1745,-42.1423],[-72.1743,-42.1422],[-72.1735,-42.1412],[-72.1732,-42.1409],[-72.1729,-42.1406],[-72.1727,-42.1401],[-72.1722,-42.1398],[-72.1718,-42.1395],[-72.1715,-42.1394],[-72.1709,-42.1394],[-72.1698,-42.1395],[-72.1682,-42.1396],[-72.1679,-42.1399],[-72.167,-42.14],[-72.1659,-42.14],[-72.1652,-42.1402],[-72.1642,-42.1404],[-72.1636,-42.1404],[-72.1623,-42.1411],[-72.1608,-42.1417],[-72.1602,-42.1421],[-72.1592,-42.1431],[-72.1588,-42.1434],[-72.1579,-42.1445],[-72.1576,-42.1445],[-72.1569,-42.1446],[-72.1558,-42.1447],[-72.1552,-42.1448],[-72.1543,-42.1451],[-72.1543,-42.1451],[-72.1534,-42.1452],[-72.1528,-42.1455],[-72.1513,-42.1454],[-72.1506,-42.1455],[-72.1502,-42.1455],[-72.1484,-42.1459],[-72.1472,-42.1462],[-72.1456,-42.1466],[-72.145,-42.1467],[-72.1445,-42.147],[-72.1433,-42.1473],[-72.1425,-42.1476],[-72.1411,-42.148],[-72.1402,-42.1485],[-72.1394,-42.1487],[-72.1383,-42.149],[-72.1381,-42.1491],[-72.1371,-42.1491],[-72.1359,-42.1492],[-72.135,-42.1491],[-72.1343,-42.1493],[-72.1338,-42.1495],[-72.1337,-42.1498],[-72.1334,-42.15],[-72.1327,-42.151],[-72.1319,-42.1512],[-72.1317,-42.1513],[-72.1305,-42.1518],[-72.1302,-42.152],[-72.1292,-42.1526],[-72.1288,-42.1529],[-72.1282,-42.1534],[-72.1274,-42.1536],[-72.1268,-42.1538],[-72.126,-42.154],[-72.1256,-42.1542],[-72.1249,-42.1544],[-72.1239,-42.1548],[-72.1229,-42.155],[-72.1221,-42.155],[-72.1211,-42.1549],[-72.1209,-42.1548],[-72.1208,-42.1547],[-72.1204,-42.1543],[-72.1201,-42.154],[-72.1196,-42.1534],[-72.1191,-42.1527],[-72.1183,-42.1516],[-72.1178,-42.1513],[-72.1175,-42.1511],[-72.117,-42.1504],[-72.1166,-42.1498],[-72.1166,-42.1491],[-72.1165,-42.1485],[-72.1163,-42.148],[-72.116,-42.1477],[-72.1159,-42.1475],[-72.1156,-42.1472],[-72.1156,-42.1472],[-72.1155,-42.1471],[-72.1153,-42.1468],[-72.1152,-42.1463],[-72.115,-42.1461],[-72.1147,-42.1462],[-72.1145,-42.1463],[-72.1143,-42.1465],[-72.1141,-42.1469],[-72.1138,-42.1472],[-72.1134,-42.1473],[-72.1128,-42.1474],[-72.1124,-42.1474],[-72.1121,-42.1473],[-72.1103,-42.1463],[-72.1077,-42.1453],[-72.1051,-42.1451],[-72.1019,-42.1463],[-72.0999,-42.1473],[-72.0971,-42.1473],[-72.0948,-42.148],[-72.0894,-42.1482],[-72.0878,-42.1468],[-72.0875,-42.1466],[-72.0867,-42.1457],[-72.0861,-42.1455],[-72.0859,-42.1453],[-72.0853,-42.1449],[-72.0851,-42.1447],[-72.0851,-42.1446],[-72.085,-42.1443],[-72.0844,-42.1437],[-72.0838,-42.1434],[-72.0836,-42.1434],[-72.0825,-42.1431],[-72.0818,-42.1431],[-72.0807,-42.1432],[-72.0802,-42.1433],[-72.0795,-42.1435],[-72.079,-42.1438],[-72.078,-42.1444],[-72.0779,-42.1446],[-72.0778,-42.1448],[-72.0775,-42.1453],[-72.0766,-42.1457],[-72.0762,-42.146],[-72.0755,-42.1461],[-72.074,-42.1465],[-72.0717,-42.147],[-72.0679,-42.1469],[-72.0673,-42.1468],[-72.0665,-42.1467],[-72.0664,-42.1465],[-72.0663,-42.1463],[-72.0662,-42.1463],[-72.0663,-42.1455],[-72.0664,-42.1451],[-72.0665,-42.1445],[-72.0665,-42.1437],[-72.0664,-42.143],[-72.0659,-42.1425],[-72.0658,-42.1419],[-72.0658,-42.1419],[-72.0657,-42.1419],[-72.0651,-42.1411],[-72.0646,-42.1407],[-72.0642,-42.1405],[-72.0639,-42.14],[-72.0637,-42.1397],[-72.0636,-42.1396],[-72.0635,-42.1392],[-72.064,-42.139],[-72.064,-42.139],[-72.0642,-42.1388],[-72.0642,-42.1383],[-72.0643,-42.1382],[-72.0644,-42.138],[-72.0648,-42.1377],[-72.0652,-42.1374],[-72.0663,-42.1372],[-72.067,-42.1369],[-72.0689,-42.1362],[-72.0749,-42.1345],[-72.077,-42.1336],[-72.0801,-42.1323],[-72.0792,-42.1306],[-72.0791,-42.1299],[-72.0791,-42.1295],[-72.0783,-42.1294],[-72.0783,-42.1291],[-72.0782,-42.1287],[-72.0767,-42.1284],[-72.0753,-42.1273],[-72.0753,-42.1273],[-72.0748,-42.1268],[-72.0745,-42.1264],[-72.0745,-42.1264],[-72.0741,-42.1258],[-72.0735,-42.1253],[-72.0726,-42.125],[-72.0719,-42.1252],[-72.0708,-42.1249],[-72.0699,-42.1249],[-72.0692,-42.125],[-72.0684,-42.1251],[-72.0676,-42.1249],[-72.0671,-42.1246],[-72.0666,-42.1243],[-72.0662,-42.1237],[-72.0662,-42.1237],[-72.0661,-42.1235],[-72.0658,-42.1231],[-72.0653,-42.1226],[-72.0653,-42.1226],[-72.0649,-42.1224],[-72.0649,-42.1224],[-72.0643,-42.1221],[-72.0641,-42.1218],[-72.064,-42.1217],[-72.0637,-42.1201],[-72.0638,-42.1199],[-72.0642,-42.1197],[-72.0645,-42.1197],[-72.0645,-42.1197],[-72.0649,-42.1196],[-72.0657,-42.1191],[-72.066,-42.119],[-72.0666,-42.1185],[-72.0666,-42.1185],[-72.0668,-42.1182],[-72.0665,-42.1177],[-72.0662,-42.1176],[-72.066,-42.1175],[-72.065,-42.1174],[-72.0637,-42.1172],[-72.0603,-42.1166],[-72.0582,-42.1159],[-72.0572,-42.1153],[-72.0559,-42.1146],[-72.0552,-42.1143],[-72.0544,-42.1141],[-72.053,-42.1139],[-72.052,-42.1139],[-72.0517,-42.1142],[-72.0514,-42.1147],[-72.0515,-42.1154],[-72.0508,-42.1162],[-72.0505,-42.1169],[-72.05,-42.1177],[-72.0495,-42.1181],[-72.0488,-42.1184],[-72.0484,-42.1189],[-72.048,-42.1224],[-72.0471,-42.1236],[-72.0456,-42.1248],[-72.0451,-42.1251],[-72.0443,-42.1255],[-72.0426,-42.1263],[-72.0416,-42.1266],[-72.0407,-42.1269],[-72.0403,-42.1269],[-72.0402,-42.1269],[-72.04,-42.1266],[-72.0395,-42.126],[-72.0392,-42.1256],[-72.0384,-42.1251],[-72.0374,-42.1243],[-72.0369,-42.1237],[-72.0363,-42.1232],[-72.0354,-42.1228],[-72.0343,-42.1224],[-72.0314,-42.122],[-72.0305,-42.1219],[-72.0293,-42.1222],[-72.0292,-42.1223],[-72.0285,-42.1225],[-72.0271,-42.1236],[-72.0265,-42.1238],[-72.0251,-42.1251],[-72.0247,-42.1253],[-72.0238,-42.1273],[-72.0235,-42.1277],[-72.0237,-42.1282],[-72.0237,-42.1286],[-72.0234,-42.1291],[-72.023,-42.1294],[-72.0222,-42.1297],[-72.0195,-42.1305],[-72.018,-42.1311],[-72.016,-42.1322],[-72.0147,-42.1332],[-72.0137,-42.1343],[-72.0132,-42.1347],[-72.0129,-42.1352],[-72.0133,-42.1357],[-72.0133,-42.1359],[-72.0132,-42.1361],[-72.013,-42.1366],[-72.0126,-42.1369],[-72.0118,-42.1374],[-72.0097,-42.1385],[-72.0078,-42.1397],[-72.0069,-42.1401],[-72.0045,-42.14],[-72.003,-42.1405],[-72.0012,-42.1413],[-72,-42.1412],[-71.9994,-42.1413],[-71.9988,-42.1413],[-71.9982,-42.141],[-71.9973,-42.1408],[-71.9965,-42.1405],[-71.9957,-42.1404],[-71.9948,-42.1406],[-71.9943,-42.1406],[-71.9937,-42.1408],[-71.9931,-42.1408],[-71.9925,-42.1407],[-71.9919,-42.1405],[-71.9914,-42.1401],[-71.991,-42.14],[-71.9885,-42.1392],[-71.9855,-42.1394],[-71.9799,-42.1417],[-71.9773,-42.1426],[-71.9753,-42.1425],[-71.9742,-42.1425],[-71.9734,-42.1428],[-71.973,-42.1431],[-71.9729,-42.1432],[-71.9726,-42.1435],[-71.9726,-42.1439],[-71.9726,-42.144],[-71.9727,-42.1443],[-71.9726,-42.1447],[-71.9725,-42.1449],[-71.9719,-42.145],[-71.9712,-42.1449],[-71.9711,-42.145],[-71.9704,-42.1451],[-71.9699,-42.1447],[-71.9698,-42.1447],[-71.9694,-42.1443],[-71.969,-42.1439],[-71.9687,-42.1436],[-71.9684,-42.1434],[-71.9678,-42.1429],[-71.9672,-42.1425],[-71.9666,-42.1418],[-71.9665,-42.1418],[-71.9665,-42.1418],[-71.9661,-42.1412],[-71.9656,-42.1406],[-71.9653,-42.1398],[-71.9653,-42.1397],[-71.9649,-42.1393],[-71.9649,-42.1393],[-71.9639,-42.1391],[-71.9638,-42.1392],[-71.963,-42.1395],[-71.9624,-42.1397],[-71.9617,-42.1398],[-71.9611,-42.1399],[-71.9599,-42.1404],[-71.9576,-42.1413],[-71.9571,-42.142],[-71.9565,-42.1424],[-71.9565,-42.144],[-71.9563,-42.1445],[-71.956,-42.1452],[-71.9558,-42.146],[-71.9558,-42.1465],[-71.9557,-42.1467],[-71.9555,-42.1473],[-71.9563,-42.1484],[-71.9563,-42.1485],[-71.9564,-42.1487],[-71.9565,-42.1487],[-71.9568,-42.149],[-71.9572,-42.1498],[-71.9573,-42.1504],[-71.9573,-42.1506],[-71.9574,-42.1511],[-71.9573,-42.1536],[-71.9569,-42.1541],[-71.9564,-42.1552],[-71.9564,-42.1552],[-71.955,-42.1559],[-71.9537,-42.1563],[-71.9533,-42.1565],[-71.9528,-42.1567],[-71.9527,-42.1568],[-71.9524,-42.1569],[-71.9517,-42.1573],[-71.9514,-42.1578],[-71.9511,-42.1586],[-71.9513,-42.1591],[-71.9517,-42.1598],[-71.9517,-42.1598],[-71.9518,-42.1599],[-71.9522,-42.1603],[-71.9528,-42.161],[-71.9531,-42.1614],[-71.9542,-42.1628],[-71.9542,-42.1628],[-71.9544,-42.1632],[-71.9545,-42.1635],[-71.9546,-42.1642],[-71.9546,-42.1642],[-71.9546,-42.1644],[-71.9536,-42.1653],[-71.9507,-42.1661],[-71.9486,-42.1667],[-71.9475,-42.1674],[-71.9467,-42.169],[-71.9456,-42.1704],[-71.9432,-42.1713],[-71.9422,-42.1713],[-71.9414,-42.1717],[-71.941,-42.1719],[-71.9403,-42.1725],[-71.9402,-42.1729],[-71.94,-42.1738],[-71.9398,-42.1754],[-71.939,-42.1765],[-71.9382,-42.1777],[-71.9373,-42.1802],[-71.9366,-42.1817],[-71.9346,-42.1835],[-71.9331,-42.1842],[-71.9291,-42.1871],[-71.9279,-42.1881],[-71.9275,-42.1886],[-71.927,-42.1898],[-71.9253,-42.1905],[-71.9238,-42.1904],[-71.9223,-42.1894],[-71.9213,-42.1892],[-71.9207,-42.1892],[-71.9201,-42.1894],[-71.9191,-42.1896],[-71.9185,-42.1896],[-71.917,-42.1894],[-71.9156,-42.1894],[-71.9126,-42.1882],[-71.9124,-42.1881],[-71.911,-42.1874],[-71.9103,-42.1869],[-71.9096,-42.1862],[-71.9096,-42.1861],[-71.9084,-42.1851],[-71.9078,-42.1848],[-71.9071,-42.1845],[-71.9068,-42.1843],[-71.9066,-42.1841],[-71.9061,-42.1834],[-71.9056,-42.1826],[-71.9054,-42.1825],[-71.9044,-42.182],[-71.9033,-42.1817],[-71.9023,-42.1814],[-71.9005,-42.1813],[-71.8979,-42.1806],[-71.8952,-42.1804],[-71.8938,-42.1808],[-71.8936,-42.1808],[-71.8933,-42.1808],[-71.8929,-42.1807],[-71.8929,-42.1804],[-71.8929,-42.1799],[-71.8931,-42.1796],[-71.8932,-42.1792],[-71.8931,-42.1785],[-71.8929,-42.178],[-71.8924,-42.1775],[-71.8916,-42.1769],[-71.8909,-42.1764],[-71.8909,-42.1764],[-71.8906,-42.1762],[-71.89,-42.1759],[-71.8898,-42.1753],[-71.8894,-42.1746],[-71.8888,-42.1741],[-71.8886,-42.174],[-71.8875,-42.1736],[-71.8867,-42.1732],[-71.8864,-42.1727],[-71.886,-42.1721],[-71.8851,-42.1717],[-71.885,-42.1715],[-71.8842,-42.1711],[-71.8835,-42.1705],[-71.8831,-42.1701],[-71.8824,-42.1695],[-71.8822,-42.169],[-71.882,-42.1685],[-71.882,-42.1684],[-71.8818,-42.1682],[-71.8812,-42.1678],[-71.8805,-42.1675],[-71.8802,-42.1673],[-71.8801,-42.1673],[-71.8798,-42.1671],[-71.8795,-42.1662],[-71.8795,-42.1654],[-71.8794,-42.1644],[-71.8796,-42.1638],[-71.8799,-42.1629],[-71.8799,-42.1627],[-71.8797,-42.1618],[-71.8797,-42.1618],[-71.8797,-42.1618],[-71.8796,-42.161],[-71.8792,-42.1598],[-71.8788,-42.1589],[-71.8786,-42.1585],[-71.8785,-42.1581],[-71.8784,-42.1578],[-71.8773,-42.1572],[-71.8765,-42.1567],[-71.8756,-42.1564],[-71.8751,-42.1558],[-71.875,-42.1551],[-71.8745,-42.1547],[-71.8729,-42.1547],[-71.8717,-42.1546],[-71.8705,-42.1546],[-71.8689,-42.1558],[-71.868,-42.156],[-71.8675,-42.156],[-71.8671,-42.1561],[-71.867,-42.1561],[-71.8664,-42.1561],[-71.866,-42.1561],[-71.8648,-42.1561],[-71.8643,-42.156],[-71.8642,-42.1562],[-71.8637,-42.1566],[-71.8629,-42.1572],[-71.8623,-42.1576],[-71.8615,-42.1579],[-71.8608,-42.1583],[-71.86,-42.1588],[-71.8593,-42.159],[-71.8585,-42.1592],[-71.8582,-42.1592],[-71.8573,-42.1586],[-71.8561,-42.1579],[-71.8554,-42.1576],[-71.8533,-42.1568],[-71.8524,-42.1562],[-71.851,-42.1551],[-71.8499,-42.1546],[-71.8492,-42.1541],[-71.848,-42.154],[-71.8464,-42.154],[-71.8459,-42.1541],[-71.8452,-42.1544],[-71.8445,-42.155],[-71.8441,-42.1553],[-71.8431,-42.1563],[-71.8425,-42.1572],[-71.8421,-42.1584],[-71.842,-42.1588],[-71.8421,-42.1591],[-71.8422,-42.1594],[-71.8422,-42.1599],[-71.8421,-42.16],[-71.842,-42.1604],[-71.8419,-42.1604],[-71.8413,-42.1606],[-71.8411,-42.1606],[-71.8406,-42.1606],[-71.8396,-42.1612],[-71.8395,-42.1612],[-71.8389,-42.1614],[-71.8385,-42.1616],[-71.8382,-42.162],[-71.8377,-42.1622],[-71.837,-42.1623],[-71.8364,-42.1623],[-71.8359,-42.1623],[-71.8354,-42.1623],[-71.8348,-42.1626],[-71.8338,-42.1624],[-71.8325,-42.1621],[-71.8323,-42.1621],[-71.8317,-42.1617],[-71.8311,-42.1615],[-71.8311,-42.1615],[-71.831,-42.1615],[-71.8307,-42.1613],[-71.8307,-42.1612],[-71.8305,-42.1605],[-71.8304,-42.1599],[-71.8304,-42.1598],[-71.8297,-42.1594],[-71.8293,-42.1593],[-71.8282,-42.1592],[-71.8274,-42.1591],[-71.8258,-42.1589],[-71.8228,-42.1582],[-71.8199,-42.1573],[-71.8184,-42.1569],[-71.8169,-42.1563],[-71.816,-42.1558],[-71.816,-42.1557],[-71.8154,-42.1551],[-71.8146,-42.154],[-71.8141,-42.1536],[-71.8132,-42.1532],[-71.813,-42.153],[-71.8115,-42.1521],[-71.8103,-42.1516],[-71.8103,-42.1515],[-71.8096,-42.1511],[-71.8094,-42.1509],[-71.8093,-42.1507],[-71.8092,-42.1501],[-71.8093,-42.1497],[-71.8093,-42.1494],[-71.8091,-42.1489],[-71.8091,-42.1488],[-71.809,-42.1487],[-71.8086,-42.1481],[-71.808,-42.1477],[-71.8069,-42.1469],[-71.8069,-42.1469],[-71.8064,-42.1467],[-71.8062,-42.1466],[-71.806,-42.1465],[-71.8041,-42.1458],[-71.8035,-42.1456],[-71.7998,-42.1456],[-71.7995,-42.1457],[-71.7965,-42.1465],[-71.7965,-42.1465],[-71.796,-42.1467],[-71.7953,-42.1473],[-71.7948,-42.1476],[-71.7941,-42.1476],[-71.7915,-42.1489],[-71.7905,-42.1497],[-71.7904,-42.1497],[-71.7898,-42.1497],[-71.7893,-42.1495],[-71.7888,-42.1492],[-71.7873,-42.1489],[-71.7862,-42.1486],[-71.785,-42.1486],[-71.7828,-42.1483],[-71.7817,-42.1481],[-71.7813,-42.1478],[-71.7812,-42.1478],[-71.7809,-42.1476],[-71.7808,-42.1476],[-71.7806,-42.1475],[-71.7805,-42.1471],[-71.7805,-42.147],[-71.7805,-42.1467],[-71.7804,-42.1465],[-71.7804,-42.1461],[-71.7802,-42.1459],[-71.7798,-42.1454],[-71.7791,-42.1449],[-71.7782,-42.1444],[-71.778,-42.1443],[-71.7774,-42.1439],[-71.7769,-42.1437],[-71.7763,-42.1428],[-71.7762,-42.1425],[-71.7762,-42.1424],[-71.7764,-42.1416],[-71.7764,-42.1415],[-71.7764,-42.1405],[-71.7768,-42.1403],[-71.7769,-42.1403],[-71.7774,-42.14],[-71.7777,-42.1398],[-71.7777,-42.1395],[-71.7778,-42.1393],[-71.7778,-42.1392],[-71.7777,-42.1391],[-71.7776,-42.139],[-71.7769,-42.139],[-71.7762,-42.1387],[-71.7758,-42.1384],[-71.7758,-42.1384],[-71.7758,-42.1383],[-71.7756,-42.1383],[-71.7753,-42.1381],[-71.7752,-42.138],[-71.775,-42.1377],[-71.7748,-42.1375],[-71.7747,-42.1372],[-71.7746,-42.1368],[-71.7746,-42.1365],[-71.7746,-42.1364],[-71.7749,-42.1357],[-71.7753,-42.1351],[-71.7755,-42.1345],[-71.7755,-42.1343],[-71.7757,-42.1337],[-71.7758,-42.1331],[-71.7757,-42.1329],[-71.7753,-42.1324],[-71.7753,-42.1323],[-71.7754,-42.132],[-71.7754,-42.132],[-71.7755,-42.1318],[-71.7756,-42.1316],[-71.7758,-42.1314],[-71.7763,-42.1312],[-71.777,-42.1309],[-71.7771,-42.1308],[-71.7773,-42.1308],[-71.7773,-42.1307],[-71.7773,-42.1306],[-71.7772,-42.1302],[-71.7766,-42.1301],[-71.7764,-42.1301],[-71.7763,-42.1301],[-71.7759,-42.13],[-71.7756,-42.1299],[-71.7752,-42.1299],[-71.7748,-42.1298],[-71.7744,-42.1295],[-71.7739,-42.1292],[-71.7732,-42.1289],[-71.7725,-42.129],[-71.771,-42.1289],[-71.7697,-42.129],[-71.769,-42.129],[-71.7685,-42.129],[-71.7678,-42.129],[-71.7671,-42.129],[-71.7664,-42.129],[-71.7658,-42.1291],[-71.7658,-42.1291],[-71.7651,-42.1293],[-71.7645,-42.1294],[-71.764,-42.1295],[-71.7631,-42.1295],[-71.7617,-42.1292],[-71.7603,-42.1292],[-71.7578,-42.1284],[-71.7565,-42.1287],[-71.7547,-42.1298],[-71.754,-42.1299],[-71.7531,-42.1297],[-71.7527,-42.1293],[-71.7522,-42.1291],[-71.7513,-42.1289],[-71.7511,-42.1289],[-71.7502,-42.129],[-71.7496,-42.1291],[-71.7491,-42.1292],[-71.7491,-42.1292],[-71.7486,-42.1293],[-71.7485,-42.1294],[-71.7484,-42.1295],[-71.7482,-42.1298],[-71.7482,-42.13],[-71.7479,-42.1304],[-71.7479,-42.1304],[-71.7478,-42.1304],[-71.7478,-42.1304],[-71.7475,-42.1305],[-71.7474,-42.1303],[-71.7473,-42.13],[-71.7473,-42.1299],[-71.7473,-42.1294],[-71.7471,-42.1292],[-71.747,-42.1291],[-71.7469,-42.1287],[-71.7469,-42.1287],[-71.7464,-42.1282],[-71.7463,-42.1281],[-71.7461,-42.128],[-71.7461,-42.128],[-71.7453,-42.1276],[-71.7439,-42.1271],[-71.7432,-42.1268],[-71.7415,-42.126],[-71.7408,-42.1257],[-71.7389,-42.1253],[-71.7379,-42.1251],[-71.7366,-42.1246],[-71.7355,-42.1246],[-71.7341,-42.1241],[-71.7328,-42.1238],[-71.7328,-42.1238],[-71.7326,-42.1236],[-71.7317,-42.123],[-71.7316,-42.1229],[-71.731,-42.1223],[-71.7306,-42.1213],[-71.7305,-42.1205],[-71.7304,-42.1199],[-71.7304,-42.1196],[-71.7301,-42.1189],[-71.7299,-42.1186],[-71.7297,-42.1184],[-71.7294,-42.118],[-71.7292,-42.1178],[-71.7291,-42.1176],[-71.7288,-42.1174],[-71.7286,-42.1172],[-71.7284,-42.117],[-71.7283,-42.1167],[-71.7288,-42.1157],[-71.7287,-42.115],[-71.7287,-42.1145],[-71.7283,-42.1137],[-71.7279,-42.1133],[-71.7276,-42.113],[-71.7275,-42.1129],[-71.7271,-42.1125],[-71.7268,-42.1117],[-71.7265,-42.1111],[-71.7265,-42.111],[-71.7261,-42.1102],[-71.7261,-42.1101],[-71.7261,-42.1097],[-71.7263,-42.1093],[-71.7264,-42.1091],[-71.7267,-42.1088],[-71.7271,-42.1082],[-71.7275,-42.1078],[-71.7281,-42.1072],[-71.7285,-42.1067],[-71.7286,-42.1057],[-71.7283,-42.1046],[-71.728,-42.1042],[-71.7277,-42.1039],[-71.7273,-42.1029],[-71.7272,-42.1016],[-71.7274,-42.1008],[-71.7277,-42.1005],[-71.7279,-42.1002],[-71.7282,-42.1001],[-71.7283,-42.1],[-71.7287,-42.0997],[-71.7292,-42.0994],[-71.7296,-42.0988],[-71.7297,-42.0988],[-71.7297,-42.0988],[-71.7299,-42.0979],[-71.73,-42.0973],[-71.73,-42.0964],[-71.7308,-42.0956],[-71.7316,-42.0946],[-71.7328,-42.0934],[-71.7332,-42.0929],[-71.7334,-42.0924],[-71.7336,-42.0914],[-71.7341,-42.0908],[-71.7349,-42.0901],[-71.7351,-42.0899],[-71.7354,-42.0896],[-71.7354,-42.0896],[-71.736,-42.0891],[-71.7367,-42.0886],[-71.7373,-42.0882],[-71.7373,-42.0881],[-71.7373,-42.088],[-71.7375,-42.0877],[-71.7378,-42.0871],[-71.7381,-42.0866],[-71.7384,-42.0858],[-71.7391,-42.0855],[-71.7397,-42.0849],[-71.7404,-42.085],[-71.7409,-42.0848],[-71.7412,-42.0843],[-71.7416,-42.0838],[-71.7417,-42.0831],[-71.7417,-42.0827],[-71.741,-42.0817],[-71.7407,-42.0814],[-71.7405,-42.0811],[-71.7398,-42.0803],[-71.7394,-42.08],[-71.7392,-42.0798],[-71.7384,-42.0793],[-71.7384,-42.0792],[-71.7383,-42.079],[-71.7382,-42.0789],[-71.7379,-42.0785],[-71.7381,-42.0781],[-71.7382,-42.0778],[-71.7386,-42.0775],[-71.739,-42.0771],[-71.7395,-42.0766],[-71.7397,-42.0761],[-71.7398,-42.0758],[-71.74,-42.0755],[-71.7402,-42.0747],[-71.7402,-42.0743],[-71.7401,-42.0741],[-71.74,-42.0738],[-71.7399,-42.0735],[-71.7398,-42.0729],[-71.7398,-42.0729],[-71.7396,-42.0722],[-71.7395,-42.0721],[-71.7387,-42.0713],[-71.7379,-42.0706],[-71.7368,-42.0699],[-71.7361,-42.0688],[-71.7354,-42.0681],[-71.7348,-42.0676],[-71.7347,-42.0675],[-71.7343,-42.0667],[-71.7339,-42.066],[-71.7339,-42.0659],[-71.7337,-42.0656],[-71.7336,-42.0654],[-71.7336,-42.0653],[-71.7339,-42.0645],[-71.7344,-42.0634],[-71.7348,-42.0631],[-71.7349,-42.0627],[-71.7349,-42.0623],[-71.7343,-42.0621],[-71.7332,-42.0624],[-71.7316,-42.0632],[-71.7311,-42.0633],[-71.7307,-42.0629],[-71.7306,-42.0629],[-71.7304,-42.0625],[-71.7303,-42.062],[-71.73,-42.0616],[-71.7294,-42.0613],[-71.7284,-42.0608],[-71.7284,-42.0608],[-71.7264,-42.0598],[-71.7259,-42.0596],[-71.7256,-42.0594],[-71.725,-42.0592],[-71.7246,-42.0585],[-71.7246,-42.0585],[-71.7248,-42.0577],[-71.7253,-42.0572],[-71.7255,-42.057],[-71.7259,-42.0566],[-71.7262,-42.0558],[-71.7262,-42.055],[-71.726,-42.0539],[-71.726,-42.0539],[-71.7257,-42.053],[-71.7258,-42.0517],[-71.7263,-42.0509],[-71.7267,-42.0502],[-71.7269,-42.0488],[-71.7272,-42.0476],[-71.7277,-42.0466],[-71.7282,-42.0457],[-71.7285,-42.0452],[-71.7289,-42.0448],[-71.7292,-42.0445],[-71.7295,-42.0442],[-71.73,-42.044],[-71.7308,-42.0439],[-71.7317,-42.0439],[-71.733,-42.0439],[-71.7336,-42.0439],[-71.7337,-42.0439],[-71.7356,-42.043],[-71.7379,-42.0414],[-71.7391,-42.0409],[-71.7401,-42.0405],[-71.741,-42.0403],[-71.7418,-42.0397],[-71.7425,-42.0391],[-71.7432,-42.0383],[-71.7442,-42.0375],[-71.7451,-42.0372],[-71.7454,-42.0372],[-71.7455,-42.0372],[-71.7467,-42.0375],[-71.7487,-42.0377],[-71.7498,-42.0376],[-71.7505,-42.0377],[-71.7514,-42.0377],[-71.752,-42.0378],[-71.7528,-42.0377],[-71.7539,-42.0374],[-71.754,-42.0373],[-71.7542,-42.0366],[-71.7546,-42.036],[-71.7551,-42.0359],[-71.7555,-42.0362],[-71.7558,-42.0366],[-71.756,-42.0368],[-71.7561,-42.037],[-71.7565,-42.037],[-71.7568,-42.0371],[-71.7572,-42.0371],[-71.7574,-42.0363],[-71.7571,-42.0358],[-71.7571,-42.0358],[-71.7569,-42.0349],[-71.7568,-42.0345],[-71.7563,-42.0341],[-71.7561,-42.034],[-71.7559,-42.0339],[-71.7555,-42.0335],[-71.7553,-42.0334],[-71.7549,-42.0329],[-71.7546,-42.0325],[-71.7544,-42.032],[-71.7544,-42.0319],[-71.7543,-42.0316],[-71.7544,-42.0302],[-71.7544,-42.0296],[-71.7541,-42.0288],[-71.7538,-42.0279],[-71.7538,-42.027],[-71.7541,-42.0252],[-71.7542,-42.0249],[-71.7543,-42.0245],[-71.7547,-42.0237],[-71.7551,-42.0234],[-71.7555,-42.0232],[-71.756,-42.0233],[-71.7564,-42.0233],[-71.7569,-42.0235],[-71.7574,-42.0236],[-71.7578,-42.0236],[-71.7581,-42.0236],[-71.7582,-42.0236],[-71.7582,-42.0236],[-71.7583,-42.0236],[-71.7585,-42.0234],[-71.7584,-42.0231],[-71.7582,-42.0229],[-71.7581,-42.0227],[-71.7581,-42.0222],[-71.7582,-42.0219],[-71.7582,-42.0211],[-71.7581,-42.0203],[-71.7581,-42.0198],[-71.7585,-42.0181],[-71.76,-42.0163],[-71.761,-42.0151],[-71.7612,-42.0137],[-71.7612,-42.0128],[-71.7612,-42.0128],[-71.7617,-42.0121],[-71.7626,-42.0112],[-71.7636,-42.0105],[-71.7649,-42.0098],[-71.765,-42.0097],[-71.7651,-42.0097],[-71.7661,-42.0094],[-71.7665,-42.0091],[-71.7668,-42.0087],[-71.7669,-42.0087],[-71.767,-42.0085],[-71.7675,-42.0081],[-71.7678,-42.0082],[-71.768,-42.0082],[-71.7685,-42.0082],[-71.7689,-42.0085],[-71.7691,-42.0087],[-71.7692,-42.0088],[-71.7694,-42.0092],[-71.7695,-42.0093],[-71.7698,-42.0094],[-71.7703,-42.0094],[-71.7715,-42.0093],[-71.7722,-42.0087],[-71.7731,-42.008],[-71.7735,-42.0076],[-71.7741,-42.0065],[-71.7743,-42.0057],[-71.7743,-42.0055],[-71.7743,-42.005],[-71.7747,-42.0044],[-71.7752,-42.0034],[-71.7754,-42.0027],[-71.7753,-42.0022],[-71.7753,-42.0021],[-71.775,-42.0014],[-71.775,-42.0014],[-71.7749,-42.001],[-71.7747,-42.0008],[-71.7745,-42.0005],[-71.7744,-42.0004],[-71.7742,-42.0002],[-71.7741,-42.0002],[-71.774,-42],[-71.7739,-42],[-71.7738,-41.9998],[-71.7731,-41.9999],[-71.7729,-41.9999],[-71.7727,-41.9999],[-71.7672,-41.9999],[-71.7573,-41.9999],[-71.7254,-41.9999],[-71.6943,-41.9999],[-71.6665,-41.9999],[-71.6542,-41.9999],[-71.6538,-41.9999],[-71.6467,-41.9999],[-71.6041,-41.9999],[-71.5816,-41.9999],[-71.5787,-41.9999],[-71.5693,-41.9999],[-71.4978,-41.9999],[-71.4896,-41.9999],[-71.2655,-41.9999],[-71.1749,-42],[-71.1749,-42]]]]},"geometry_name":"geom","properties":{"departamen":"Cushamen","cabecera":"Leleque","superficie":"16.271,53"},"bbox":[-72.1883,-42.9468,-69.4281,-41.9998]},{"type":"Feature","id":"departamentos.6","geometry":{"type":"MultiPolygon","coordinates":[[[[-67.7676,-43.3388],[-67.7674,-43.3518],[-67.7583,-43.9935],[-67.7481,-44.6849],[-68.3712,-44.6872],[-68.9122,-44.6864],[-69.0733,-44.6856],[-69.6268,-44.6814],[-69.9187,-44.678],[-69.5091,-44.1449],[-69.5314,-43.7847],[-69.5585,-43.332],[-67.7676,-43.3388]]]]},"geometry_name":"geom","properties":{"departamen":"Paso de Indios","cabecera":"Paso de Indios","superficie":"22.185,97"},"bbox":[-69.9187,-44.6872,-67.7481,-43.332]},{"type":"Feature","id":"departamentos.7","geometry":{"type":"MultiPolygon","coordinates":[[[[-66.4593,-43.782],[-66.4577,-43.7849],[-66.4578,-43.7892],[-66.4577,-43.7934],[-66.4563,-43.7985],[-66.453,-43.8021],[-66.4499,-43.8057],[-66.4468,-43.8093],[-66.4401,-43.8149],[-66.4357,-43.8177],[-66.4333,-43.8215],[-66.4318,-43.8257],[-66.431,-43.83],[-66.432,-43.8351],[-66.434,-43.8391],[-66.4336,-43.8433],[-66.4326,-43.8475],[-66.4321,-43.8549],[-66.4326,-43.8591],[-66.4334,-43.8634],[-66.435,-43.8685],[-66.4393,-43.8752],[-66.4429,-43.8786],[-66.448,-43.8824],[-66.4524,-43.8852],[-66.4567,-43.8881],[-66.4611,-43.8909],[-66.4653,-43.8938],[-66.4719,-43.8995],[-66.4745,-43.9033],[-66.4762,-43.9073],[-66.4773,-43.9115],[-66.4779,-43.9168],[-66.478,-43.9242],[-66.4777,-43.9284],[-66.4773,-43.9327],[-66.4774,-43.938],[-66.4779,-43.9454],[-66.4786,-43.9506],[-66.4795,-43.9548],[-66.481,-43.9589],[-66.4853,-43.9657],[-66.4885,-43.9693],[-66.4924,-43.9723],[-66.4969,-43.975],[-66.5019,-43.9774],[-66.507,-43.9795],[-66.5124,-43.9811],[-66.518,-43.9824],[-66.5249,-43.9842],[-66.5298,-43.9865],[-66.5397,-43.9912],[-66.5452,-43.9926],[-66.5509,-43.9929],[-66.5612,-43.9921],[-66.567,-43.9914],[-66.5718,-43.991],[-66.5777,-43.9929],[-66.5803,-43.9969],[-66.5834,-44.0006],[-66.5906,-44.0058],[-66.5947,-44.0088],[-66.5984,-44.0135],[-66.6048,-44.019],[-66.6103,-44.0206],[-66.6157,-44.0229],[-66.6205,-44.0227],[-66.6237,-44.0203],[-66.6285,-44.0196],[-66.632,-44.022],[-66.6333,-44.0252],[-66.6347,-44.0284],[-66.6378,-44.032],[-66.6406,-44.0357],[-66.6435,-44.0394],[-66.6463,-44.0432],[-66.6491,-44.0469],[-66.6518,-44.0506],[-66.654,-44.0546],[-66.6572,-44.0581],[-66.6608,-44.0614],[-66.6645,-44.0647],[-66.6686,-44.0677],[-66.6726,-44.0709],[-66.6759,-44.0744],[-66.6785,-44.0782],[-66.6804,-44.081],[-66.6804,-44.081],[-66.6813,-44.082],[-66.682,-44.0829],[-66.6822,-44.0839],[-66.6821,-44.0849],[-66.6817,-44.0859],[-66.6798,-44.0901],[-66.6804,-44.0932],[-66.6806,-44.0942],[-66.6824,-44.0983],[-66.6834,-44.1003],[-66.6834,-44.1003],[-66.6849,-44.1024],[-66.6855,-44.1032],[-66.6845,-44.106],[-66.6824,-44.109],[-66.6818,-44.1099],[-66.6811,-44.1111],[-66.6794,-44.1138],[-66.6771,-44.1178],[-66.6753,-44.1218],[-66.6744,-44.1259],[-66.6742,-44.1302],[-66.6745,-44.1344],[-66.6751,-44.1386],[-66.6763,-44.1428],[-66.6779,-44.1468],[-66.68,-44.1508],[-66.6816,-44.1549],[-66.6832,-44.159],[-66.6852,-44.1629],[-66.687,-44.167],[-66.6885,-44.171],[-66.6901,-44.1751],[-66.6913,-44.1793],[-66.692,-44.1835],[-66.6928,-44.1877],[-66.6945,-44.1917],[-66.6969,-44.195],[-66.7017,-44.1974],[-66.7067,-44.1997],[-66.7117,-44.202],[-66.7157,-44.205],[-66.7189,-44.2085],[-66.7223,-44.212],[-66.7258,-44.2154],[-66.7296,-44.2186],[-66.7336,-44.2218],[-66.7377,-44.2249],[-66.7419,-44.2278],[-66.747,-44.2298],[-66.7525,-44.2315],[-66.7579,-44.2331],[-66.763,-44.2353],[-66.7678,-44.2376],[-66.7725,-44.2402],[-66.7768,-44.2431],[-66.7808,-44.2462],[-66.7845,-44.2495],[-66.7879,-44.253],[-66.7919,-44.2561],[-66.7958,-44.2593],[-66.7989,-44.2629],[-66.8016,-44.2666],[-66.8038,-44.2705],[-66.8058,-44.2745],[-66.807,-44.2764],[-66.8092,-44.2781],[-66.8109,-44.2798],[-66.8108,-44.2817],[-66.8085,-44.2858],[-66.8069,-44.2899],[-66.8065,-44.2941],[-66.8065,-44.2984],[-66.8071,-44.3026],[-66.8072,-44.3068],[-66.807,-44.311],[-66.8068,-44.3153],[-66.8066,-44.3195],[-66.8066,-44.3237],[-66.8068,-44.328],[-66.8074,-44.3322],[-66.8081,-44.3364],[-66.8091,-44.3406],[-66.8103,-44.3447],[-66.8121,-44.3487],[-66.8143,-44.3527],[-66.8169,-44.3565],[-66.8205,-44.3599],[-66.8234,-44.3635],[-66.8255,-44.3674],[-66.8274,-44.3715],[-66.8292,-44.3755],[-66.8308,-44.3796],[-66.8325,-44.3836],[-66.8346,-44.3876],[-66.8376,-44.3913],[-66.8408,-44.3948],[-66.8443,-44.3982],[-66.8481,-44.4014],[-66.8518,-44.4047],[-66.855,-44.4083],[-66.8578,-44.412],[-66.8614,-44.4154],[-66.8653,-44.4186],[-66.8693,-44.4217],[-66.874,-44.4242],[-66.8788,-44.4267],[-66.8818,-44.4303],[-66.884,-44.4343],[-66.8866,-44.4381],[-66.8896,-44.4417],[-66.8927,-44.4453],[-66.8961,-44.4488],[-66.9003,-44.4517],[-66.9048,-44.4545],[-66.9089,-44.4575],[-66.912,-44.4611],[-66.9144,-44.465],[-66.9171,-44.4687],[-66.9209,-44.472],[-66.925,-44.4751],[-66.9313,-44.4809],[-66.9339,-44.4847],[-66.936,-44.4887],[-66.9377,-44.4927],[-66.9389,-44.4969],[-66.9392,-44.5022],[-66.939,-44.5064],[-66.9391,-44.5107],[-66.9407,-44.5147],[-66.944,-44.5182],[-66.9488,-44.5208],[-66.9544,-44.5219],[-66.9602,-44.5226],[-66.9644,-44.5256],[-66.9673,-44.5293],[-66.9684,-44.5334],[-66.9681,-44.5377],[-66.9647,-44.5411],[-66.9613,-44.5446],[-66.9594,-44.5485],[-66.9593,-44.5486],[-66.959,-44.5518],[-66.9605,-44.5558],[-66.963,-44.5597],[-66.967,-44.5629],[-66.9695,-44.5655],[-66.9697,-44.5675],[-66.9695,-44.5719],[-66.9691,-44.5761],[-66.9699,-44.5834],[-66.9715,-44.5875],[-66.9743,-44.5924],[-66.9784,-44.5954],[-66.9842,-44.6015],[-66.9883,-44.6046],[-66.992,-44.6079],[-66.9949,-44.6116],[-66.9964,-44.6157],[-66.9989,-44.6195],[-67.0011,-44.6234],[-67.0034,-44.6273],[-67.0061,-44.6308],[-67.0083,-44.6347],[-67.0101,-44.6398],[-67.0119,-44.6438],[-67.0138,-44.6479],[-67.0158,-44.6519],[-67.0178,-44.6533],[-67.0231,-44.6544],[-67.0267,-44.6567],[-67.0301,-44.6603],[-67.0342,-44.6631],[-67.0398,-44.6645],[-67.044,-44.6655],[-67.0482,-44.6684],[-67.0517,-44.6719],[-67.0529,-44.6738],[-67.0534,-44.677],[-67.0562,-44.6807],[-67.059,-44.6844],[-67.0591,-44.6886],[-67.0617,-44.692],[-67.064,-44.6958],[-67.0654,-44.6999],[-67.0681,-44.7036],[-67.0713,-44.7072],[-67.0765,-44.7137],[-67.0805,-44.7167],[-67.0858,-44.7186],[-67.0927,-44.721],[-67.0934,-44.6989],[-67.0942,-44.6789],[-67.1602,-44.6797],[-67.7481,-44.6849],[-67.7583,-43.9935],[-67.7674,-43.3518],[-67.7676,-43.3388],[-67.7739,-42.8826],[-67.1703,-42.8791],[-67.1536,-42.879],[-67.1492,-43.3247],[-67.1482,-43.3403],[-67.1054,-43.3401],[-66.5299,-43.3353],[-66.5266,-43.6592],[-66.5265,-43.6702],[-66.526,-43.7174],[-66.526,-43.7249],[-66.5255,-43.7685],[-66.5246,-43.783],[-66.4593,-43.782]]]]},"geometry_name":"geom","properties":{"departamen":"M�rtires","cabecera":"Las Plumas","superficie":"15.643,25"},"bbox":[-67.7739,-44.721,-66.431,-42.879]},{"type":"Feature","id":"departamentos.8","geometry":{"type":"MultiPolygon","coordinates":[[[[-70.5845,-42.8665],[-70.5831,-42.8683],[-70.5803,-42.8714],[-70.576,-42.8761],[-70.576,-42.8761],[-70.5759,-42.8761],[-70.5757,-42.8763],[-70.5754,-42.8767],[-70.5751,-42.8771],[-70.5747,-42.8777],[-70.5745,-42.8779],[-70.574,-42.8791],[-70.5738,-42.8795],[-70.5738,-42.8795],[-70.5737,-42.8795],[-70.5734,-42.8811],[-70.5733,-42.8816],[-70.5733,-42.8823],[-70.5733,-42.883],[-70.5733,-42.8835],[-70.5734,-42.8845],[-70.5736,-42.887],[-70.5739,-42.888],[-70.5739,-42.8881],[-70.574,-42.8887],[-70.5741,-42.8891],[-70.5742,-42.8893],[-70.5742,-42.8896],[-70.5744,-42.8903],[-70.5744,-42.8904],[-70.5762,-42.8939],[-70.5784,-42.8972],[-70.5805,-42.9026],[-70.5809,-42.9062],[-70.5783,-42.9095],[-70.5753,-42.9124],[-70.572,-42.9152],[-70.5663,-42.9192],[-70.5663,-42.9193],[-70.5662,-42.9194],[-70.566,-42.9196],[-70.5658,-42.9198],[-70.5657,-42.9199],[-70.5655,-42.9201],[-70.5653,-42.9203],[-70.5651,-42.9205],[-70.5649,-42.9206],[-70.5648,-42.9207],[-70.5646,-42.9212],[-70.5645,-42.9214],[-70.5644,-42.9216],[-70.5643,-42.9218],[-70.5642,-42.922],[-70.5642,-42.922],[-70.5641,-42.9222],[-70.5641,-42.9222],[-70.5641,-42.9223],[-70.5646,-42.924],[-70.5658,-42.926],[-70.5672,-42.9273],[-70.5673,-42.9273],[-70.5675,-42.9275],[-70.5677,-42.9276],[-70.5679,-42.9278],[-70.5681,-42.9279],[-70.5683,-42.928],[-70.5686,-42.9282],[-70.5688,-42.9283],[-70.569,-42.9284],[-70.569,-42.9285],[-70.5692,-42.9286],[-70.5695,-42.9287],[-70.5697,-42.9289],[-70.5699,-42.929],[-70.5701,-42.9292],[-70.5704,-42.9293],[-70.5706,-42.9294],[-70.5708,-42.9296],[-70.5711,-42.9297],[-70.5713,-42.9299],[-70.5714,-42.9299],[-70.5715,-42.93],[-70.5715,-42.93],[-70.5717,-42.9302],[-70.5719,-42.9303],[-70.5721,-42.9304],[-70.5723,-42.9306],[-70.5725,-42.9307],[-70.5727,-42.9309],[-70.5729,-42.931],[-70.573,-42.9311],[-70.5733,-42.9315],[-70.5735,-42.9317],[-70.5736,-42.9319],[-70.5737,-42.9321],[-70.5738,-42.9323],[-70.574,-42.9325],[-70.5741,-42.9326],[-70.5741,-42.9327],[-70.575,-42.9363],[-70.5762,-42.94],[-70.5778,-42.9435],[-70.5806,-42.9465],[-70.5868,-42.9499],[-70.5913,-42.9515],[-70.5984,-42.9534],[-70.6051,-42.9559],[-70.609,-42.9583],[-70.613,-42.9606],[-70.6171,-42.9628],[-70.6257,-42.9665],[-70.6306,-42.9675],[-70.6457,-42.9672],[-70.6507,-42.9671],[-70.6583,-42.9671],[-70.6633,-42.9673],[-70.6683,-42.9676],[-70.6733,-42.968],[-70.6783,-42.9684],[-70.6834,-42.9687],[-70.6884,-42.9691],[-70.6934,-42.9694],[-70.696,-42.9696],[-70.6982,-42.9703],[-70.6997,-42.9719],[-70.7006,-42.9735],[-70.7038,-42.9805],[-70.7055,-42.984],[-70.7072,-42.9875],[-70.7095,-42.9908],[-70.7125,-42.9939],[-70.7158,-42.9967],[-70.7196,-42.999],[-70.7243,-43.0005],[-70.7317,-43.0018],[-70.7382,-43.0044],[-70.7418,-43.0071],[-70.7461,-43.0087],[-70.7512,-43.0092],[-70.7557,-43.0107],[-70.7603,-43.0123],[-70.7675,-43.0139],[-70.7748,-43.0151],[-70.7792,-43.0169],[-70.7834,-43.019],[-70.7874,-43.0213],[-70.7909,-43.0241],[-70.792,-43.0275],[-70.7909,-43.0311],[-70.7894,-43.0347],[-70.7879,-43.0383],[-70.7872,-43.0419],[-70.7862,-43.0456],[-70.7855,-43.051],[-70.7862,-43.0547],[-70.7873,-43.0584],[-70.7889,-43.0619],[-70.7907,-43.0653],[-70.7922,-43.0689],[-70.7932,-43.0725],[-70.7938,-43.0762],[-70.7943,-43.0799],[-70.7944,-43.0854],[-70.794,-43.0891],[-70.7931,-43.0928],[-70.7924,-43.0983],[-70.7933,-43.1019],[-70.7953,-43.1053],[-70.7992,-43.1102],[-70.8039,-43.1145],[-70.8075,-43.1172],[-70.8109,-43.1199],[-70.8155,-43.1243],[-70.8188,-43.1293],[-70.8205,-43.1328],[-70.8221,-43.1382],[-70.8225,-43.1419],[-70.8228,-43.1456],[-70.8231,-43.1512],[-70.8233,-43.1549],[-70.824,-43.1585],[-70.8259,-43.1639],[-70.8273,-43.1675],[-70.8278,-43.1711],[-70.8279,-43.1748],[-70.8279,-43.1786],[-70.8278,-43.1823],[-70.8276,-43.1859],[-70.8275,-43.1897],[-70.8274,-43.1934],[-70.8251,-43.2006],[-70.8239,-43.2041],[-70.8239,-43.2078],[-70.8244,-43.2134],[-70.8247,-43.2171],[-70.8248,-43.2226],[-70.827,-43.228],[-70.8309,-43.2327],[-70.8341,-43.2356],[-70.8375,-43.2383],[-70.8409,-43.2411],[-70.8459,-43.2453],[-70.8498,-43.25],[-70.8531,-43.2551],[-70.8536,-43.2564],[-70.8545,-43.2586],[-70.8545,-43.2589],[-70.8554,-43.2623],[-70.8561,-43.266],[-70.8576,-43.2695],[-70.86,-43.2727],[-70.8628,-43.2758],[-70.8656,-43.2789],[-70.8685,-43.282],[-70.8715,-43.285],[-70.8744,-43.288],[-70.8769,-43.2912],[-70.879,-43.2946],[-70.8808,-43.298],[-70.8826,-43.3015],[-70.8846,-43.305],[-70.886,-43.3085],[-70.886,-43.3121],[-70.8849,-43.3158],[-70.8834,-43.3194],[-70.8818,-43.3229],[-70.8799,-43.3263],[-70.8757,-43.329],[-70.8717,-43.3314],[-70.8685,-43.3342],[-70.8667,-43.3376],[-70.8657,-43.3413],[-70.865,-43.3449],[-70.8644,-43.3486],[-70.864,-43.3523],[-70.8635,-43.356],[-70.8629,-43.3597],[-70.8628,-43.3634],[-70.8637,-43.367],[-70.8648,-43.3706],[-70.8654,-43.3743],[-70.8654,-43.378],[-70.8651,-43.3817],[-70.8645,-43.3854],[-70.8645,-43.3891],[-70.8644,-43.3928],[-70.8628,-43.3962],[-70.8606,-43.3996],[-70.8591,-43.4033],[-70.8584,-43.4069],[-70.8597,-43.4104],[-70.862,-43.4138],[-70.8623,-43.4174],[-70.8619,-43.4212],[-70.8607,-43.4248],[-70.8584,-43.428],[-70.8556,-43.4312],[-70.8552,-43.4318],[-70.8535,-43.4346],[-70.8524,-43.4382],[-70.8508,-43.4417],[-70.8477,-43.4448],[-70.8451,-43.448],[-70.845,-43.4515],[-70.8456,-43.4529],[-70.8465,-43.4551],[-70.8486,-43.4586],[-70.8518,-43.4615],[-70.8549,-43.464],[-70.8552,-43.4643],[-70.8586,-43.467],[-70.8619,-43.4698],[-70.8647,-43.4729],[-70.866,-43.4747],[-70.8671,-43.4762],[-70.8694,-43.4795],[-70.8722,-43.4826],[-70.8745,-43.4857],[-70.8746,-43.4858],[-70.8766,-43.4892],[-70.8784,-43.4927],[-70.8798,-43.4962],[-70.8811,-43.4998],[-70.8825,-43.5034],[-70.8842,-43.5069],[-70.8861,-43.5103],[-70.888,-43.5137],[-70.8901,-43.5171],[-70.8924,-43.5204],[-70.8951,-43.5235],[-70.898,-43.5266],[-70.9013,-43.5294],[-70.9043,-43.5324],[-70.907,-43.5356],[-70.9098,-43.5387],[-70.9131,-43.5415],[-70.9169,-43.5439],[-70.9211,-43.546],[-70.9254,-43.548],[-70.9298,-43.5499],[-70.9343,-43.5517],[-70.9389,-43.5533],[-70.9436,-43.5547],[-70.9484,-43.5558],[-70.9533,-43.5569],[-70.958,-43.5582],[-70.9627,-43.5597],[-70.967,-43.5616],[-70.9711,-43.5639],[-70.975,-43.5663],[-70.9789,-43.5687],[-70.9827,-43.5711],[-70.9862,-43.5738],[-70.9895,-43.5766],[-70.9926,-43.5795],[-70.9956,-43.5825],[-70.9984,-43.5856],[-71.0012,-43.5887],[-71.0039,-43.5919],[-71.0066,-43.595],[-71.0094,-43.5981],[-71.0122,-43.6012],[-71.0154,-43.604],[-71.0193,-43.6064],[-71.0235,-43.6085],[-71.0279,-43.6104],[-71.0324,-43.6122],[-71.037,-43.6138],[-71.0416,-43.6153],[-71.0464,-43.6166],[-71.0512,-43.6178],[-71.0559,-43.6192],[-71.0606,-43.6207],[-71.0653,-43.6221],[-71.07,-43.6236],[-71.0747,-43.625],[-71.0794,-43.6263],[-71.0842,-43.6277],[-71.0889,-43.6291],[-71.0936,-43.6305],[-71.0984,-43.6319],[-71.1032,-43.6332],[-71.1081,-43.6337],[-71.1131,-43.6328],[-71.118,-43.6317],[-71.1229,-43.6306],[-71.1277,-43.6294],[-71.1325,-43.628],[-71.1365,-43.6258],[-71.1397,-43.6229],[-71.1437,-43.6207],[-71.1485,-43.6193],[-71.1523,-43.6169],[-71.1557,-43.6141],[-71.1584,-43.611],[-71.161,-43.6078],[-71.1643,-43.605],[-71.168,-43.6024],[-71.1713,-43.5996],[-71.1742,-43.5966],[-71.1774,-43.5937],[-71.1811,-43.591],[-71.1854,-43.5893],[-71.1905,-43.5886],[-71.1956,-43.5885],[-71.2007,-43.5888],[-71.2058,-43.5891],[-71.2109,-43.5889],[-71.2158,-43.5879],[-71.2205,-43.5863],[-71.2249,-43.5845],[-71.2289,-43.5822],[-71.2325,-43.5795],[-71.2362,-43.5771],[-71.241,-43.5762],[-71.2462,-43.576],[-71.2513,-43.5756],[-71.2564,-43.5751],[-71.2614,-43.5745],[-71.2663,-43.5736],[-71.2711,-43.5725],[-71.2759,-43.5712],[-71.2807,-43.5699],[-71.2855,-43.5686],[-71.2902,-43.5672],[-71.2945,-43.5652],[-71.2984,-43.5629],[-71.3019,-43.5602],[-71.3052,-43.5573],[-71.3093,-43.5553],[-71.314,-43.5536],[-71.3187,-43.5523],[-71.3237,-43.5516],[-71.3288,-43.5516],[-71.3339,-43.5521],[-71.3388,-43.553],[-71.3437,-43.5541],[-71.3485,-43.5553],[-71.3533,-43.5566],[-71.3581,-43.5578],[-71.363,-43.5586],[-71.368,-43.5593],[-71.3731,-43.5599],[-71.3781,-43.5605],[-71.3831,-43.5611],[-71.3881,-43.5618],[-71.3931,-43.5626],[-71.3957,-43.563],[-71.398,-43.5634],[-71.403,-43.5643],[-71.4079,-43.5652],[-71.4129,-43.566],[-71.4179,-43.5666],[-71.4229,-43.5671],[-71.4279,-43.568],[-71.4329,-43.5689],[-71.4378,-43.5697],[-71.4429,-43.5699],[-71.4481,-43.5694],[-71.4528,-43.5682],[-71.4535,-43.5674],[-71.4554,-43.5651],[-71.4572,-43.5615],[-71.4606,-43.5589],[-71.4648,-43.5568],[-71.4685,-43.5543],[-71.4686,-43.5542],[-71.4716,-43.5513],[-71.4735,-43.5478],[-71.4771,-43.5453],[-71.4809,-43.5428],[-71.4844,-43.5401],[-71.4893,-43.5391],[-71.4942,-43.5383],[-71.4986,-43.5363],[-71.5025,-43.534],[-71.507,-43.5323],[-71.5112,-43.53],[-71.5154,-43.5278],[-71.5199,-43.5264],[-71.5201,-43.5265],[-71.5248,-43.5267],[-71.5299,-43.5277],[-71.5349,-43.5283],[-71.5395,-43.53],[-71.5445,-43.5304],[-71.5496,-43.5303],[-71.5542,-43.5287],[-71.5582,-43.5265],[-71.5621,-43.5241],[-71.566,-43.5215],[-71.5704,-43.5201],[-71.5756,-43.5201],[-71.5807,-43.5204],[-71.5857,-43.5211],[-71.5905,-43.5224],[-71.5952,-43.5237],[-71.6001,-43.5249],[-71.605,-43.5244],[-71.6096,-43.5227],[-71.614,-43.5208],[-71.619,-43.5202],[-71.6241,-43.5207],[-71.6281,-43.523],[-71.6329,-43.5241],[-71.6379,-43.5237],[-71.6429,-43.5229],[-71.6478,-43.5219],[-71.6528,-43.5212],[-71.6579,-43.5207],[-71.6629,-43.5211],[-71.6679,-43.5219],[-71.6723,-43.524],[-71.6736,-43.5273],[-71.6734,-43.5312],[-71.6743,-43.5347],[-71.6766,-43.538],[-71.6775,-43.5389],[-71.6796,-43.541],[-71.6817,-43.5428],[-71.683,-43.5438],[-71.6868,-43.5464],[-71.6891,-43.5475],[-71.6914,-43.5482],[-71.6935,-43.5474],[-71.6975,-43.5451],[-71.7021,-43.5433],[-71.7085,-43.5419],[-71.7135,-43.5415],[-71.718,-43.5425],[-71.7222,-43.5446],[-71.7262,-43.5467],[-71.7275,-43.5475],[-71.7314,-43.5499],[-71.7339,-43.553],[-71.7365,-43.556],[-71.7388,-43.5592],[-71.7413,-43.5622],[-71.7477,-43.5671],[-71.7507,-43.5715],[-71.7536,-43.5767],[-71.7558,-43.5808],[-71.7567,-43.5828],[-71.7568,-43.5829],[-71.7572,-43.5838],[-71.7574,-43.5842],[-71.7624,-43.5809],[-71.7633,-43.5796],[-71.7642,-43.5782],[-71.7644,-43.5776],[-71.7646,-43.5767],[-71.7648,-43.5761],[-71.7649,-43.575],[-71.7649,-43.575],[-71.7641,-43.5738],[-71.7636,-43.5735],[-71.7629,-43.5731],[-71.7621,-43.5727],[-71.7606,-43.5717],[-71.7599,-43.5714],[-71.76,-43.571],[-71.7603,-43.5703],[-71.7609,-43.5696],[-71.7612,-43.5691],[-71.7614,-43.5682],[-71.7615,-43.5672],[-71.7617,-43.5666],[-71.7623,-43.5655],[-71.7628,-43.5649],[-71.7638,-43.5643],[-71.7645,-43.5638],[-71.7652,-43.5634],[-71.7654,-43.5629],[-71.7651,-43.5624],[-71.7648,-43.5619],[-71.7645,-43.5613],[-71.7645,-43.5608],[-71.7649,-43.5597],[-71.7647,-43.5588],[-71.7637,-43.5575],[-71.7636,-43.5574],[-71.7633,-43.557],[-71.763,-43.5563],[-71.764,-43.5556],[-71.7655,-43.5551],[-71.7665,-43.5542],[-71.7672,-43.5539],[-71.7683,-43.5533],[-71.7694,-43.5527],[-71.7703,-43.5516],[-71.7713,-43.5505],[-71.7714,-43.549],[-71.7718,-43.5488],[-71.7724,-43.5465],[-71.7729,-43.5455],[-71.7732,-43.5442],[-71.7735,-43.5437],[-71.7744,-43.5429],[-71.7754,-43.542],[-71.7759,-43.5398],[-71.7765,-43.5387],[-71.7772,-43.539],[-71.778,-43.5391],[-71.779,-43.5392],[-71.78,-43.5396],[-71.7814,-43.5406],[-71.7826,-43.542],[-71.7839,-43.5425],[-71.785,-43.5426],[-71.7853,-43.5425],[-71.7858,-43.5425],[-71.7862,-43.5423],[-71.7871,-43.5419],[-71.788,-43.5414],[-71.7889,-43.5413],[-71.7913,-43.5409],[-71.7939,-43.5409],[-71.7953,-43.5409],[-71.7981,-43.541],[-71.8,-43.5411],[-71.8024,-43.5419],[-71.8044,-43.5432],[-71.8049,-43.5434],[-71.8054,-43.5435],[-71.806,-43.5437],[-71.8074,-43.5441],[-71.8111,-43.5451],[-71.8238,-43.5487],[-71.8249,-43.549],[-71.8271,-43.5496],[-71.8284,-43.55],[-71.8326,-43.5496],[-71.836,-43.5492],[-71.8456,-43.5482],[-71.8495,-43.5491],[-71.8507,-43.5494],[-71.8592,-43.5507],[-71.8612,-43.5516],[-71.8632,-43.5518],[-71.8653,-43.5517],[-71.8676,-43.5513],[-71.8693,-43.551],[-71.871,-43.5507],[-71.8719,-43.5509],[-71.8744,-43.5512],[-71.8752,-43.5513],[-71.8775,-43.5511],[-71.8783,-43.55],[-71.8788,-43.5481],[-71.8788,-43.5458],[-71.878,-43.5431],[-71.8776,-43.5401],[-71.8773,-43.537],[-71.8773,-43.5354],[-71.8785,-43.5338],[-71.8785,-43.5317],[-71.8785,-43.5298],[-71.8785,-43.5275],[-71.8779,-43.5273],[-71.8771,-43.5264],[-71.8747,-43.5263],[-71.8734,-43.5269],[-71.8719,-43.5265],[-71.8717,-43.5249],[-71.8722,-43.5237],[-71.8721,-43.5217],[-71.8704,-43.521],[-71.8697,-43.5191],[-71.8687,-43.5175],[-71.868,-43.517],[-71.8669,-43.5153],[-71.866,-43.5134],[-71.8652,-43.5122],[-71.8645,-43.511],[-71.8636,-43.5107],[-71.8612,-43.5096],[-71.8596,-43.5084],[-71.8586,-43.5065],[-71.8575,-43.5048],[-71.8557,-43.5023],[-71.8556,-43.5021],[-71.8551,-43.5009],[-71.8552,-43.499],[-71.855,-43.4975],[-71.8548,-43.4965],[-71.8548,-43.4964],[-71.8546,-43.4959],[-71.854,-43.4955],[-71.8524,-43.4952],[-71.852,-43.4947],[-71.8519,-43.4937],[-71.8514,-43.4899],[-71.8512,-43.4885],[-71.8503,-43.4876],[-71.8496,-43.4871],[-71.8493,-43.486],[-71.849,-43.4856],[-71.8485,-43.4849],[-71.8485,-43.4843],[-71.8484,-43.4839],[-71.8484,-43.4839],[-71.8486,-43.4829],[-71.8495,-43.4817],[-71.8501,-43.4812],[-71.8507,-43.4807],[-71.8513,-43.4802],[-71.8513,-43.4792],[-71.8517,-43.4781],[-71.8524,-43.4775],[-71.8537,-43.4769],[-71.8548,-43.4762],[-71.8553,-43.476],[-71.8555,-43.4759],[-71.8557,-43.4754],[-71.8558,-43.475],[-71.8558,-43.4749],[-71.8567,-43.4742],[-71.8578,-43.4736],[-71.8588,-43.4728],[-71.8608,-43.4723],[-71.862,-43.4715],[-71.8634,-43.4699],[-71.8662,-43.4668],[-71.8682,-43.4649],[-71.8695,-43.4637],[-71.8699,-43.4635],[-71.8708,-43.4629],[-71.8723,-43.4627],[-71.8763,-43.4633],[-71.8771,-43.4633],[-71.8771,-43.4633],[-71.8785,-43.4632],[-71.879,-43.4627],[-71.8791,-43.4607],[-71.8797,-43.4595],[-71.88,-43.459],[-71.8797,-43.4582],[-71.8796,-43.4563],[-71.8798,-43.4557],[-71.8802,-43.4552],[-71.8805,-43.4549],[-71.8806,-43.4542],[-71.8805,-43.4535],[-71.8805,-43.4527],[-71.8804,-43.4519],[-71.8814,-43.4513],[-71.8815,-43.4513],[-71.8823,-43.4513],[-71.8823,-43.4513],[-71.8833,-43.4513],[-71.884,-43.4511],[-71.8845,-43.4508],[-71.8851,-43.4502],[-71.8855,-43.4502],[-71.8872,-43.4504],[-71.8897,-43.4505],[-71.892,-43.4507],[-71.895,-43.4512],[-71.8957,-43.4515],[-71.8987,-43.4524],[-71.8997,-43.4535],[-71.9003,-43.4546],[-71.9013,-43.4548],[-71.9015,-43.4549],[-71.9026,-43.4554],[-71.9036,-43.4558],[-71.9046,-43.456],[-71.905,-43.4562],[-71.9053,-43.4563],[-71.9057,-43.4564],[-71.906,-43.4565],[-71.9063,-43.4566],[-71.9071,-43.4567],[-71.9073,-43.4567],[-71.9074,-43.4567],[-71.9077,-43.4567],[-71.9087,-43.4567],[-71.9099,-43.4568],[-71.9099,-43.4568],[-71.9112,-43.4565],[-71.9126,-43.4563],[-71.9138,-43.456],[-71.9142,-43.456],[-71.9151,-43.456],[-71.9156,-43.456],[-71.9158,-43.456],[-71.9164,-43.4558],[-71.9175,-43.4556],[-71.9178,-43.4557],[-71.9182,-43.4557],[-71.9189,-43.4557],[-71.9197,-43.4558],[-71.9206,-43.456],[-71.9214,-43.4565],[-71.9217,-43.4566],[-71.9223,-43.4567],[-71.9232,-43.457],[-71.9239,-43.4575],[-71.9242,-43.4581],[-71.9253,-43.4588],[-71.9262,-43.4587],[-71.9271,-43.4583],[-71.9277,-43.4581],[-71.9281,-43.4579],[-71.9286,-43.4578],[-71.9291,-43.4576],[-71.9303,-43.4577],[-71.9307,-43.4573],[-71.9311,-43.4567],[-71.931,-43.4561],[-71.9307,-43.4554],[-71.9305,-43.4547],[-71.9306,-43.454],[-71.9311,-43.453],[-71.9313,-43.4524],[-71.9321,-43.4514],[-71.9327,-43.451],[-71.9333,-43.4506],[-71.9338,-43.45],[-71.9342,-43.4491],[-71.9343,-43.4485],[-71.9343,-43.4479],[-71.9339,-43.4472],[-71.9334,-43.4466],[-71.9329,-43.4461],[-71.9322,-43.4455],[-71.931,-43.4447],[-71.9296,-43.4435],[-71.9289,-43.4427],[-71.9281,-43.4421],[-71.9279,-43.441],[-71.928,-43.4403],[-71.9282,-43.4393],[-71.9284,-43.4386],[-71.9284,-43.438],[-71.9277,-43.4374],[-71.9268,-43.4367],[-71.9254,-43.4354],[-71.9249,-43.4349],[-71.9246,-43.4343],[-71.9244,-43.4329],[-71.9241,-43.4323],[-71.9236,-43.4314],[-71.9234,-43.4309],[-71.9232,-43.4302],[-71.9232,-43.4295],[-71.9234,-43.4288],[-71.9233,-43.4278],[-71.9231,-43.4271],[-71.9228,-43.4266],[-71.9217,-43.4266],[-71.9207,-43.4265],[-71.9197,-43.4266],[-71.9194,-43.4266],[-71.9182,-43.4264],[-71.9178,-43.426],[-71.9176,-43.4255],[-71.9177,-43.4247],[-71.918,-43.4243],[-71.918,-43.4237],[-71.918,-43.4233],[-71.9184,-43.4226],[-71.9187,-43.4219],[-71.9188,-43.4212],[-71.9187,-43.4204],[-71.9184,-43.4199],[-71.9181,-43.4192],[-71.9174,-43.4187],[-71.9161,-43.4183],[-71.9143,-43.4175],[-71.9141,-43.4167],[-71.9143,-43.416],[-71.9145,-43.4152],[-71.915,-43.4144],[-71.9156,-43.4134],[-71.9163,-43.4128],[-71.9171,-43.4125],[-71.9178,-43.4123],[-71.9185,-43.4116],[-71.9186,-43.4111],[-71.9186,-43.411],[-71.9188,-43.4104],[-71.9192,-43.4102],[-71.9195,-43.41],[-71.9197,-43.4099],[-71.9201,-43.4092],[-71.9208,-43.409],[-71.9212,-43.4087],[-71.9224,-43.4084],[-71.9228,-43.4081],[-71.9233,-43.4077],[-71.9236,-43.4073],[-71.9242,-43.4065],[-71.9248,-43.4062],[-71.9256,-43.4056],[-71.9261,-43.4052],[-71.9262,-43.4051],[-71.9263,-43.4048],[-71.9262,-43.4046],[-71.9262,-43.4044],[-71.9262,-43.4041],[-71.9264,-43.4038],[-71.9266,-43.4036],[-71.9274,-43.4029],[-71.9278,-43.4025],[-71.9283,-43.4019],[-71.9284,-43.4014],[-71.9289,-43.4009],[-71.9291,-43.4006],[-71.9297,-43.4],[-71.9302,-43.3987],[-71.9304,-43.3973],[-71.931,-43.3966],[-71.9311,-43.3951],[-71.9311,-43.3943],[-71.9313,-43.3933],[-71.9314,-43.3925],[-71.9311,-43.3914],[-71.9311,-43.3914],[-71.9309,-43.3908],[-71.9309,-43.3903],[-71.931,-43.3895],[-71.9314,-43.3886],[-71.9321,-43.3882],[-71.9329,-43.3876],[-71.9331,-43.3871],[-71.9333,-43.3868],[-71.9332,-43.3866],[-71.9329,-43.3863],[-71.9313,-43.386],[-71.9308,-43.3859],[-71.9306,-43.3859],[-71.9291,-43.386],[-71.9288,-43.386],[-71.9266,-43.3858],[-71.9237,-43.3853],[-71.9222,-43.3849],[-71.9222,-43.3849],[-71.9206,-43.385],[-71.9183,-43.3854],[-71.9173,-43.3854],[-71.9172,-43.3855],[-71.9141,-43.3863],[-71.9124,-43.3866],[-71.912,-43.3867],[-71.9114,-43.3866],[-71.9106,-43.3863],[-71.91,-43.3859],[-71.9094,-43.3854],[-71.9088,-43.3849],[-71.9083,-43.3843],[-71.9073,-43.3831],[-71.9068,-43.3823],[-71.9062,-43.3819],[-71.9053,-43.3813],[-71.9023,-43.3799],[-71.9014,-43.3798],[-71.8996,-43.3797],[-71.8981,-43.38],[-71.8958,-43.3799],[-71.8952,-43.3801],[-71.8947,-43.3801],[-71.8942,-43.3802],[-71.8937,-43.3801],[-71.8938,-43.3798],[-71.8938,-43.3793],[-71.8939,-43.3788],[-71.8937,-43.378],[-71.8935,-43.3776],[-71.8934,-43.3771],[-71.8935,-43.3768],[-71.8937,-43.3765],[-71.8939,-43.3761],[-71.8939,-43.3758],[-71.894,-43.3754],[-71.894,-43.375],[-71.8943,-43.3746],[-71.8944,-43.3742],[-71.8946,-43.3739],[-71.8956,-43.3728],[-71.8958,-43.3725],[-71.8963,-43.3722],[-71.8965,-43.3718],[-71.897,-43.3711],[-71.8974,-43.3706],[-71.8978,-43.3701],[-71.8981,-43.3695],[-71.8983,-43.3688],[-71.8984,-43.368],[-71.8983,-43.3674],[-71.8978,-43.3667],[-71.8975,-43.3661],[-71.897,-43.3656],[-71.8966,-43.3651],[-71.8959,-43.3645],[-71.8951,-43.3639],[-71.8944,-43.3632],[-71.8935,-43.3625],[-71.8926,-43.3617],[-71.8918,-43.3611],[-71.891,-43.3606],[-71.8905,-43.3602],[-71.8902,-43.3598],[-71.8902,-43.3593],[-71.8902,-43.3588],[-71.8902,-43.3583],[-71.8903,-43.3578],[-71.891,-43.3562],[-71.8913,-43.3556],[-71.8922,-43.3553],[-71.8927,-43.355],[-71.8931,-43.3544],[-71.8932,-43.3542],[-71.8933,-43.3537],[-71.8933,-43.3532],[-71.8936,-43.3526],[-71.8938,-43.3523],[-71.894,-43.352],[-71.8941,-43.3513],[-71.8943,-43.35],[-71.8946,-43.3496],[-71.8949,-43.3491],[-71.8954,-43.349],[-71.8959,-43.3489],[-71.8967,-43.3488],[-71.898,-43.3485],[-71.8987,-43.3481],[-71.8988,-43.3481],[-71.8991,-43.3473],[-71.8995,-43.3467],[-71.8996,-43.3466],[-71.9002,-43.3462],[-71.9003,-43.3462],[-71.9008,-43.3456],[-71.9008,-43.3455],[-71.9011,-43.3453],[-71.9012,-43.3452],[-71.9017,-43.3445],[-71.9021,-43.3438],[-71.9021,-43.3434],[-71.9021,-43.3433],[-71.902,-43.3426],[-71.9019,-43.3423],[-71.9019,-43.3422],[-71.9014,-43.3415],[-71.9013,-43.3414],[-71.9006,-43.341],[-71.8994,-43.3403],[-71.8992,-43.3403],[-71.8977,-43.3401],[-71.8973,-43.3397],[-71.8969,-43.3389],[-71.8967,-43.3382],[-71.8969,-43.3375],[-71.8974,-43.3366],[-71.8979,-43.3359],[-71.8979,-43.3359],[-71.8987,-43.3352],[-71.8995,-43.3347],[-71.9,-43.3342],[-71.9,-43.3342],[-71.9009,-43.3333],[-71.9014,-43.3324],[-71.9023,-43.3312],[-71.9024,-43.3305],[-71.9028,-43.3298],[-71.9029,-43.3288],[-71.9029,-43.3288],[-71.9029,-43.3287],[-71.9032,-43.3278],[-71.9032,-43.3278],[-71.9037,-43.3275],[-71.9045,-43.3267],[-71.9049,-43.3264],[-71.906,-43.3252],[-71.9067,-43.3244],[-71.9068,-43.3242],[-71.9067,-43.3238],[-71.9064,-43.3235],[-71.9054,-43.323],[-71.9044,-43.3219],[-71.9032,-43.3216],[-71.9025,-43.3211],[-71.9018,-43.3209],[-71.9004,-43.3209],[-71.8997,-43.3211],[-71.8989,-43.3206],[-71.8973,-43.3197],[-71.8971,-43.3197],[-71.8964,-43.3197],[-71.8958,-43.3198],[-71.8957,-43.32],[-71.8953,-43.3204],[-71.8953,-43.3205],[-71.8944,-43.3212],[-71.8943,-43.3213],[-71.8939,-43.3218],[-71.8938,-43.3223],[-71.8936,-43.3225],[-71.8933,-43.3228],[-71.8921,-43.3234],[-71.8912,-43.3235],[-71.8911,-43.3236],[-71.8908,-43.3241],[-71.8903,-43.3248],[-71.8902,-43.3249],[-71.8899,-43.3251],[-71.8888,-43.3256],[-71.8873,-43.3263],[-71.8862,-43.3266],[-71.8854,-43.3267],[-71.8846,-43.3267],[-71.8841,-43.3266],[-71.8838,-43.3262],[-71.8837,-43.326],[-71.8834,-43.3259],[-71.8832,-43.3259],[-71.8818,-43.3258],[-71.8817,-43.326],[-71.8814,-43.3263],[-71.8814,-43.3264],[-71.8807,-43.3268],[-71.8802,-43.327],[-71.8797,-43.3275],[-71.8797,-43.3275],[-71.8795,-43.328],[-71.8794,-43.328],[-71.8788,-43.328],[-71.878,-43.328],[-71.876,-43.3283],[-71.8747,-43.3286],[-71.8739,-43.3286],[-71.8733,-43.3286],[-71.8718,-43.3285],[-71.8702,-43.3289],[-71.8693,-43.3295],[-71.8688,-43.3299],[-71.8688,-43.3299],[-71.8683,-43.3307],[-71.8682,-43.3308],[-71.8676,-43.3314],[-71.8676,-43.3314],[-71.8672,-43.332],[-71.8665,-43.3328],[-71.8665,-43.3328],[-71.8661,-43.3328],[-71.8652,-43.333],[-71.8645,-43.333],[-71.8634,-43.3331],[-71.863,-43.3332],[-71.862,-43.3335],[-71.8613,-43.3335],[-71.86,-43.3333],[-71.8587,-43.3333],[-71.8584,-43.3334],[-71.8576,-43.3331],[-71.8547,-43.3321],[-71.854,-43.3322],[-71.8529,-43.3324],[-71.8522,-43.3328],[-71.8513,-43.333],[-71.8512,-43.3331],[-71.8511,-43.3333],[-71.851,-43.3334],[-71.8506,-43.3342],[-71.8506,-43.3347],[-71.8504,-43.3352],[-71.8503,-43.3352],[-71.8497,-43.3355],[-71.8484,-43.3355],[-71.846,-43.3355],[-71.8436,-43.3355],[-71.8421,-43.3354],[-71.8401,-43.3352],[-71.8394,-43.3348],[-71.8389,-43.3342],[-71.8382,-43.3334],[-71.8375,-43.3322],[-71.8363,-43.3316],[-71.8351,-43.331],[-71.8341,-43.3306],[-71.8335,-43.3304],[-71.8327,-43.3305],[-71.8321,-43.3303],[-71.8314,-43.3297],[-71.8311,-43.3293],[-71.8309,-43.3292],[-71.8294,-43.3282],[-71.8286,-43.3275],[-71.8276,-43.3269],[-71.8269,-43.3264],[-71.8257,-43.3259],[-71.8248,-43.325],[-71.8238,-43.3241],[-71.8236,-43.3241],[-71.8231,-43.324],[-71.8227,-43.3239],[-71.8224,-43.324],[-71.8215,-43.3239],[-71.8206,-43.3235],[-71.8195,-43.3231],[-71.8189,-43.3227],[-71.8185,-43.3224],[-71.818,-43.3217],[-71.8173,-43.3213],[-71.8166,-43.3211],[-71.8153,-43.3209],[-71.8144,-43.3209],[-71.8128,-43.3205],[-71.8121,-43.3204],[-71.8112,-43.32],[-71.811,-43.32],[-71.8099,-43.319],[-71.8097,-43.3184],[-71.8095,-43.3178],[-71.8096,-43.3174],[-71.8099,-43.3169],[-71.8102,-43.3165],[-71.8101,-43.3159],[-71.8097,-43.3154],[-71.8091,-43.3149],[-71.8073,-43.3142],[-71.8063,-43.3141],[-71.8045,-43.3135],[-71.8025,-43.3131],[-71.8019,-43.313],[-71.8014,-43.3127],[-71.8012,-43.3127],[-71.801,-43.3113],[-71.8009,-43.3109],[-71.8009,-43.3103],[-71.8008,-43.3093],[-71.8008,-43.3093],[-71.8012,-43.309],[-71.8019,-43.3086],[-71.802,-43.3086],[-71.8025,-43.308],[-71.8029,-43.3074],[-71.8034,-43.3069],[-71.8035,-43.3066],[-71.8034,-43.3061],[-71.8032,-43.3057],[-71.8029,-43.3056],[-71.8024,-43.3052],[-71.8012,-43.3043],[-71.8002,-43.3037],[-71.7997,-43.3033],[-71.7996,-43.303],[-71.7996,-43.3026],[-71.7993,-43.3021],[-71.7988,-43.3018],[-71.7984,-43.3016],[-71.7971,-43.3012],[-71.7962,-43.3012],[-71.7952,-43.301],[-71.7944,-43.3005],[-71.7938,-43.2997],[-71.7936,-43.2993],[-71.7932,-43.2987],[-71.7926,-43.2983],[-71.7913,-43.2976],[-71.79,-43.2973],[-71.7886,-43.2971],[-71.7879,-43.2971],[-71.7864,-43.297],[-71.785,-43.297],[-71.784,-43.297],[-71.7832,-43.2973],[-71.7803,-43.2975],[-71.78,-43.2975],[-71.7798,-43.2976],[-71.7788,-43.2977],[-71.7785,-43.298],[-71.7782,-43.2981],[-71.7779,-43.2981],[-71.7776,-43.2981],[-71.777,-43.2981],[-71.776,-43.2981],[-71.7757,-43.2982],[-71.7747,-43.2989],[-71.7747,-43.299],[-71.7744,-43.2993],[-71.7744,-43.2994],[-71.7742,-43.3001],[-71.7737,-43.3006],[-71.7732,-43.3012],[-71.773,-43.3013],[-71.7728,-43.3012],[-71.7724,-43.3009],[-71.7718,-43.3006],[-71.7714,-43.3005],[-71.7707,-43.3002],[-71.7694,-43.3001],[-71.7686,-43.3001],[-71.7685,-43.3001],[-71.768,-43.3004],[-71.7673,-43.3006],[-71.7661,-43.3013],[-71.766,-43.3014],[-71.7658,-43.3015],[-71.7656,-43.3018],[-71.7651,-43.3022],[-71.765,-43.3028],[-71.7643,-43.3033],[-71.7632,-43.3037],[-71.7623,-43.3047],[-71.7617,-43.3054],[-71.7616,-43.3061],[-71.7615,-43.307],[-71.7608,-43.3087],[-71.7608,-43.3093],[-71.7609,-43.3096],[-71.7612,-43.3104],[-71.7613,-43.3107],[-71.7617,-43.3112],[-71.7621,-43.3116],[-71.7621,-43.3119],[-71.7616,-43.3134],[-71.7615,-43.3138],[-71.7615,-43.3139],[-71.7612,-43.3143],[-71.7612,-43.3143],[-71.7607,-43.3144],[-71.7599,-43.3146],[-71.7594,-43.3147],[-71.7593,-43.3148],[-71.7591,-43.315],[-71.7582,-43.3156],[-71.7581,-43.3157],[-71.7578,-43.3161],[-71.7569,-43.3168],[-71.7559,-43.3174],[-71.7556,-43.3175],[-71.7552,-43.3176],[-71.7539,-43.3178],[-71.7528,-43.3181],[-71.7525,-43.3182],[-71.7515,-43.3186],[-71.7504,-43.3191],[-71.7503,-43.3191],[-71.7497,-43.3193],[-71.7494,-43.3194],[-71.7485,-43.3198],[-71.7477,-43.3199],[-71.747,-43.32],[-71.7449,-43.3196],[-71.7442,-43.3193],[-71.7432,-43.3188],[-71.7418,-43.318],[-71.7411,-43.3173],[-71.7407,-43.317],[-71.7394,-43.3164],[-71.7381,-43.3161],[-71.7371,-43.3155],[-71.7365,-43.3149],[-71.7351,-43.3146],[-71.7346,-43.3143],[-71.7344,-43.314],[-71.7342,-43.3136],[-71.7341,-43.3132],[-71.7342,-43.313],[-71.734,-43.3123],[-71.7337,-43.3117],[-71.7334,-43.3114],[-71.7333,-43.3111],[-71.7333,-43.3109],[-71.7333,-43.3105],[-71.733,-43.31],[-71.7324,-43.3096],[-71.732,-43.3093],[-71.7317,-43.309],[-71.7318,-43.3083],[-71.7318,-43.3081],[-71.7318,-43.3081],[-71.7319,-43.308],[-71.732,-43.3079],[-71.7321,-43.3078],[-71.7324,-43.3076],[-71.7327,-43.3071],[-71.7328,-43.3067],[-71.7329,-43.3064],[-71.7334,-43.3059],[-71.7335,-43.3055],[-71.7333,-43.3051],[-71.7329,-43.3046],[-71.7327,-43.3042],[-71.7324,-43.3038],[-71.7323,-43.3031],[-71.7323,-43.3019],[-71.7323,-43.3018],[-71.7323,-43.3013],[-71.7325,-43.3011],[-71.7328,-43.3007],[-71.7329,-43.3002],[-71.7331,-43.2991],[-71.7332,-43.2984],[-71.7329,-43.2978],[-71.7328,-43.2973],[-71.7329,-43.2969],[-71.7331,-43.2966],[-71.7331,-43.2966],[-71.7333,-43.2964],[-71.7334,-43.2963],[-71.7335,-43.2962],[-71.7336,-43.2957],[-71.7337,-43.2952],[-71.7337,-43.2949],[-71.734,-43.2944],[-71.7343,-43.2939],[-71.7346,-43.2934],[-71.7348,-43.2925],[-71.7351,-43.2919],[-71.7352,-43.2918],[-71.7354,-43.2916],[-71.7355,-43.2915],[-71.7359,-43.291],[-71.7361,-43.2904],[-71.7362,-43.2897],[-71.7363,-43.2891],[-71.7363,-43.2886],[-71.7352,-43.2882],[-71.7346,-43.2876],[-71.7342,-43.287],[-71.7336,-43.286],[-71.7334,-43.2853],[-71.7333,-43.2852],[-71.7324,-43.285],[-71.7319,-43.2847],[-71.7313,-43.2842],[-71.731,-43.2839],[-71.7306,-43.2834],[-71.7306,-43.2831],[-71.7308,-43.2822],[-71.7312,-43.2814],[-71.7314,-43.2813],[-71.732,-43.2811],[-71.7327,-43.2808],[-71.7328,-43.2802],[-71.7328,-43.2798],[-71.7327,-43.2793],[-71.7328,-43.2787],[-71.7332,-43.2781],[-71.7334,-43.2777],[-71.7335,-43.2777],[-71.7338,-43.2774],[-71.7339,-43.2773],[-71.7341,-43.2768],[-71.7344,-43.2761],[-71.7344,-43.276],[-71.7345,-43.2759],[-71.7345,-43.2759],[-71.7345,-43.2759],[-71.7361,-43.2751],[-71.7367,-43.2746],[-71.7371,-43.2743],[-71.7376,-43.2739],[-71.7377,-43.2738],[-71.7381,-43.2731],[-71.7384,-43.2724],[-71.7386,-43.2718],[-71.7391,-43.271],[-71.7408,-43.2682],[-71.741,-43.268],[-71.741,-43.2679],[-71.7431,-43.2675],[-71.7462,-43.2669],[-71.7465,-43.2667],[-71.7466,-43.2667],[-71.7467,-43.266],[-71.7468,-43.2656],[-71.7469,-43.2649],[-71.7465,-43.2642],[-71.7462,-43.2637],[-71.7461,-43.2629],[-71.7461,-43.2627],[-71.7464,-43.2621],[-71.7465,-43.2617],[-71.7471,-43.2607],[-71.7469,-43.2599],[-71.7477,-43.259],[-71.7476,-43.2584],[-71.7476,-43.2577],[-71.7477,-43.257],[-71.7478,-43.2564],[-71.748,-43.2556],[-71.7478,-43.2541],[-71.7478,-43.2535],[-71.7477,-43.2528],[-71.7479,-43.2522],[-71.7479,-43.252],[-71.7478,-43.2515],[-71.7474,-43.251],[-71.7475,-43.2502],[-71.7479,-43.2493],[-71.748,-43.2488],[-71.7489,-43.2478],[-71.7492,-43.2474],[-71.7494,-43.2468],[-71.75,-43.2463],[-71.7502,-43.2457],[-71.7502,-43.2452],[-71.7506,-43.2444],[-71.7509,-43.2435],[-71.7509,-43.243],[-71.7512,-43.2425],[-71.7512,-43.2424],[-71.7513,-43.2423],[-71.7514,-43.2422],[-71.7515,-43.2421],[-71.7517,-43.242],[-71.7534,-43.242],[-71.7541,-43.2419],[-71.7546,-43.2414],[-71.7548,-43.2411],[-71.7551,-43.2406],[-71.7554,-43.2401],[-71.7556,-43.2395],[-71.7552,-43.2378],[-71.7551,-43.2376],[-71.7549,-43.2369],[-71.7548,-43.2363],[-71.7549,-43.2356],[-71.755,-43.2356],[-71.7554,-43.235],[-71.7559,-43.2346],[-71.7564,-43.234],[-71.7565,-43.2337],[-71.7565,-43.2332],[-71.7564,-43.2328],[-71.7562,-43.2325],[-71.7561,-43.2313],[-71.7561,-43.2303],[-71.7563,-43.2297],[-71.7564,-43.2294],[-71.7569,-43.2289],[-71.7572,-43.2286],[-71.7572,-43.2286],[-71.7573,-43.2283],[-71.7571,-43.228],[-71.7568,-43.2277],[-71.756,-43.227],[-71.7555,-43.2264],[-71.7552,-43.2261],[-71.7548,-43.2257],[-71.7544,-43.2254],[-71.754,-43.2252],[-71.7536,-43.2252],[-71.753,-43.2251],[-71.7526,-43.2251],[-71.7522,-43.225],[-71.7519,-43.2249],[-71.7515,-43.2247],[-71.7509,-43.2243],[-71.7502,-43.224],[-71.7497,-43.224],[-71.749,-43.2239],[-71.7481,-43.2235],[-71.7479,-43.2235],[-71.7469,-43.2235],[-71.7456,-43.2235],[-71.7452,-43.2233],[-71.7443,-43.2232],[-71.7424,-43.223],[-71.7419,-43.2226],[-71.7413,-43.2221],[-71.741,-43.2218],[-71.7406,-43.2214],[-71.7403,-43.221],[-71.7402,-43.2203],[-71.7401,-43.2196],[-71.7398,-43.2187],[-71.739,-43.2179],[-71.7385,-43.2174],[-71.7381,-43.217],[-71.7379,-43.2163],[-71.7375,-43.2154],[-71.7371,-43.2149],[-71.7363,-43.2143],[-71.7357,-43.2139],[-71.7352,-43.2136],[-71.7347,-43.2132],[-71.7345,-43.2129],[-71.7344,-43.2127],[-71.7345,-43.2124],[-71.7345,-43.2122],[-71.7343,-43.2117],[-71.7337,-43.2107],[-71.7334,-43.2102],[-71.7331,-43.2096],[-71.7331,-43.2083],[-71.7332,-43.2076],[-71.733,-43.2068],[-71.7329,-43.206],[-71.7327,-43.2053],[-71.7327,-43.2045],[-71.7326,-43.2039],[-71.7321,-43.2037],[-71.7313,-43.2035],[-71.7305,-43.2034],[-71.7302,-43.2031],[-71.7297,-43.2027],[-71.7294,-43.2022],[-71.7293,-43.2015],[-71.7292,-43.201],[-71.7292,-43.2005],[-71.7292,-43.2003],[-71.7294,-43.1997],[-71.73,-43.1989],[-71.7304,-43.1981],[-71.7306,-43.1977],[-71.7309,-43.1971],[-71.7309,-43.197],[-71.7313,-43.1964],[-71.7316,-43.196],[-71.732,-43.1954],[-71.7324,-43.1949],[-71.7328,-43.1943],[-71.733,-43.194],[-71.7331,-43.1939],[-71.7331,-43.1939],[-71.7334,-43.1936],[-71.7338,-43.1928],[-71.734,-43.192],[-71.734,-43.1915],[-71.7344,-43.1903],[-71.7349,-43.1899],[-71.7351,-43.1897],[-71.7352,-43.1888],[-71.7356,-43.1882],[-71.7361,-43.1877],[-71.7363,-43.1875],[-71.7371,-43.1864],[-71.7376,-43.1857],[-71.7378,-43.1854],[-71.7382,-43.1846],[-71.7382,-43.1841],[-71.7382,-43.1836],[-71.738,-43.1832],[-71.7387,-43.1824],[-71.7402,-43.1816],[-71.7403,-43.1809],[-71.7405,-43.1801],[-71.7408,-43.1798],[-71.7412,-43.1793],[-71.7417,-43.1789],[-71.7423,-43.1785],[-71.7426,-43.1783],[-71.7437,-43.1782],[-71.7463,-43.1781],[-71.7481,-43.1781],[-71.7492,-43.1782],[-71.7497,-43.178],[-71.7517,-43.1775],[-71.753,-43.1772],[-71.7532,-43.177],[-71.7542,-43.1767],[-71.7545,-43.1766],[-71.7553,-43.1754],[-71.756,-43.1738],[-71.7566,-43.1727],[-71.7569,-43.1715],[-71.7584,-43.1694],[-71.7587,-43.1689],[-71.7591,-43.1676],[-71.7597,-43.1656],[-71.7601,-43.1648],[-71.7605,-43.1646],[-71.761,-43.1646],[-71.7631,-43.1646],[-71.7635,-43.1646],[-71.7642,-43.1648],[-71.7645,-43.1648],[-71.7666,-43.1657],[-71.7684,-43.1662],[-71.7687,-43.1665],[-71.7692,-43.1667],[-71.7694,-43.1668],[-71.7696,-43.167],[-71.7698,-43.1672],[-71.7698,-43.1672],[-71.7701,-43.1675],[-71.7701,-43.1675],[-71.7704,-43.1677],[-71.7708,-43.1679],[-71.772,-43.168],[-71.7725,-43.1679],[-71.7731,-43.1676],[-71.7734,-43.1674],[-71.7738,-43.167],[-71.7742,-43.1662],[-71.7745,-43.1659],[-71.7751,-43.1653],[-71.7756,-43.1652],[-71.7768,-43.1652],[-71.7772,-43.1652],[-71.7778,-43.1654],[-71.7799,-43.166],[-71.7807,-43.1662],[-71.781,-43.1663],[-71.7811,-43.1663],[-71.7815,-43.1667],[-71.7817,-43.1669],[-71.7819,-43.1673],[-71.782,-43.1676],[-71.7821,-43.1677],[-71.7823,-43.1678],[-71.7837,-43.1688],[-71.7848,-43.1682],[-71.7853,-43.1675],[-71.7857,-43.1667],[-71.7858,-43.166],[-71.786,-43.1649],[-71.7863,-43.164],[-71.7872,-43.1627],[-71.7877,-43.1622],[-71.788,-43.1617],[-71.7883,-43.1609],[-71.7886,-43.1605],[-71.789,-43.1599],[-71.7895,-43.1596],[-71.7904,-43.159],[-71.7915,-43.1584],[-71.7923,-43.1578],[-71.7934,-43.1573],[-71.7938,-43.1572],[-71.7946,-43.1571],[-71.7953,-43.1571],[-71.7962,-43.1572],[-71.7967,-43.1574],[-71.7975,-43.1575],[-71.798,-43.1575],[-71.7987,-43.1572],[-71.7995,-43.1569],[-71.8004,-43.1564],[-71.8009,-43.156],[-71.8013,-43.1551],[-71.8014,-43.1546],[-71.8016,-43.1542],[-71.8022,-43.1539],[-71.8029,-43.1539],[-71.8035,-43.154],[-71.8041,-43.154],[-71.8048,-43.1538],[-71.8052,-43.1535],[-71.8054,-43.1531],[-71.8056,-43.1526],[-71.8058,-43.1521],[-71.8061,-43.1515],[-71.8064,-43.1511],[-71.8073,-43.1505],[-71.8079,-43.1499],[-71.8084,-43.1495],[-71.809,-43.1489],[-71.8097,-43.1484],[-71.8102,-43.148],[-71.8127,-43.1469],[-71.8138,-43.1463],[-71.8151,-43.1457],[-71.8162,-43.1453],[-71.8167,-43.1452],[-71.8173,-43.1456],[-71.8175,-43.1457],[-71.8178,-43.1459],[-71.8184,-43.1465],[-71.8189,-43.1472],[-71.8203,-43.1482],[-71.8205,-43.1484],[-71.8211,-43.1487],[-71.8212,-43.1488],[-71.8214,-43.149],[-71.8215,-43.1504],[-71.8219,-43.1507],[-71.8219,-43.1507],[-71.8222,-43.1508],[-71.8231,-43.151],[-71.8237,-43.1504],[-71.8241,-43.1503],[-71.8251,-43.1499],[-71.8259,-43.1498],[-71.8271,-43.1491],[-71.8278,-43.1485],[-71.8285,-43.1476],[-71.8293,-43.1467],[-71.8299,-43.1464],[-71.8308,-43.1465],[-71.8316,-43.1467],[-71.8325,-43.1469],[-71.8328,-43.1466],[-71.8332,-43.146],[-71.8337,-43.1456],[-71.8341,-43.1453],[-71.8344,-43.145],[-71.8346,-43.1446],[-71.8348,-43.1439],[-71.8349,-43.1436],[-71.8351,-43.1433],[-71.8353,-43.1432],[-71.8358,-43.143],[-71.8363,-43.143],[-71.838,-43.143],[-71.8385,-43.143],[-71.8392,-43.1428],[-71.84,-43.1429],[-71.8402,-43.143],[-71.8408,-43.1432],[-71.8413,-43.1437],[-71.8414,-43.1442],[-71.8416,-43.1441],[-71.8418,-43.1439],[-71.8423,-43.1435],[-71.843,-43.1431],[-71.8435,-43.1429],[-71.8439,-43.1427],[-71.8448,-43.1423],[-71.8454,-43.1419],[-71.8463,-43.1418],[-71.8467,-43.1418],[-71.8476,-43.1419],[-71.8483,-43.1421],[-71.8489,-43.1423],[-71.8497,-43.1423],[-71.8506,-43.1424],[-71.8512,-43.1425],[-71.8522,-43.1425],[-71.8527,-43.1425],[-71.8535,-43.1424],[-71.8545,-43.1422],[-71.8554,-43.1423],[-71.8564,-43.1427],[-71.8566,-43.1428],[-71.8573,-43.1426],[-71.8576,-43.1424],[-71.858,-43.1421],[-71.8585,-43.1418],[-71.8595,-43.1409],[-71.86,-43.1405],[-71.8604,-43.1404],[-71.8606,-43.1401],[-71.8607,-43.1399],[-71.8602,-43.1395],[-71.8591,-43.1388],[-71.8589,-43.1385],[-71.8585,-43.1375],[-71.8583,-43.1373],[-71.858,-43.1371],[-71.8575,-43.1369],[-71.8564,-43.1362],[-71.8552,-43.1355],[-71.855,-43.1354],[-71.8544,-43.1349],[-71.8538,-43.1345],[-71.8537,-43.1342],[-71.8536,-43.1338],[-71.8537,-43.1336],[-71.8541,-43.133],[-71.8541,-43.1323],[-71.8541,-43.1317],[-71.854,-43.1316],[-71.854,-43.1307],[-71.8539,-43.1301],[-71.8533,-43.1291],[-71.8529,-43.1284],[-71.8526,-43.1276],[-71.8528,-43.1273],[-71.853,-43.1271],[-71.8533,-43.1271],[-71.8538,-43.1272],[-71.8542,-43.1273],[-71.8543,-43.1273],[-71.8544,-43.1274],[-71.8545,-43.1275],[-71.8547,-43.1277],[-71.8548,-43.1277],[-71.8551,-43.1278],[-71.8552,-43.1279],[-71.8554,-43.128],[-71.8558,-43.1285],[-71.8563,-43.1289],[-71.8565,-43.1291],[-71.8573,-43.1292],[-71.8578,-43.1293],[-71.8584,-43.1293],[-71.8592,-43.1295],[-71.8598,-43.1295],[-71.8602,-43.1295],[-71.861,-43.1295],[-71.8615,-43.1294],[-71.862,-43.1291],[-71.8624,-43.1289],[-71.8629,-43.1286],[-71.8638,-43.1282],[-71.8643,-43.1281],[-71.8654,-43.128],[-71.8661,-43.1282],[-71.867,-43.1283],[-71.8685,-43.1287],[-71.8692,-43.1289],[-71.8698,-43.1291],[-71.8708,-43.1291],[-71.8713,-43.129],[-71.8737,-43.129],[-71.8745,-43.1289],[-71.8752,-43.1288],[-71.8759,-43.1285],[-71.8765,-43.1281],[-71.8767,-43.1283],[-71.8774,-43.1285],[-71.8787,-43.1283],[-71.8793,-43.1281],[-71.881,-43.1272],[-71.8817,-43.1267],[-71.8828,-43.1266],[-71.8834,-43.1265],[-71.8864,-43.127],[-71.8867,-43.1266],[-71.8878,-43.1259],[-71.8881,-43.1258],[-71.8888,-43.124],[-71.8885,-43.121],[-71.8887,-43.1202],[-71.8886,-43.1189],[-71.8891,-43.1182],[-71.8896,-43.1169],[-71.8902,-43.1155],[-71.8903,-43.1147],[-71.8905,-43.1142],[-71.8905,-43.1126],[-71.8906,-43.1119],[-71.8907,-43.1112],[-71.8908,-43.1107],[-71.8912,-43.1099],[-71.8918,-43.1089],[-71.8923,-43.1081],[-71.8924,-43.1076],[-71.8927,-43.107],[-71.8957,-43.1063],[-71.8969,-43.106],[-71.8982,-43.1055],[-71.8999,-43.1051],[-71.9014,-43.1048],[-71.902,-43.1045],[-71.9027,-43.1043],[-71.9039,-43.1042],[-71.9053,-43.1044],[-71.9067,-43.1037],[-71.9081,-43.1032],[-71.9096,-43.1027],[-71.9114,-43.1028],[-71.9129,-43.1026],[-71.9141,-43.1027],[-71.9155,-43.1022],[-71.9164,-43.1019],[-71.9183,-43.1016],[-71.9194,-43.1016],[-71.9202,-43.1013],[-71.9222,-43.1008],[-71.9229,-43.1008],[-71.9254,-43.1007],[-71.9263,-43.1008],[-71.9285,-43.1017],[-71.9291,-43.1019],[-71.9308,-43.1022],[-71.9315,-43.1022],[-71.932,-43.1022],[-71.9325,-43.1023],[-71.9329,-43.1021],[-71.9331,-43.1019],[-71.9331,-43.1014],[-71.9331,-43.1007],[-71.9332,-43.0998],[-71.9332,-43.0993],[-71.9333,-43.0987],[-71.9334,-43.0984],[-71.9336,-43.098],[-71.9339,-43.0976],[-71.9343,-43.0971],[-71.9346,-43.0971],[-71.935,-43.0966],[-71.9355,-43.0961],[-71.936,-43.0959],[-71.9367,-43.0954],[-71.9375,-43.0952],[-71.9378,-43.0946],[-71.9382,-43.0938],[-71.9388,-43.0934],[-71.9395,-43.0932],[-71.9403,-43.0931],[-71.9415,-43.0929],[-71.9426,-43.0928],[-71.943,-43.0928],[-71.9433,-43.0924],[-71.9431,-43.0921],[-71.9424,-43.0919],[-71.9418,-43.0919],[-71.9409,-43.0913],[-71.9408,-43.0908],[-71.9407,-43.0902],[-71.9409,-43.0894],[-71.9407,-43.0887],[-71.9403,-43.0883],[-71.9397,-43.0877],[-71.9395,-43.0875],[-71.9391,-43.0871],[-71.9389,-43.0867],[-71.9389,-43.0861],[-71.9372,-43.0839],[-71.9362,-43.0831],[-71.9361,-43.083],[-71.9351,-43.0819],[-71.9347,-43.0814],[-71.9341,-43.0808],[-71.9341,-43.0808],[-71.9339,-43.0805],[-71.9339,-43.0798],[-71.9344,-43.0789],[-71.9346,-43.0782],[-71.9348,-43.0778],[-71.9348,-43.0769],[-71.9347,-43.0763],[-71.9348,-43.0759],[-71.9348,-43.0756],[-71.9351,-43.0749],[-71.9357,-43.0742],[-71.936,-43.0738],[-71.9367,-43.0728],[-71.9371,-43.0722],[-71.9373,-43.0718],[-71.9375,-43.0713],[-71.9374,-43.0709],[-71.937,-43.07],[-71.9369,-43.0689],[-71.9367,-43.0676],[-71.9349,-43.0654],[-71.9343,-43.064],[-71.9342,-43.0629],[-71.9343,-43.0619],[-71.9346,-43.0607],[-71.9346,-43.0589],[-71.9347,-43.0579],[-71.9348,-43.0567],[-71.9348,-43.0562],[-71.9352,-43.0548],[-71.9355,-43.0541],[-71.9358,-43.0535],[-71.9363,-43.0528],[-71.9368,-43.0528],[-71.9382,-43.0528],[-71.9388,-43.0527],[-71.9393,-43.0522],[-71.9398,-43.0516],[-71.9401,-43.0512],[-71.9405,-43.0506],[-71.9408,-43.0504],[-71.9413,-43.0498],[-71.9416,-43.0492],[-71.9417,-43.0487],[-71.942,-43.0481],[-71.9424,-43.0476],[-71.9428,-43.0471],[-71.9431,-43.0468],[-71.9436,-43.0464],[-71.9441,-43.046],[-71.945,-43.0456],[-71.946,-43.0452],[-71.9471,-43.0449],[-71.9478,-43.0446],[-71.9484,-43.0444],[-71.9501,-43.044],[-71.9505,-43.0439],[-71.9508,-43.044],[-71.9516,-43.0441],[-71.9519,-43.0442],[-71.952,-43.0444],[-71.9532,-43.0435],[-71.9535,-43.0421],[-71.9538,-43.0417],[-71.9554,-43.0414],[-71.9558,-43.0414],[-71.9566,-43.0411],[-71.9573,-43.0408],[-71.9584,-43.0403],[-71.9585,-43.0403],[-71.9595,-43.0403],[-71.9601,-43.0402],[-71.961,-43.0399],[-71.9614,-43.0397],[-71.962,-43.0398],[-71.9628,-43.04],[-71.9634,-43.04],[-71.9647,-43.0399],[-71.9656,-43.0399],[-71.9662,-43.0402],[-71.9674,-43.0412],[-71.9676,-43.0414],[-71.9678,-43.0415],[-71.9687,-43.0421],[-71.9696,-43.0434],[-71.9697,-43.0435],[-71.9711,-43.0446],[-71.9717,-43.0452],[-71.9723,-43.0456],[-71.9731,-43.0458],[-71.9738,-43.0456],[-71.9741,-43.0454],[-71.9748,-43.045],[-71.9758,-43.0451],[-71.9764,-43.0454],[-71.9765,-43.0455],[-71.9771,-43.0457],[-71.9779,-43.0457],[-71.9783,-43.0455],[-71.9788,-43.0452],[-71.9791,-43.0448],[-71.9793,-43.0442],[-71.9794,-43.0435],[-71.9794,-43.0434],[-71.9792,-43.0426],[-71.9791,-43.042],[-71.9792,-43.0419],[-71.9794,-43.0412],[-71.9799,-43.0407],[-71.9804,-43.0395],[-71.9805,-43.0391],[-71.9805,-43.0387],[-71.9807,-43.038],[-71.9801,-43.0367],[-71.9801,-43.0367],[-71.9805,-43.0362],[-71.9816,-43.0357],[-71.9825,-43.0355],[-71.9833,-43.0351],[-71.9845,-43.0353],[-71.9847,-43.0353],[-71.989,-43.0348],[-71.9906,-43.0349],[-71.9914,-43.035],[-71.993,-43.0361],[-71.9945,-43.0365],[-71.9948,-43.0367],[-71.9949,-43.0368],[-71.9954,-43.0372],[-71.9975,-43.0385],[-71.9983,-43.0385],[-71.9991,-43.0385],[-72.0002,-43.0382],[-72.0019,-43.0377],[-72.0026,-43.0374],[-72.0034,-43.0367],[-72.0042,-43.0358],[-72.0051,-43.0349],[-72.0061,-43.0337],[-72.007,-43.0327],[-72.0075,-43.0325],[-72.0088,-43.0319],[-72.0095,-43.0317],[-72.0108,-43.031],[-72.0118,-43.0306],[-72.0124,-43.0302],[-72.0127,-43.0299],[-72.013,-43.0296],[-72.0137,-43.0286],[-72.0139,-43.0277],[-72.0144,-43.0272],[-72.0148,-43.0268],[-72.0152,-43.0262],[-72.0154,-43.0256],[-72.0154,-43.0252],[-72.0159,-43.0246],[-72.016,-43.0246],[-72.0165,-43.024],[-72.0173,-43.0232],[-72.0176,-43.0229],[-72.0177,-43.0213],[-72.0179,-43.0209],[-72.0184,-43.0201],[-72.0189,-43.0191],[-72.0191,-43.0187],[-72.0191,-43.0184],[-72.0194,-43.018],[-72.02,-43.0176],[-72.0205,-43.0173],[-72.021,-43.0174],[-72.0219,-43.0171],[-72.0228,-43.0166],[-72.0236,-43.016],[-72.0252,-43.0151],[-72.0278,-43.0146],[-72.0295,-43.0141],[-72.0306,-43.0141],[-72.0314,-43.0143],[-72.0321,-43.0145],[-72.0329,-43.0147],[-72.0337,-43.0146],[-72.0338,-43.0146],[-72.0353,-43.0138],[-72.0359,-43.0135],[-72.0362,-43.0134],[-72.0365,-43.013],[-72.037,-43.0124],[-72.0372,-43.0117],[-72.0373,-43.011],[-72.0373,-43.0108],[-72.0373,-43.0105],[-72.0373,-43.0105],[-72.0373,-43.0103],[-72.0373,-43.01],[-72.0376,-43.0093],[-72.0378,-43.0091],[-72.038,-43.0089],[-72.0388,-43.007],[-72.0388,-43.0066],[-72.0389,-43.0059],[-72.0393,-43.0052],[-72.0396,-43.0045],[-72.0397,-43.0045],[-72.0401,-43.0038],[-72.0403,-43.0031],[-72.0403,-43.0029],[-72.0402,-43.0023],[-72.04,-43.002],[-72.0399,-43.0018],[-72.0395,-43.0011],[-72.0393,-43.0006],[-72.0391,-43.0002],[-72.0378,-42.9987],[-72.0382,-42.9975],[-72.0378,-42.9966],[-72.0377,-42.9961],[-72.0376,-42.996],[-72.0372,-42.9948],[-72.0375,-42.9939],[-72.0382,-42.9926],[-72.0393,-42.9918],[-72.0407,-42.9901],[-72.0416,-42.9895],[-72.0427,-42.9891],[-72.0438,-42.9888],[-72.0444,-42.9887],[-72.0452,-42.9886],[-72.0458,-42.9886],[-72.0463,-42.9884],[-72.0467,-42.9882],[-72.047,-42.9875],[-72.0473,-42.9871],[-72.048,-42.9862],[-72.0492,-42.9854],[-72.0505,-42.9846],[-72.0518,-42.9841],[-72.0521,-42.9839],[-72.0537,-42.9837],[-72.0557,-42.9836],[-72.0564,-42.9836],[-72.0567,-42.9834],[-72.0569,-42.9832],[-72.0572,-42.9829],[-72.0572,-42.9828],[-72.0579,-42.9816],[-72.0586,-42.9803],[-72.0585,-42.9801],[-72.0583,-42.9796],[-72.0579,-42.9794],[-72.0578,-42.979],[-72.0578,-42.9784],[-72.0578,-42.9784],[-72.0577,-42.9778],[-72.0574,-42.9773],[-72.057,-42.9767],[-72.0567,-42.9763],[-72.0563,-42.9759],[-72.0561,-42.9755],[-72.0562,-42.9747],[-72.0562,-42.9746],[-72.0567,-42.9743],[-72.0571,-42.9743],[-72.0575,-42.974],[-72.058,-42.9735],[-72.0589,-42.9729],[-72.0594,-42.9729],[-72.0599,-42.9727],[-72.0602,-42.9725],[-72.0605,-42.9723],[-72.0607,-42.9719],[-72.0607,-42.9712],[-72.0604,-42.9708],[-72.0603,-42.9704],[-72.0603,-42.9702],[-72.0603,-42.9697],[-72.0603,-42.9685],[-72.0608,-42.9681],[-72.0615,-42.9679],[-72.0619,-42.9677],[-72.0621,-42.9674],[-72.0627,-42.9669],[-72.063,-42.9662],[-72.0632,-42.966],[-72.0637,-42.9646],[-72.0639,-42.9636],[-72.0642,-42.9634],[-72.0651,-42.9621],[-72.0655,-42.9613],[-72.0658,-42.9607],[-72.066,-42.9603],[-72.066,-42.9599],[-72.066,-42.9598],[-72.066,-42.9595],[-72.0656,-42.9592],[-72.0654,-42.9586],[-72.0657,-42.958],[-72.067,-42.9578],[-72.0682,-42.9577],[-72.07,-42.9566],[-72.0703,-42.9565],[-72.071,-42.9559],[-72.0713,-42.9555],[-72.0716,-42.9551],[-72.0716,-42.9543],[-72.0717,-42.9535],[-72.0717,-42.9533],[-72.072,-42.9526],[-72.0726,-42.951],[-72.0732,-42.9496],[-72.0743,-42.9487],[-72.0744,-42.9487],[-72.0756,-42.9483],[-72.0768,-42.9481],[-72.0775,-42.948],[-72.078,-42.9481],[-72.0789,-42.9481],[-72.0803,-42.948],[-72.0804,-42.948],[-72.081,-42.9481],[-72.0816,-42.9481],[-72.0818,-42.9483],[-72.0822,-42.9484],[-72.0822,-42.9484],[-72.0822,-42.9484],[-72.0825,-42.9482],[-72.0829,-42.948],[-72.0835,-42.948],[-72.0839,-42.9483],[-72.084,-42.9487],[-72.0844,-42.9496],[-72.0844,-42.9499],[-72.0848,-42.951],[-72.0849,-42.9511],[-72.0858,-42.9517],[-72.0861,-42.9519],[-72.0862,-42.9522],[-72.0862,-42.9524],[-72.0863,-42.9525],[-72.0864,-42.9525],[-72.0868,-42.9528],[-72.0875,-42.9528],[-72.0886,-42.9526],[-72.0895,-42.9522],[-72.0899,-42.9522],[-72.0907,-42.952],[-72.0923,-42.9508],[-72.0925,-42.9506],[-72.0934,-42.9497],[-72.0938,-42.949],[-72.0938,-42.9482],[-72.0938,-42.9482],[-72.0938,-42.9473],[-72.094,-42.9465],[-72.0943,-42.9456],[-72.0945,-42.9453],[-72.0955,-42.9441],[-72.0959,-42.9433],[-72.0961,-42.9432],[-72.0966,-42.9426],[-72.0971,-42.9421],[-72.0977,-42.9416],[-72.0984,-42.9413],[-72.0991,-42.9413],[-72.0994,-42.9414],[-72.1002,-42.9414],[-72.1005,-42.9419],[-72.1013,-42.9424],[-72.1016,-42.9424],[-72.1019,-42.9424],[-72.1024,-42.9424],[-72.1029,-42.9424],[-72.1037,-42.9422],[-72.1041,-42.9419],[-72.1048,-42.9413],[-72.1049,-42.9407],[-72.1051,-42.9403],[-72.1051,-42.9399],[-72.105,-42.9388],[-72.1049,-42.9382],[-72.105,-42.938],[-72.1051,-42.9378],[-72.1052,-42.9377],[-72.1054,-42.9374],[-72.1059,-42.9373],[-72.1076,-42.9376],[-72.1082,-42.9377],[-72.1094,-42.9381],[-72.1115,-42.9376],[-72.1122,-42.9374],[-72.1139,-42.9373],[-72.1145,-42.9369],[-72.1153,-42.9367],[-72.1162,-42.9363],[-72.1167,-42.9359],[-72.1168,-42.9357],[-72.1172,-42.9349],[-72.1174,-42.9347],[-72.1177,-42.9344],[-72.1182,-42.9341],[-72.1187,-42.9336],[-72.1189,-42.9327],[-72.119,-42.9324],[-72.1184,-42.9318],[-72.1181,-42.9315],[-72.1178,-42.931],[-72.1176,-42.9303],[-72.1175,-42.9297],[-72.1175,-42.9292],[-72.1173,-42.9286],[-72.1171,-42.9279],[-72.1157,-42.926],[-72.1147,-42.9247],[-72.1143,-42.924],[-72.1142,-42.9234],[-72.114,-42.9229],[-72.1141,-42.9226],[-72.1151,-42.9222],[-72.116,-42.9222],[-72.1166,-42.922],[-72.1176,-42.9217],[-72.1179,-42.9211],[-72.1184,-42.9199],[-72.1195,-42.9192],[-72.1203,-42.9186],[-72.1209,-42.918],[-72.1218,-42.9175],[-72.1228,-42.9168],[-72.124,-42.9162],[-72.126,-42.9153],[-72.1264,-42.9151],[-72.1268,-42.9151],[-72.1276,-42.9142],[-72.1282,-42.914],[-72.1287,-42.9138],[-72.1296,-42.9135],[-72.1299,-42.9134],[-72.1302,-42.913],[-72.1305,-42.9126],[-72.1311,-42.9122],[-72.1312,-42.9122],[-72.1319,-42.9117],[-72.1323,-42.9113],[-72.1325,-42.9112],[-72.1325,-42.911],[-72.1325,-42.9107],[-72.1325,-42.9105],[-72.1323,-42.9102],[-72.1319,-42.9099],[-72.1318,-42.9095],[-72.1317,-42.9093],[-72.1318,-42.9086],[-72.1319,-42.9081],[-72.132,-42.9078],[-72.1321,-42.9075],[-72.1327,-42.9071],[-72.133,-42.907],[-72.1332,-42.9068],[-72.1337,-42.9067],[-72.1339,-42.9065],[-72.1341,-42.9063],[-72.1345,-42.9061],[-72.1348,-42.9056],[-72.135,-42.9051],[-72.1355,-42.9048],[-72.1362,-42.9043],[-72.1368,-42.9038],[-72.1372,-42.9033],[-72.1375,-42.9027],[-72.1379,-42.9025],[-72.1385,-42.9022],[-72.1404,-42.9016],[-72.1414,-42.9014],[-72.1418,-42.9012],[-72.1421,-42.9009],[-72.1425,-42.8999],[-72.1427,-42.8992],[-72.1427,-42.8985],[-72.1427,-42.8982],[-72.1427,-42.8977],[-72.1426,-42.8973],[-72.1418,-42.8954],[-72.1404,-42.8948],[-72.1399,-42.8944],[-72.1392,-42.8937],[-72.1385,-42.8931],[-72.1384,-42.8929],[-72.1383,-42.8928],[-72.1383,-42.8927],[-72.1373,-42.8922],[-72.1369,-42.8923],[-72.1359,-42.892],[-72.1358,-42.8918],[-72.1357,-42.8918],[-72.1359,-42.891],[-72.1359,-42.891],[-72.136,-42.8897],[-72.1355,-42.8886],[-72.1349,-42.8882],[-72.1345,-42.8879],[-72.134,-42.8871],[-72.133,-42.8863],[-72.1327,-42.8859],[-72.1325,-42.8858],[-72.1322,-42.8855],[-72.132,-42.8853],[-72.1318,-42.8851],[-72.1316,-42.8849],[-72.1311,-42.8848],[-72.1302,-42.8844],[-72.1292,-42.8842],[-72.1287,-42.8842],[-72.1272,-42.8843],[-72.1257,-42.8841],[-72.1241,-42.8838],[-72.1228,-42.8835],[-72.1207,-42.8831],[-72.1198,-42.8829],[-72.1188,-42.8829],[-72.1184,-42.8825],[-72.1184,-42.8825],[-72.1183,-42.8822],[-72.1183,-42.8817],[-72.1188,-42.881],[-72.1189,-42.8806],[-72.119,-42.8799],[-72.1195,-42.8794],[-72.1202,-42.879],[-72.1202,-42.879],[-72.1206,-42.8785],[-72.1206,-42.878],[-72.1206,-42.8776],[-72.1206,-42.8775],[-72.1206,-42.877],[-72.1205,-42.8766],[-72.121,-42.8761],[-72.1213,-42.8758],[-72.1215,-42.8755],[-72.1227,-42.8745],[-72.1228,-42.8745],[-72.1233,-42.8741],[-72.1243,-42.8736],[-72.1253,-42.8734],[-72.1261,-42.873],[-72.1267,-42.8727],[-72.1279,-42.8724],[-72.1281,-42.8723],[-72.1285,-42.8719],[-72.129,-42.8714],[-72.1295,-42.8714],[-72.1298,-42.8713],[-72.13,-42.8712],[-72.1304,-42.8708],[-72.1319,-42.8699],[-72.1325,-42.8696],[-72.1334,-42.8689],[-72.1341,-42.8684],[-72.1345,-42.868],[-72.1347,-42.8678],[-72.1349,-42.8675],[-72.135,-42.8664],[-72.1351,-42.8653],[-72.1351,-42.8651],[-72.1351,-42.8646],[-72.1348,-42.8636],[-72.1346,-42.8624],[-72.1345,-42.8619],[-72.1345,-42.8612],[-72.1346,-42.8597],[-72.1346,-42.8592],[-72.1343,-42.8589],[-72.1343,-42.8588],[-72.134,-42.8586],[-72.1336,-42.8577],[-72.1337,-42.8569],[-72.1338,-42.8566],[-72.134,-42.8561],[-72.1343,-42.8554],[-72.1345,-42.8548],[-72.1343,-42.8542],[-72.134,-42.8533],[-72.1342,-42.8527],[-72.1342,-42.8527],[-72.1343,-42.8526],[-72.1344,-42.8525],[-72.1364,-42.8525],[-72.1365,-42.8525],[-72.1365,-42.8525],[-72.1371,-42.8523],[-72.1376,-42.8522],[-72.1382,-42.8522],[-72.139,-42.8521],[-72.1391,-42.8521],[-72.1425,-42.8517],[-72.145,-42.8517],[-72.1453,-42.8517],[-72.1458,-42.8517],[-72.146,-42.8517],[-72.1467,-42.8514],[-72.1468,-42.8512],[-72.1474,-42.8506],[-72.1474,-42.8505],[-72.1479,-42.85],[-72.148,-42.8497],[-72.1482,-42.8486],[-72.1482,-42.8477],[-72.1482,-42.8474],[-72.1481,-42.8469],[-72.1481,-42.8466],[-72.1483,-42.8462],[-72.1484,-42.8461],[-72.1486,-42.8456],[-72.1487,-42.8453],[-72.1488,-42.8448],[-72.1488,-42.8447],[-72.149,-42.8442],[-72.1484,-42.8429],[-72.1485,-42.8424],[-72.1493,-42.8422],[-72.1495,-42.842],[-72.1498,-42.8417],[-72.1499,-42.8415],[-72.1499,-42.841],[-72.15,-42.8403],[-72.1502,-42.8392],[-72.1504,-42.8381],[-72.1504,-42.8378],[-72.1503,-42.8369],[-72.1502,-42.8366],[-72.1502,-42.8359],[-72.1507,-42.8343],[-72.1508,-42.8328],[-72.1508,-42.8321],[-72.1508,-42.8316],[-72.1512,-42.8309],[-72.1519,-42.8304],[-72.1523,-42.8301],[-72.1532,-42.8297],[-72.1544,-42.8295],[-72.1558,-42.8288],[-72.1579,-42.8279],[-72.1575,-42.828],[-72.1585,-42.8274],[-72.1591,-42.8268],[-72.1593,-42.8265],[-72.1593,-42.8262],[-72.1594,-42.8259],[-72.1592,-42.8257],[-72.1588,-42.8251],[-72.1588,-42.8243],[-72.1593,-42.8238],[-72.1595,-42.8236],[-72.1595,-42.8235],[-72.1595,-42.8232],[-72.1595,-42.823],[-72.1595,-42.8229],[-72.1587,-42.8221],[-72.1582,-42.8218],[-72.1574,-42.821],[-72.1572,-42.8209],[-72.1566,-42.8202],[-72.1564,-42.8198],[-72.1561,-42.8192],[-72.156,-42.819],[-72.1559,-42.8188],[-72.1559,-42.8187],[-72.1557,-42.8169],[-72.1558,-42.8165],[-72.156,-42.816],[-72.1559,-42.8156],[-72.1559,-42.8149],[-72.1562,-42.8145],[-72.1563,-42.8143],[-72.1565,-42.8141],[-72.157,-42.8136],[-72.1576,-42.813],[-72.1587,-42.8113],[-72.1595,-42.8106],[-72.1604,-42.8103],[-72.1611,-42.8095],[-72.1616,-42.8089],[-72.1617,-42.8087],[-72.162,-42.8079],[-72.1623,-42.8069],[-72.1623,-42.8066],[-72.1623,-42.8066],[-72.1622,-42.805],[-72.1622,-42.8044],[-72.1625,-42.8035],[-72.1631,-42.8029],[-72.1636,-42.8022],[-72.164,-42.8016],[-72.1645,-42.8007],[-72.1647,-42.8003],[-72.1648,-42.7995],[-72.165,-42.799],[-72.165,-42.7989],[-72.165,-42.7983],[-72.1644,-42.798],[-72.1638,-42.7979],[-72.1633,-42.7982],[-72.1633,-42.7982],[-72.1629,-42.798],[-72.1623,-42.7979],[-72.1621,-42.7977],[-72.1617,-42.7974],[-72.1605,-42.7973],[-72.1587,-42.7978],[-72.1579,-42.7978],[-72.1537,-42.7983],[-72.152,-42.7983],[-72.1494,-42.7987],[-72.1483,-42.7984],[-72.1474,-42.7978],[-72.1469,-42.7974],[-72.1465,-42.797],[-72.146,-42.7966],[-72.1438,-42.7956],[-72.1427,-42.7953],[-72.1421,-42.7949],[-72.1415,-42.7942],[-72.1415,-42.7942],[-72.1408,-42.7933],[-72.1408,-42.7933],[-72.1403,-42.7925],[-72.1402,-42.792],[-72.1391,-42.7903],[-72.139,-42.7901],[-72.1387,-42.7894],[-72.1387,-42.7888],[-72.1388,-42.7882],[-72.1386,-42.7875],[-72.1388,-42.787],[-72.139,-42.7866],[-72.1396,-42.786],[-72.1398,-42.7853],[-72.1407,-42.7841],[-72.1409,-42.7832],[-72.1409,-42.783],[-72.1409,-42.7827],[-72.1409,-42.7824],[-72.1407,-42.7819],[-72.1403,-42.7819],[-72.1399,-42.7818],[-72.1394,-42.7817],[-72.1387,-42.7815],[-72.1385,-42.7813],[-72.138,-42.7809],[-72.1377,-42.7807],[-72.137,-42.7803],[-72.1365,-42.7801],[-72.1358,-42.78],[-72.1355,-42.7798],[-72.1345,-42.7791],[-72.1328,-42.7781],[-72.1326,-42.778],[-72.1323,-42.7778],[-72.1322,-42.7777],[-72.1317,-42.7774],[-72.1317,-42.7774],[-72.1313,-42.7771],[-72.1313,-42.7767],[-72.1314,-42.7765],[-72.132,-42.7759],[-72.1322,-42.7756],[-72.1328,-42.7749],[-72.1338,-42.7738],[-72.1338,-42.7723],[-72.1335,-42.7718],[-72.1333,-42.7711],[-72.1334,-42.7698],[-72.1335,-42.7693],[-72.1335,-42.7686],[-72.1338,-42.7678],[-72.1344,-42.7674],[-72.1344,-42.7674],[-72.1345,-42.7673],[-72.1346,-42.7668],[-72.1344,-42.766],[-72.1343,-42.765],[-72.1342,-42.7647],[-72.1342,-42.7644],[-72.1342,-42.7641],[-72.1341,-42.7636],[-72.1345,-42.7629],[-72.1346,-42.7627],[-72.1348,-42.7624],[-72.1348,-42.7624],[-72.1347,-42.762],[-72.1349,-42.7616],[-72.135,-42.7612],[-72.1354,-42.7608],[-72.1354,-42.7607],[-72.1355,-42.7605],[-72.1355,-42.7605],[-72.1355,-42.7604],[-72.1354,-42.7602],[-72.1351,-42.7598],[-72.135,-42.7597],[-72.1347,-42.7594],[-72.1345,-42.7592],[-72.1341,-42.7584],[-72.134,-42.7581],[-72.134,-42.7576],[-72.1341,-42.757],[-72.1342,-42.7565],[-72.1347,-42.7562],[-72.1358,-42.7557],[-72.1361,-42.7555],[-72.1364,-42.7548],[-72.1364,-42.7548],[-72.1365,-42.7541],[-72.1369,-42.7533],[-72.1374,-42.7528],[-72.1382,-42.7522],[-72.1391,-42.7516],[-72.1396,-42.7516],[-72.1415,-42.7513],[-72.142,-42.7512],[-72.1442,-42.7502],[-72.1444,-42.7501],[-72.145,-42.7496],[-72.1454,-42.7487],[-72.1453,-42.7481],[-72.1451,-42.7476],[-72.1447,-42.7471],[-72.1447,-42.7466],[-72.1448,-42.7454],[-72.1451,-42.7445],[-72.1453,-42.7443],[-72.1463,-42.7432],[-72.1468,-42.7424],[-72.1468,-42.7423],[-72.1468,-42.7423],[-72.1472,-42.742],[-72.1472,-42.7419],[-72.1472,-42.7416],[-72.1467,-42.741],[-72.146,-42.7405],[-72.1458,-42.7405],[-72.145,-42.7402],[-72.1445,-42.7402],[-72.1436,-42.74],[-72.1422,-42.7392],[-72.1413,-42.7384],[-72.1406,-42.7381],[-72.1396,-42.7379],[-72.1393,-42.738],[-72.1387,-42.7382],[-72.138,-42.7381],[-72.1378,-42.738],[-72.137,-42.7378],[-72.1363,-42.7373],[-72.1359,-42.7371],[-72.1359,-42.7371],[-72.1355,-42.7369],[-72.1353,-42.7367],[-72.1348,-42.7361],[-72.1347,-42.7348],[-72.1339,-42.7342],[-72.1331,-42.7341],[-72.1323,-42.7337],[-72.1319,-42.7333],[-72.1319,-42.7333],[-72.1315,-42.7332],[-72.1307,-42.7325],[-72.1301,-42.7323],[-72.1298,-42.7323],[-72.1294,-42.7321],[-72.1292,-42.732],[-72.1287,-42.7318],[-72.1284,-42.7315],[-72.1284,-42.7311],[-72.1285,-42.7308],[-72.1289,-42.7301],[-72.1296,-42.7297],[-72.1306,-42.7295],[-72.1319,-42.7293],[-72.1321,-42.7293],[-72.1342,-42.7279],[-72.1355,-42.727],[-72.1363,-42.726],[-72.1374,-42.7247],[-72.1379,-42.7236],[-72.1381,-42.7232],[-72.1385,-42.7226],[-72.1388,-42.7219],[-72.1389,-42.7206],[-72.139,-42.7194],[-72.1392,-42.7189],[-72.1394,-42.7185],[-72.1396,-42.7179],[-72.1396,-42.7171],[-72.1395,-42.7167],[-72.1396,-42.7166],[-72.1396,-42.7166],[-72.1395,-42.7165],[-72.1387,-42.7155],[-72.1385,-42.7153],[-72.1383,-42.7149],[-72.1382,-42.7146],[-72.1382,-42.7145],[-72.138,-42.7137],[-72.1378,-42.7129],[-72.1378,-42.7128],[-72.1377,-42.7119],[-72.1382,-42.7114],[-72.1382,-42.7112],[-72.1387,-42.7109],[-72.1395,-42.7106],[-72.1411,-42.7106],[-72.1415,-42.7105],[-72.1425,-42.7103],[-72.1431,-42.7102],[-72.144,-42.7096],[-72.1446,-42.7095],[-72.1456,-42.7095],[-72.1467,-42.7095],[-72.1484,-42.7094],[-72.1489,-42.7093],[-72.1495,-42.7092],[-72.1503,-42.7092],[-72.1503,-42.7092],[-72.1511,-42.7093],[-72.1515,-42.7092],[-72.1514,-42.7088],[-72.1513,-42.7086],[-72.1511,-42.7081],[-72.1514,-42.7075],[-72.1518,-42.707],[-72.1522,-42.7066],[-72.1523,-42.7066],[-72.1528,-42.7064],[-72.153,-42.7062],[-72.1535,-42.706],[-72.1541,-42.706],[-72.1546,-42.706],[-72.1547,-42.706],[-72.1557,-42.7058],[-72.157,-42.7054],[-72.157,-42.7053],[-72.1575,-42.7051],[-72.16,-42.7044],[-72.1607,-42.7044],[-72.1621,-42.7045],[-72.1637,-42.7046],[-72.165,-42.7043],[-72.1659,-42.7042],[-72.1665,-42.7043],[-72.1666,-42.7043],[-72.1673,-42.7044],[-72.1674,-42.7044],[-72.1681,-42.7041],[-72.1684,-42.7038],[-72.169,-42.7033],[-72.1696,-42.7024],[-72.1702,-42.7019],[-72.1707,-42.7016],[-72.1709,-42.7016],[-72.1717,-42.7017],[-72.1724,-42.7018],[-72.1732,-42.7016],[-72.1738,-42.7012],[-72.1742,-42.7006],[-72.1749,-42.6993],[-72.1758,-42.6988],[-72.176,-42.6986],[-72.1769,-42.6981],[-72.1782,-42.6978],[-72.1789,-42.6975],[-72.1797,-42.6972],[-72.1799,-42.6968],[-72.1799,-42.6963],[-72.1799,-42.6962],[-72.1799,-42.6961],[-72.1798,-42.6958],[-72.1797,-42.6957],[-72.1794,-42.6954],[-72.1792,-42.6953],[-72.1787,-42.6947],[-72.1786,-42.6946],[-72.1777,-42.6942],[-72.177,-42.6939],[-72.1769,-42.6937],[-72.1768,-42.6929],[-72.1768,-42.6923],[-72.1769,-42.6919],[-72.177,-42.6918],[-72.1773,-42.6914],[-72.1777,-42.691],[-72.1782,-42.6907],[-72.1782,-42.6906],[-72.1787,-42.6903],[-72.1787,-42.6892],[-72.1785,-42.6886],[-72.1783,-42.6882],[-72.1783,-42.6881],[-72.1776,-42.6873],[-72.1774,-42.687],[-72.1772,-42.6868],[-72.177,-42.6865],[-72.1767,-42.6861],[-72.1765,-42.6858],[-72.1764,-42.6857],[-72.1756,-42.6844],[-72.1752,-42.6838],[-72.1752,-42.6837],[-72.1751,-42.6836],[-72.1747,-42.683],[-72.1743,-42.6827],[-72.1743,-42.6824],[-72.1742,-42.6821],[-72.174,-42.6811],[-72.1741,-42.6797],[-72.1741,-42.678],[-72.174,-42.6768],[-72.1736,-42.6759],[-72.1736,-42.675],[-72.1738,-42.6741],[-72.1736,-42.6733],[-72.1734,-42.6729],[-72.1733,-42.6728],[-72.1732,-42.6726],[-72.1726,-42.6719],[-72.1722,-42.6716],[-72.1717,-42.6716],[-72.1707,-42.6716],[-72.1701,-42.6717],[-72.1696,-42.672],[-72.1685,-42.6732],[-72.1679,-42.6735],[-72.1673,-42.6738],[-72.1668,-42.6743],[-72.1664,-42.6745],[-72.1661,-42.6754],[-72.166,-42.6757],[-72.164,-42.6769],[-72.1604,-42.6778],[-72.1573,-42.6778],[-72.1562,-42.6777],[-72.1558,-42.6776],[-72.1553,-42.6776],[-72.155,-42.6778],[-72.1549,-42.6778],[-72.1527,-42.6796],[-72.1504,-42.681],[-72.1503,-42.681],[-72.1491,-42.6814],[-72.1481,-42.6814],[-72.1472,-42.6814],[-72.1467,-42.6812],[-72.1436,-42.6813],[-72.142,-42.6809],[-72.1414,-42.6807],[-72.1407,-42.6804],[-72.1399,-42.6801],[-72.1394,-42.6799],[-72.1393,-42.6799],[-72.1377,-42.6799],[-72.1365,-42.6803],[-72.1362,-42.6802],[-72.1361,-42.6802],[-72.1359,-42.6801],[-72.1358,-42.68],[-72.1357,-42.6799],[-72.1357,-42.6798],[-72.1354,-42.6797],[-72.1353,-42.6793],[-72.1353,-42.6787],[-72.1354,-42.6776],[-72.1352,-42.6763],[-72.1349,-42.6759],[-72.1345,-42.6753],[-72.1344,-42.675],[-72.1341,-42.6744],[-72.1339,-42.6743],[-72.1333,-42.674],[-72.1331,-42.6738],[-72.1326,-42.6734],[-72.1326,-42.6734],[-72.1325,-42.6733],[-72.1321,-42.6729],[-72.1317,-42.6723],[-72.1313,-42.672],[-72.1302,-42.6718],[-72.1294,-42.6716],[-72.1285,-42.6717],[-72.1274,-42.6718],[-72.1271,-42.6719],[-72.1264,-42.6721],[-72.1253,-42.6726],[-72.1234,-42.6728],[-72.1233,-42.6728],[-72.1226,-42.6724],[-72.1226,-42.6724],[-72.1224,-42.6713],[-72.1224,-42.6706],[-72.1223,-42.6698],[-72.1221,-42.6691],[-72.1221,-42.6687],[-72.122,-42.6678],[-72.1218,-42.667],[-72.1212,-42.6659],[-72.1208,-42.6654],[-72.1206,-42.665],[-72.1202,-42.6643],[-72.1196,-42.6638],[-72.1194,-42.6637],[-72.1191,-42.6631],[-72.119,-42.6628],[-72.1189,-42.6625],[-72.1188,-42.6618],[-72.1188,-42.6617],[-72.1186,-42.6612],[-72.1186,-42.6611],[-72.1179,-42.6604],[-72.117,-42.6598],[-72.1168,-42.6595],[-72.1165,-42.6593],[-72.1157,-42.6587],[-72.1147,-42.6584],[-72.114,-42.658],[-72.1138,-42.658],[-72.1135,-42.6579],[-72.1133,-42.6574],[-72.1131,-42.657],[-72.1128,-42.6566],[-72.1128,-42.6566],[-72.1128,-42.6565],[-72.1125,-42.6561],[-72.1119,-42.6552],[-72.1115,-42.6551],[-72.1106,-42.6546],[-72.1105,-42.6546],[-72.1101,-42.6544],[-72.1099,-42.6543],[-72.1096,-42.6541],[-72.1092,-42.6535],[-72.1092,-42.6532],[-72.109,-42.6527],[-72.109,-42.6524],[-72.1092,-42.6522],[-72.1093,-42.652],[-72.1093,-42.6515],[-72.1093,-42.6514],[-72.109,-42.6509],[-72.109,-42.6509],[-72.1084,-42.65],[-72.1079,-42.6493],[-72.1069,-42.6487],[-72.106,-42.6483],[-72.1059,-42.6482],[-72.1032,-42.648],[-72.1021,-42.6473],[-72.1016,-42.647],[-72.1015,-42.6468],[-72.1012,-42.6463],[-72.101,-42.6457],[-72.101,-42.6456],[-72.1008,-42.645],[-72.1008,-42.645],[-72.1005,-42.6444],[-72.0998,-42.6437],[-72.0995,-42.6434],[-72.0995,-42.6434],[-72.0988,-42.6431],[-72.0976,-42.6427],[-72.0971,-42.6425],[-72.0968,-42.6424],[-72.096,-42.642],[-72.096,-42.642],[-72.0959,-42.6415],[-72.0959,-42.6414],[-72.0963,-42.641],[-72.0967,-42.6408],[-72.0972,-42.6402],[-72.0972,-42.6397],[-72.0969,-42.6391],[-72.0972,-42.6386],[-72.0976,-42.6385],[-72.0979,-42.638],[-72.0994,-42.638],[-72.0998,-42.6373],[-72.0998,-42.6364],[-72.0998,-42.6356],[-72.1,-42.6351],[-72.0999,-42.6346],[-72.1002,-42.6342],[-72.1006,-42.6338],[-72.1011,-42.6334],[-72.1016,-42.6328],[-72.1021,-42.632],[-72.1023,-42.6315],[-72.1027,-42.6311],[-72.1031,-42.6306],[-72.1038,-42.6302],[-72.1041,-42.6301],[-72.1045,-42.6301],[-72.106,-42.6299],[-72.1066,-42.6299],[-72.1074,-42.6301],[-72.1076,-42.6301],[-72.1093,-42.6303],[-72.1121,-42.6307],[-72.1137,-42.6309],[-72.1156,-42.6303],[-72.1163,-42.6298],[-72.117,-42.6297],[-72.1176,-42.6292],[-72.1176,-42.6292],[-72.1176,-42.6292],[-72.1177,-42.629],[-72.1175,-42.6286],[-72.1175,-42.6285],[-72.1175,-42.6284],[-72.1173,-42.6281],[-72.1171,-42.6276],[-72.1171,-42.6275],[-72.117,-42.6272],[-72.1169,-42.6267],[-72.1166,-42.6263],[-72.1162,-42.626],[-72.1162,-42.6259],[-72.116,-42.6258],[-72.1154,-42.6255],[-72.1151,-42.6243],[-72.1151,-42.6243],[-72.1151,-42.6241],[-72.1148,-42.6228],[-72.1149,-42.6217],[-72.1149,-42.6211],[-72.1147,-42.6203],[-72.1144,-42.6196],[-72.1143,-42.6189],[-72.1141,-42.6181],[-72.1139,-42.6175],[-72.1136,-42.6172],[-72.1132,-42.6169],[-72.1132,-42.6168],[-72.1131,-42.6165],[-72.113,-42.6164],[-72.1131,-42.6159],[-72.1134,-42.6152],[-72.1137,-42.6147],[-72.1145,-42.6132],[-72.1145,-42.6126],[-72.1145,-42.6126],[-72.1145,-42.6124],[-72.1141,-42.6118],[-72.1139,-42.6111],[-72.1139,-42.6103],[-72.1141,-42.6091],[-72.1145,-42.6083],[-72.1147,-42.6081],[-72.1157,-42.6063],[-72.1162,-42.6057],[-72.1165,-42.6053],[-72.117,-42.6047],[-72.1175,-42.6043],[-72.1181,-42.604],[-72.1184,-42.6037],[-72.1184,-42.6037],[-72.1186,-42.6036],[-72.1186,-42.6032],[-72.1185,-42.603],[-72.118,-42.6027],[-72.1171,-42.6022],[-72.1155,-42.6024],[-72.1135,-42.6024],[-72.1124,-42.6026],[-72.1098,-42.6019],[-72.1074,-42.6016],[-72.1054,-42.6014],[-72.1046,-42.6008],[-72.1038,-42.6004],[-72.1037,-42.6004],[-72.1035,-42.6003],[-72.1028,-42.5994],[-72.1026,-42.5988],[-72.102,-42.5982],[-72.102,-42.5981],[-72.1016,-42.5972],[-72.1014,-42.5966],[-72.1012,-42.5963],[-72.1007,-42.5954],[-72.1005,-42.5952],[-72.1001,-42.5948],[-72.0993,-42.5944],[-72.0993,-42.5943],[-72.098,-42.5936],[-72.0973,-42.5933],[-72.0972,-42.5932],[-72.0969,-42.5931],[-72.0967,-42.593],[-72.0962,-42.5924],[-72.0961,-42.5918],[-72.0961,-42.5916],[-72.0961,-42.5915],[-72.0961,-42.591],[-72.0964,-42.5906],[-72.0966,-42.5904],[-72.0966,-42.5903],[-72.0969,-42.5899],[-72.0969,-42.5898],[-72.0972,-42.5894],[-72.0971,-42.5891],[-72.097,-42.589],[-72.0968,-42.5886],[-72.0964,-42.5879],[-72.0964,-42.5879],[-72.0959,-42.5873],[-72.095,-42.5868],[-72.0941,-42.5862],[-72.0939,-42.586],[-72.0936,-42.5857],[-72.0929,-42.5852],[-72.0928,-42.5846],[-72.0928,-42.5844],[-72.093,-42.5839],[-72.093,-42.5833],[-72.0928,-42.5829],[-72.0924,-42.582],[-72.0919,-42.5816],[-72.0918,-42.5816],[-72.0912,-42.5812],[-72.0905,-42.5806],[-72.0893,-42.5804],[-72.0886,-42.58],[-72.0878,-42.5796],[-72.0873,-42.5792],[-72.087,-42.5787],[-72.0862,-42.5778],[-72.0852,-42.5768],[-72.0844,-42.5761],[-72.0834,-42.5754],[-72.0825,-42.5747],[-72.0814,-42.5735],[-72.0811,-42.5732],[-72.0802,-42.5724],[-72.08,-42.5717],[-72.08,-42.5716],[-72.0799,-42.5716],[-72.0794,-42.5706],[-72.0794,-42.5705],[-72.0791,-42.5698],[-72.0787,-42.5694],[-72.0785,-42.5693],[-72.0783,-42.5691],[-72.0778,-42.5688],[-72.0772,-42.5682],[-72.0769,-42.5677],[-72.0764,-42.5671],[-72.0752,-42.5663],[-72.075,-42.5662],[-72.0741,-42.566],[-72.0734,-42.5661],[-72.0728,-42.5663],[-72.0715,-42.567],[-72.0708,-42.5673],[-72.0701,-42.5678],[-72.069,-42.5684],[-72.0687,-42.569],[-72.0683,-42.5697],[-72.0681,-42.5699],[-72.0664,-42.5715],[-72.0654,-42.5724],[-72.0645,-42.5726],[-72.064,-42.5726],[-72.0635,-42.5725],[-72.0621,-42.5723],[-72.0609,-42.5719],[-72.059,-42.5711],[-72.0583,-42.5708],[-72.0573,-42.5705],[-72.057,-42.5704],[-72.0568,-42.5703],[-72.0566,-42.5701],[-72.0565,-42.5699],[-72.0564,-42.5698],[-72.0564,-42.5694],[-72.0559,-42.5689],[-72.0552,-42.5685],[-72.0547,-42.5681],[-72.0543,-42.5674],[-72.0542,-42.5673],[-72.0542,-42.5672],[-72.0541,-42.5669],[-72.054,-42.5668],[-72.0539,-42.5665],[-72.0533,-42.566],[-72.0529,-42.5656],[-72.0526,-42.5655],[-72.0519,-42.5653],[-72.0514,-42.5651],[-72.0513,-42.5648],[-72.0513,-42.5642],[-72.0519,-42.5636],[-72.0526,-42.5622],[-72.0532,-42.5617],[-72.0537,-42.5614],[-72.0547,-42.5592],[-72.055,-42.5585],[-72.0555,-42.5581],[-72.0556,-42.5574],[-72.0552,-42.5569],[-72.054,-42.5563],[-72.0533,-42.5557],[-72.0532,-42.5555],[-72.0531,-42.5553],[-72.0527,-42.5549],[-72.0526,-42.5542],[-72.0525,-42.5536],[-72.0527,-42.553],[-72.053,-42.5525],[-72.0538,-42.5518],[-72.0541,-42.5509],[-72.054,-42.5503],[-72.0539,-42.5486],[-72.0538,-42.5475],[-72.0539,-42.5469],[-72.0539,-42.5463],[-72.0537,-42.5455],[-72.0535,-42.5451],[-72.0529,-42.5444],[-72.0517,-42.5435],[-72.0516,-42.5433],[-72.0511,-42.543],[-72.0502,-42.5425],[-72.049,-42.5419],[-72.0481,-42.5413],[-72.0469,-42.5406],[-72.0462,-42.5402],[-72.0454,-42.5399],[-72.0445,-42.5396],[-72.044,-42.5394],[-72.044,-42.5394],[-72.043,-42.5387],[-72.0426,-42.5382],[-72.0425,-42.5374],[-72.0424,-42.5363],[-72.0419,-42.5358],[-72.0414,-42.5349],[-72.0406,-42.5342],[-72.0394,-42.5339],[-72.0387,-42.5334],[-72.0383,-42.5327],[-72.0379,-42.5315],[-72.0372,-42.5307],[-72.0366,-42.53],[-72.0364,-42.5294],[-72.0364,-42.5289],[-72.0363,-42.5283],[-72.0358,-42.5278],[-72.0353,-42.5272],[-72.0351,-42.5266],[-72.035,-42.5264],[-72.0349,-42.5263],[-72.0346,-42.5257],[-72.034,-42.525],[-72.0331,-42.5243],[-72.0312,-42.5235],[-72.0306,-42.5232],[-72.0294,-42.5229],[-72.028,-42.5225],[-72.0271,-42.5224],[-72.0264,-42.5221],[-72.026,-42.5218],[-72.0259,-42.5213],[-72.026,-42.5209],[-72.0262,-42.5207],[-72.0267,-42.52],[-72.0275,-42.5196],[-72.0277,-42.5189],[-72.0281,-42.5185],[-72.0284,-42.518],[-72.0288,-42.5177],[-72.029,-42.5175],[-72.029,-42.5174],[-72.029,-42.5172],[-72.0288,-42.5171],[-72.0288,-42.5169],[-72.0287,-42.5165],[-72.0288,-42.5159],[-72.0287,-42.5147],[-72.0287,-42.5144],[-72.0284,-42.5138],[-72.0281,-42.5131],[-72.0278,-42.5124],[-72.0278,-42.5121],[-72.0277,-42.5113],[-72.0275,-42.5105],[-72.0273,-42.5101],[-72.027,-42.5097],[-72.027,-42.5091],[-72.0271,-42.5087],[-72.0275,-42.5084],[-72.0281,-42.5071],[-72.0283,-42.5066],[-72.0284,-42.5063],[-72.0285,-42.5058],[-72.0283,-42.5052],[-72.027,-42.5044],[-72.026,-42.5038],[-72.0259,-42.503],[-72.0257,-42.5026],[-72.0254,-42.5021],[-72.0248,-42.5016],[-72.0242,-42.5011],[-72.0233,-42.5007],[-72.0232,-42.5006],[-72.0223,-42.5],[-72.0213,-42.4997],[-72.0202,-42.4995],[-72.0194,-42.4994],[-72.0185,-42.4993],[-72.0166,-42.4991],[-72.016,-42.499],[-72.0156,-42.4987],[-72.0155,-42.4983],[-72.0152,-42.4978],[-72.0143,-42.497],[-72.0133,-42.496],[-72.0129,-42.4954],[-72.0126,-42.4949],[-72.0127,-42.4944],[-72.0128,-42.4939],[-72.0129,-42.4936],[-72.0131,-42.4931],[-72.0131,-42.4931],[-72.0133,-42.4925],[-72.0133,-42.4919],[-72.0133,-42.4912],[-72.0136,-42.4904],[-72.0136,-42.4892],[-72.0141,-42.4883],[-72.0146,-42.4874],[-72.0143,-42.4863],[-72.0143,-42.4853],[-72.0148,-42.4849],[-72.015,-42.4844],[-72.0151,-42.4843],[-72.0157,-42.4837],[-72.0163,-42.4833],[-72.0166,-42.4828],[-72.0169,-42.4823],[-72.0172,-42.4823],[-72.0179,-42.4822],[-72.0185,-42.482],[-72.0193,-42.4815],[-72.0198,-42.481],[-72.0203,-42.4805],[-72.0206,-42.4801],[-72.0206,-42.48],[-72.0208,-42.4795],[-72.0207,-42.4788],[-72.0207,-42.4787],[-72.0206,-42.4787],[-72.02,-42.4787],[-72.0199,-42.4787],[-71.9994,-42.4791],[-71.9992,-42.4791],[-71.9704,-42.4796],[-71.9669,-42.4796],[-71.9611,-42.4797],[-71.9495,-42.48],[-71.8795,-42.4812],[-71.7782,-42.4829],[-71.7782,-42.4829],[-71.7781,-42.4829],[-71.6272,-42.4853],[-71.6176,-42.5259],[-71.6171,-42.5279],[-71.6117,-42.5505],[-71.6111,-42.553],[-71.6096,-42.5592],[-71.6094,-42.56],[-71.6044,-42.5812],[-71.6035,-42.585],[-71.5986,-42.6052],[-71.4802,-42.6132],[-71.4802,-42.6132],[-71.4863,-42.6531],[-71.4875,-42.661],[-71.4716,-42.6705],[-71.4439,-42.6871],[-71.4439,-42.6871],[-71.4426,-42.6878],[-71.4426,-42.6878],[-71.4407,-42.6966],[-71.438,-42.7085],[-71.4337,-42.7115],[-71.4076,-42.7296],[-71.4038,-42.7322],[-71.3974,-42.7383],[-71.3933,-42.744],[-71.3909,-42.7523],[-71.3906,-42.7534],[-71.3891,-42.7585],[-71.3741,-42.7589],[-71.369,-42.7636],[-71.3666,-42.7659],[-71.3594,-42.7726],[-71.3484,-42.7829],[-71.3562,-42.794],[-71.3487,-42.8006],[-71.3228,-42.8234],[-71.3228,-42.8234],[-71.3237,-42.8247],[-71.3237,-42.8247],[-71.3237,-42.8247],[-71.328,-42.8312],[-71.3166,-42.8397],[-71.2916,-42.8582],[-71.2295,-42.8601],[-71.2293,-42.8601],[-71.1718,-42.8618],[-71.1672,-42.8619],[-71.1396,-42.8814],[-71.0465,-42.9468],[-71.0461,-42.9465],[-70.9363,-42.8636],[-70.8849,-42.8641],[-70.7583,-42.8611],[-70.5845,-42.8665]]]]},"geometry_name":"geom","properties":{"departamen":"Futaleuf�","cabecera":"Esquel","superficie":"9.168,43"},"bbox":[-72.1799,-43.6337,-70.5641,-42.4787]},{"type":"Feature","id":"departamentos.9","geometry":{"type":"MultiPolygon","coordinates":[[[[-69.9187,-44.678],[-69.6268,-44.6814],[-69.6367,-45.2838],[-69.637,-45.305],[-69.6378,-45.3549],[-69.6404,-45.5186],[-69.6445,-45.7754],[-69.6471,-45.9424],[-69.6474,-45.9584],[-69.6476,-45.971],[-69.6477,-45.9761],[-69.6479,-45.9877],[-69.6479,-45.9881],[-69.6479,-45.9905],[-69.6479,-45.9916],[-69.6479,-45.992],[-69.648,-45.9944],[-69.648,-45.9945],[-69.648,-45.9945],[-69.648,-45.9945],[-69.648,-45.9946],[-69.648,-45.9947],[-69.648,-45.995],[-69.648,-45.9952],[-69.648,-45.9952],[-69.648,-45.9958],[-69.648,-45.9961],[-69.648,-45.9961],[-69.648,-45.9962],[-69.648,-45.9962],[-69.648,-45.9963],[-69.648,-45.9965],[-69.648,-45.9965],[-69.648,-45.9968],[-69.648,-45.9969],[-69.648,-45.9971],[-69.648,-45.9973],[-69.648,-45.9974],[-69.648,-45.9974],[-69.648,-45.9977],[-69.648,-45.9978],[-69.648,-45.998],[-69.648,-45.9981],[-69.648,-45.9982],[-69.648,-45.9983],[-69.648,-45.9984],[-69.648,-45.9984],[-69.648,-45.9985],[-69.648,-45.9985],[-69.648,-45.9986],[-69.648,-45.9987],[-69.648,-45.9988],[-69.648,-45.9988],[-69.648,-45.9988],[-69.648,-45.9989],[-69.648,-45.9989],[-69.648,-45.999],[-69.648,-45.999],[-69.6481,-45.9991],[-69.6481,-45.9991],[-69.6481,-45.9992],[-69.6481,-45.9992],[-69.6481,-45.9992],[-69.6481,-45.9994],[-69.6481,-45.9995],[-69.6481,-45.9996],[-69.6481,-45.9996],[-69.6481,-45.9996],[-69.6481,-45.9997],[-69.6481,-45.9997],[-69.6481,-45.9998],[-69.6481,-45.9998],[-69.6484,-45.9998],[-69.6498,-45.9998],[-69.6501,-45.9998],[-69.6512,-45.9998],[-69.6519,-45.9998],[-69.6526,-45.9998],[-69.654,-45.9998],[-69.6547,-45.9998],[-69.6548,-45.9998],[-69.6553,-45.9998],[-69.6556,-45.9998],[-69.6562,-45.9998],[-69.6567,-45.9998],[-69.6581,-45.9998],[-69.6595,-45.9998],[-69.6608,-45.9998],[-69.6609,-45.9998],[-69.6623,-45.9998],[-69.6628,-45.9998],[-69.6637,-45.9998],[-69.6651,-45.9998],[-69.6665,-45.9998],[-69.6678,-45.9998],[-69.6692,-45.9998],[-69.6706,-45.9998],[-69.6712,-45.9998],[-69.672,-45.9998],[-69.6734,-45.9998],[-69.674,-45.9998],[-69.6748,-45.9998],[-69.6762,-45.9998],[-69.6771,-45.9998],[-69.6776,-45.9998],[-69.6786,-45.9998],[-69.679,-45.9998],[-69.6803,-45.9998],[-69.6817,-45.9998],[-69.6831,-45.9998],[-69.6845,-45.9998],[-69.6859,-45.9998],[-69.6873,-45.9998],[-69.6887,-45.9998],[-69.6901,-45.9998],[-69.6904,-45.9998],[-69.6915,-45.9998],[-69.6928,-45.9998],[-69.6942,-45.9998],[-69.6956,-45.9998],[-69.697,-45.9998],[-69.6984,-45.9998],[-69.6993,-45.9998],[-69.6998,-45.9998],[-69.7012,-45.9998],[-69.7026,-45.9998],[-69.7039,-45.9998],[-69.704,-45.9998],[-69.7053,-45.9998],[-69.7067,-45.9998],[-69.7081,-45.9998],[-69.7095,-45.9998],[-69.7109,-45.9998],[-69.7123,-45.9998],[-69.7137,-45.9998],[-69.7151,-45.9998],[-69.7165,-45.9998],[-69.7179,-45.9998],[-69.7192,-45.9998],[-69.7199,-45.9998],[-69.7206,-45.9998],[-69.722,-45.9998],[-69.7234,-45.9998],[-69.7248,-45.9998],[-69.7262,-45.9998],[-69.7276,-45.9998],[-69.729,-45.9998],[-69.7304,-45.9998],[-69.7317,-45.9998],[-69.7331,-45.9998],[-69.7345,-45.9998],[-69.7359,-45.9998],[-69.7373,-45.9998],[-69.7387,-45.9998],[-69.7401,-45.9998],[-69.7415,-45.9998],[-69.7429,-45.9998],[-69.7442,-45.9998],[-69.7445,-45.9998],[-69.7448,-45.9998],[-69.7456,-45.9998],[-69.747,-45.9998],[-69.7484,-45.9998],[-69.7495,-45.9998],[-69.7498,-45.9998],[-69.7512,-45.9998],[-69.7526,-45.9998],[-69.754,-45.9998],[-69.7554,-45.9998],[-69.7567,-45.9998],[-69.7581,-45.9998],[-69.7595,-45.9998],[-69.7609,-45.9998],[-69.7623,-45.9998],[-69.7637,-45.9998],[-69.7651,-45.9998],[-69.7665,-45.9998],[-69.7679,-45.9998],[-69.7692,-45.9998],[-69.7706,-45.9998],[-69.772,-45.9998],[-69.7734,-45.9998],[-69.7748,-45.9998],[-69.7762,-45.9998],[-69.7776,-45.9998],[-69.779,-45.9998],[-69.7804,-45.9998],[-69.7812,-45.9998],[-69.7817,-45.9998],[-69.7831,-45.9998],[-69.7845,-45.9998],[-69.7859,-45.9998],[-69.7873,-45.9998],[-69.7887,-45.9998],[-69.7901,-45.9998],[-69.7915,-45.9998],[-69.7922,-45.9998],[-69.7929,-45.9998],[-69.7942,-45.9998],[-69.7956,-45.9998],[-69.797,-45.9998],[-69.7984,-45.9998],[-69.7998,-45.9998],[-69.8012,-45.9998],[-69.8026,-45.9998],[-69.804,-45.9998],[-69.8054,-45.9998],[-69.8067,-45.9998],[-69.8081,-45.9998],[-69.8095,-45.9998],[-69.8109,-45.9998],[-69.8123,-45.9998],[-69.8137,-45.9998],[-69.8149,-45.9998],[-69.8151,-45.9998],[-69.8165,-45.9998],[-69.8179,-45.9998],[-69.8192,-45.9998],[-69.8195,-45.9998],[-69.8206,-45.9998],[-69.822,-45.9998],[-69.8234,-45.9998],[-69.8234,-45.9998],[-69.8248,-45.9998],[-69.8262,-45.9998],[-69.8276,-45.9998],[-69.8279,-45.9998],[-69.829,-45.9998],[-69.8304,-45.9998],[-69.8317,-45.9998],[-69.8324,-45.9998],[-69.8331,-45.9998],[-69.8345,-45.9998],[-69.8359,-45.9998],[-69.8373,-45.9998],[-69.8387,-45.9998],[-69.8401,-45.9998],[-69.8405,-45.9998],[-69.8415,-45.9998],[-69.8416,-45.9998],[-69.8429,-45.9998],[-69.8442,-45.9998],[-69.8456,-45.9998],[-69.847,-45.9998],[-69.8484,-45.9998],[-69.8498,-45.9998],[-69.851,-45.9998],[-69.8512,-45.9998],[-69.8517,-45.9998],[-69.8526,-45.9998],[-69.8539,-45.9998],[-69.854,-45.9998],[-69.8547,-45.9998],[-69.8554,-45.9998],[-69.8555,-45.9998],[-69.8567,-45.9998],[-69.8581,-45.9998],[-69.8595,-45.9998],[-69.8607,-45.9998],[-69.8609,-45.9998],[-69.8623,-45.9998],[-69.8637,-45.9998],[-69.8651,-45.9998],[-69.8665,-45.9998],[-69.8669,-45.9998],[-69.8679,-45.9998],[-69.8692,-45.9998],[-69.8706,-45.9998],[-69.872,-45.9998],[-69.8734,-45.9998],[-69.8748,-45.9998],[-69.8762,-45.9998],[-69.8776,-45.9998],[-69.879,-45.9998],[-69.8796,-45.9998],[-69.8804,-45.9998],[-69.8817,-45.9998],[-69.8831,-45.9998],[-69.8845,-45.9998],[-69.8859,-45.9998],[-69.8873,-45.9998],[-69.8887,-45.9998],[-69.8901,-45.9998],[-69.8915,-45.9998],[-69.8922,-45.9998],[-69.8929,-45.9998],[-69.8942,-45.9998],[-69.8956,-45.9998],[-69.897,-45.9998],[-69.8984,-45.9998],[-69.8998,-45.9998],[-69.9012,-45.9998],[-69.9024,-45.9998],[-69.9026,-45.9998],[-69.904,-45.9998],[-69.9054,-45.9998],[-69.9067,-45.9998],[-69.9081,-45.9998],[-69.9095,-45.9998],[-69.9109,-45.9998],[-69.9123,-45.9998],[-69.9124,-45.9998],[-69.9129,-45.9998],[-69.9137,-45.9998],[-69.9151,-45.9998],[-69.9165,-45.9998],[-69.9179,-45.9998],[-69.918,-45.9998],[-69.9192,-45.9998],[-69.9206,-45.9998],[-69.922,-45.9998],[-69.9234,-45.9998],[-69.9248,-45.9998],[-69.9262,-45.9998],[-69.9276,-45.9998],[-69.929,-45.9998],[-69.9304,-45.9998],[-69.9317,-45.9998],[-69.9331,-45.9998],[-69.9345,-45.9998],[-69.9356,-45.9998],[-69.9359,-45.9998],[-69.9373,-45.9998],[-69.9387,-45.9998],[-69.9401,-45.9998],[-69.9415,-45.9998],[-69.9429,-45.9998],[-69.9442,-45.9998],[-69.9456,-45.9998],[-69.947,-45.9998],[-69.9484,-45.9998],[-69.9498,-45.9998],[-69.9512,-45.9998],[-69.9526,-45.9998],[-69.954,-45.9998],[-69.9554,-45.9998],[-69.9567,-45.9998],[-69.9581,-45.9998],[-69.9582,-45.9998],[-69.9595,-45.9998],[-69.9609,-45.9998],[-69.9623,-45.9998],[-69.9637,-45.9998],[-69.9651,-45.9998],[-69.9665,-45.9998],[-69.9679,-45.9998],[-69.9692,-45.9998],[-69.9706,-45.9998],[-69.972,-45.9998],[-69.9734,-45.9998],[-69.9748,-45.9998],[-69.9762,-45.9998],[-69.9776,-45.9998],[-69.9777,-45.9998],[-69.9783,-45.9998],[-69.979,-45.9998],[-69.9804,-45.9998],[-69.9817,-45.9998],[-69.9831,-45.9998],[-69.9831,-45.9998],[-69.9838,-45.9998],[-69.9845,-45.9998],[-69.9859,-45.9998],[-69.9862,-45.9998],[-69.9873,-45.9998],[-69.9887,-45.9998],[-69.9901,-45.9998],[-69.9908,-45.9998],[-69.9915,-45.9998],[-69.9929,-45.9998],[-69.9943,-45.9998],[-69.9956,-45.9998],[-69.997,-45.9998],[-69.9984,-45.9998],[-69.9998,-45.9998],[-70.0012,-45.9998],[-70.0026,-45.9998],[-70.004,-45.9998],[-70.0054,-45.9998],[-70.0068,-45.9998],[-70.008,-45.9998],[-70.0081,-45.9998],[-70.0083,-45.9998],[-70.0095,-45.9998],[-70.0109,-45.9998],[-70.0123,-45.9998],[-70.0137,-45.9998],[-70.0151,-45.9998],[-70.0165,-45.9998],[-70.0179,-45.9998],[-70.0193,-45.9998],[-70.0206,-45.9998],[-70.022,-45.9998],[-70.0234,-45.9998],[-70.0248,-45.9998],[-70.0262,-45.9998],[-70.0276,-45.9998],[-70.029,-45.9998],[-70.0304,-45.9998],[-70.0318,-45.9998],[-70.0331,-45.9998],[-70.0345,-45.9998],[-70.0359,-45.9998],[-70.0373,-45.9998],[-70.0387,-45.9998],[-70.0401,-45.9998],[-70.0415,-45.9998],[-70.0429,-45.9998],[-70.0443,-45.9998],[-70.0456,-45.9998],[-70.047,-45.9998],[-70.0484,-45.9998],[-70.0498,-45.9998],[-70.0512,-45.9998],[-70.0526,-45.9998],[-70.054,-45.9998],[-70.0554,-45.9998],[-70.0568,-45.9998],[-70.0581,-45.9998],[-70.0595,-45.9998],[-70.0601,-45.9998],[-70.0609,-45.9998],[-70.0623,-45.9998],[-70.0637,-45.9998],[-70.0651,-45.9998],[-70.0665,-45.9998],[-70.0679,-45.9998],[-70.0693,-45.9998],[-70.0706,-45.9998],[-70.072,-45.9998],[-70.0734,-45.9998],[-70.0748,-45.9998],[-70.0762,-45.9998],[-70.0776,-45.9998],[-70.079,-45.9998],[-70.0804,-45.9998],[-70.0818,-45.9998],[-70.0831,-45.9998],[-70.0845,-45.9998],[-70.0859,-45.9998],[-70.0873,-45.9998],[-70.0887,-45.9998],[-70.0901,-45.9998],[-70.0915,-45.9998],[-70.0929,-45.9998],[-70.0943,-45.9998],[-70.0956,-45.9998],[-70.097,-45.9998],[-70.0984,-45.9998],[-70.0998,-45.9998],[-70.1012,-45.9998],[-70.1026,-45.9998],[-70.104,-45.9998],[-70.1054,-45.9998],[-70.1068,-45.9998],[-70.1081,-45.9998],[-70.1095,-45.9998],[-70.1109,-45.9998],[-70.1123,-45.9998],[-70.1137,-45.9998],[-70.1151,-45.9998],[-70.1165,-45.9998],[-70.1179,-45.9998],[-70.1193,-45.9998],[-70.1206,-45.9998],[-70.122,-45.9998],[-70.1234,-45.9998],[-70.1248,-45.9998],[-70.1262,-45.9998],[-70.1276,-45.9998],[-70.129,-45.9998],[-70.1304,-45.9998],[-70.1318,-45.9998],[-70.1331,-45.9998],[-70.1339,-45.9998],[-70.1345,-45.9998],[-70.1359,-45.9998],[-70.1365,-45.9998],[-70.1373,-45.9998],[-70.1387,-45.9998],[-70.1393,-45.9998],[-70.1401,-45.9998],[-70.1415,-45.9998],[-70.1419,-45.9998],[-70.1429,-45.9998],[-70.1443,-45.9998],[-70.1456,-45.9998],[-70.147,-45.9998],[-70.1484,-45.9998],[-70.1498,-45.9998],[-70.1512,-45.9998],[-70.1526,-45.9998],[-70.154,-45.9998],[-70.1554,-45.9998],[-70.1568,-45.9998],[-70.1581,-45.9998],[-70.1595,-45.9998],[-70.1609,-45.9998],[-70.1623,-45.9998],[-70.1637,-45.9998],[-70.1651,-45.9998],[-70.1665,-45.9998],[-70.1679,-45.9998],[-70.1693,-45.9998],[-70.1706,-45.9998],[-70.172,-45.9998],[-70.1734,-45.9998],[-70.1748,-45.9998],[-70.1762,-45.9998],[-70.1776,-45.9998],[-70.179,-45.9998],[-70.1804,-45.9998],[-70.1818,-45.9998],[-70.1831,-45.9998],[-70.1845,-45.9998],[-70.1859,-45.9998],[-70.1873,-45.9998],[-70.1887,-45.9998],[-70.1901,-45.9998],[-70.1915,-45.9998],[-70.1929,-45.9998],[-70.1943,-45.9998],[-70.1956,-45.9998],[-70.197,-45.9998],[-70.1984,-45.9998],[-70.1998,-45.9998],[-70.2012,-45.9998],[-70.202,-45.9998],[-70.2026,-45.9998],[-70.204,-45.9998],[-70.2054,-45.9998],[-70.2068,-45.9998],[-70.2081,-45.9998],[-70.2095,-45.9998],[-70.2109,-45.9998],[-70.2123,-45.9998],[-70.2137,-45.9998],[-70.2151,-45.9998],[-70.2165,-45.9998],[-70.2179,-45.9998],[-70.2193,-45.9998],[-70.2206,-45.9998],[-70.222,-45.9998],[-70.2234,-45.9998],[-70.2248,-45.9998],[-70.2262,-45.9998],[-70.2276,-45.9998],[-70.229,-45.9998],[-70.2304,-45.9998],[-70.2318,-45.9998],[-70.2331,-45.9998],[-70.2334,-45.9998],[-70.2345,-45.9998],[-70.2359,-45.9998],[-70.2373,-45.9998],[-70.2387,-45.9998],[-70.2401,-45.9998],[-70.2415,-45.9998],[-70.2429,-45.9998],[-70.2443,-45.9998],[-70.2456,-45.9998],[-70.247,-45.9998],[-70.2484,-45.9998],[-70.2498,-45.9998],[-70.2512,-45.9998],[-70.2526,-45.9998],[-70.254,-45.9998],[-70.2554,-45.9998],[-70.2568,-45.9998],[-70.2581,-45.9998],[-70.2595,-45.9998],[-70.2609,-45.9998],[-70.2623,-45.9998],[-70.2637,-45.9998],[-70.2651,-45.9998],[-70.2665,-45.9998],[-70.2679,-45.9998],[-70.2693,-45.9998],[-70.2707,-45.9998],[-70.272,-45.9998],[-70.2734,-45.9998],[-70.2748,-45.9998],[-70.2762,-45.9998],[-70.2776,-45.9998],[-70.279,-45.9998],[-70.2804,-45.9998],[-70.2818,-45.9998],[-70.2832,-45.9998],[-70.2845,-45.9998],[-70.2859,-45.9998],[-70.2873,-45.9998],[-70.2887,-45.9998],[-70.2901,-45.9998],[-70.2915,-45.9998],[-70.2929,-45.9998],[-70.2943,-45.9998],[-70.2957,-45.9998],[-70.297,-45.9998],[-70.2984,-45.9998],[-70.2998,-45.9998],[-70.3012,-45.9998],[-70.3026,-45.9998],[-70.304,-45.9998],[-70.3054,-45.9998],[-70.3068,-45.9998],[-70.3082,-45.9998],[-70.3095,-45.9998],[-70.3109,-45.9998],[-70.3123,-45.9998],[-70.3137,-45.9998],[-70.3151,-45.9998],[-70.3165,-45.9998],[-70.3179,-45.9998],[-70.3193,-45.9998],[-70.3207,-45.9998],[-70.322,-45.9998],[-70.3234,-45.9998],[-70.3248,-45.9998],[-70.3262,-45.9998],[-70.3276,-45.9998],[-70.329,-45.9998],[-70.3304,-45.9998],[-70.3318,-45.9998],[-70.3332,-45.9998],[-70.3345,-45.9998],[-70.3359,-45.9998],[-70.3373,-45.9998],[-70.3387,-45.9998],[-70.3401,-45.9998],[-70.3415,-45.9998],[-70.3429,-45.9998],[-70.3443,-45.9998],[-70.3457,-45.9998],[-70.347,-45.9998],[-70.3484,-45.9998],[-70.3498,-45.9998],[-70.3512,-45.9998],[-70.3526,-45.9998],[-70.354,-45.9998],[-70.3554,-45.9998],[-70.3568,-45.9998],[-70.3582,-45.9998],[-70.3595,-45.9998],[-70.3609,-45.9998],[-70.3623,-45.9998],[-70.3625,-45.9998],[-70.3637,-45.9998],[-70.3651,-45.9998],[-70.3665,-45.9998],[-70.3679,-45.9998],[-70.3683,-45.9998],[-70.3693,-45.9998],[-70.3707,-45.9998],[-70.372,-45.9998],[-70.3734,-45.9998],[-70.3748,-45.9998],[-70.3762,-45.9998],[-70.3776,-45.9998],[-70.379,-45.9998],[-70.3804,-45.9998],[-70.3818,-45.9998],[-70.3832,-45.9998],[-70.3845,-45.9998],[-70.3859,-45.9998],[-70.3873,-45.9998],[-70.3887,-45.9998],[-70.3901,-45.9998],[-70.3915,-45.9998],[-70.3929,-45.9998],[-70.3943,-45.9998],[-70.3957,-45.9998],[-70.397,-45.9998],[-70.3984,-45.9998],[-70.3998,-45.9998],[-70.4012,-45.9998],[-70.4026,-45.9998],[-70.404,-45.9998],[-70.4054,-45.9998],[-70.4068,-45.9998],[-70.4082,-45.9998],[-70.4095,-45.9998],[-70.4109,-45.9998],[-70.4123,-45.9998],[-70.4137,-45.9998],[-70.4143,-45.9998],[-70.4151,-45.9998],[-70.4165,-45.9998],[-70.4179,-45.9998],[-70.4193,-45.9998],[-70.4207,-45.9998],[-70.422,-45.9998],[-70.4234,-45.9998],[-70.4248,-45.9998],[-70.4262,-45.9998],[-70.4276,-45.9998],[-70.429,-45.9998],[-70.4304,-45.9998],[-70.4318,-45.9998],[-70.4332,-45.9998],[-70.4345,-45.9998],[-70.4359,-45.9998],[-70.4373,-45.9998],[-70.4387,-45.9998],[-70.4401,-45.9998],[-70.4415,-45.9998],[-70.4429,-45.9998],[-70.4443,-45.9998],[-70.4457,-45.9998],[-70.447,-45.9998],[-70.4484,-45.9998],[-70.4498,-45.9998],[-70.4512,-45.9998],[-70.4526,-45.9998],[-70.454,-45.9998],[-70.4554,-45.9998],[-70.4568,-45.9998],[-70.4582,-45.9998],[-70.4595,-45.9998],[-70.4609,-45.9998],[-70.4623,-45.9998],[-70.4637,-45.9998],[-70.4651,-45.9998],[-70.4665,-45.9998],[-70.4679,-45.9998],[-70.4693,-45.9998],[-70.4707,-45.9998],[-70.472,-45.9998],[-70.4734,-45.9998],[-70.4748,-45.9998],[-70.4762,-45.9998],[-70.4776,-45.9998],[-70.479,-45.9998],[-70.4804,-45.9998],[-70.4818,-45.9998],[-70.4832,-45.9998],[-70.4845,-45.9998],[-70.4859,-45.9998],[-70.4873,-45.9998],[-70.4887,-45.9998],[-70.4901,-45.9998],[-70.4915,-45.9998],[-70.4929,-45.9998],[-70.4943,-45.9998],[-70.4957,-45.9998],[-70.497,-45.9998],[-70.4984,-45.9998],[-70.4998,-45.9998],[-70.5012,-45.9998],[-70.5026,-45.9998],[-70.504,-45.9998],[-70.5054,-45.9998],[-70.5068,-45.9998],[-70.5082,-45.9998],[-70.5095,-45.9998],[-70.5109,-45.9998],[-70.5123,-45.9998],[-70.5137,-45.9998],[-70.5151,-45.9998],[-70.5165,-45.9998],[-70.517,-45.9998],[-70.5179,-45.9998],[-70.5193,-45.9998],[-70.5207,-45.9998],[-70.522,-45.9998],[-70.5234,-45.9998],[-70.5248,-45.9998],[-70.5262,-45.9998],[-70.5276,-45.9998],[-70.529,-45.9998],[-70.5304,-45.9998],[-70.5318,-45.9998],[-70.5332,-45.9998],[-70.5345,-45.9998],[-70.5359,-45.9998],[-70.5373,-45.9998],[-70.5387,-45.9998],[-70.5401,-45.9998],[-70.5415,-45.9998],[-70.5429,-45.9998],[-70.5443,-45.9998],[-70.5457,-45.9998],[-70.5471,-45.9998],[-70.5484,-45.9998],[-70.5498,-45.9998],[-70.5512,-45.9998],[-70.5526,-45.9998],[-70.554,-45.9998],[-70.5554,-45.9998],[-70.5568,-45.9998],[-70.5582,-45.9998],[-70.5596,-45.9998],[-70.5609,-45.9998],[-70.5623,-45.9998],[-70.5637,-45.9998],[-70.5651,-45.9998],[-70.5665,-45.9998],[-70.5679,-45.9998],[-70.5693,-45.9998],[-70.5707,-45.9998],[-70.5721,-45.9998],[-70.5734,-45.9998],[-70.5748,-45.9998],[-70.5762,-45.9998],[-70.5776,-45.9998],[-70.579,-45.9998],[-70.5804,-45.9998],[-70.5818,-45.9998],[-70.5832,-45.9998],[-70.5846,-45.9998],[-70.5859,-45.9998],[-70.5873,-45.9998],[-70.5887,-45.9998],[-70.5899,-45.9998],[-70.5901,-45.9998],[-70.5915,-45.9998],[-70.5929,-45.9998],[-70.5943,-45.9998],[-70.5957,-45.9998],[-70.5971,-45.9998],[-70.5984,-45.9998],[-70.5998,-45.9998],[-70.6012,-45.9998],[-70.6026,-45.9998],[-70.604,-45.9998],[-70.6054,-45.9998],[-70.6068,-45.9998],[-70.6082,-45.9998],[-70.6096,-45.9998],[-70.6109,-45.9998],[-70.6123,-45.9998],[-70.6137,-45.9998],[-70.6151,-45.9998],[-70.6165,-45.9998],[-70.6179,-45.9998],[-70.6193,-45.9998],[-70.6207,-45.9998],[-70.6221,-45.9998],[-70.6234,-45.9998],[-70.6248,-45.9998],[-70.6262,-45.9998],[-70.6276,-45.9998],[-70.629,-45.9998],[-70.6304,-45.9998],[-70.6318,-45.9998],[-70.6332,-45.9998],[-70.6346,-45.9998],[-70.6359,-45.9998],[-70.6373,-45.9998],[-70.6387,-45.9998],[-70.6401,-45.9998],[-70.6415,-45.9998],[-70.6429,-45.9998],[-70.6443,-45.9998],[-70.6457,-45.9998],[-70.6471,-45.9998],[-70.6484,-45.9998],[-70.6498,-45.9998],[-70.6512,-45.9998],[-70.6526,-45.9998],[-70.654,-45.9998],[-70.6554,-45.9998],[-70.6568,-45.9998],[-70.6582,-45.9998],[-70.6591,-45.9998],[-70.6596,-45.9998],[-70.6609,-45.9998],[-70.6623,-45.9998],[-70.6637,-45.9998],[-70.6651,-45.9998],[-70.6665,-45.9998],[-70.6679,-45.9998],[-70.6693,-45.9998],[-70.6707,-45.9998],[-70.6721,-45.9998],[-70.6734,-45.9998],[-70.6748,-45.9998],[-70.6762,-45.9998],[-70.6776,-45.9998],[-70.679,-45.9998],[-70.6804,-45.9998],[-70.6818,-45.9998],[-70.6832,-45.9998],[-70.6846,-45.9998],[-70.6859,-45.9998],[-70.6873,-45.9998],[-70.6887,-45.9998],[-70.6901,-45.9998],[-70.6915,-45.9998],[-70.6929,-45.9998],[-70.6943,-45.9998],[-70.6953,-45.9998],[-70.6957,-45.9998],[-70.6971,-45.9998],[-70.6984,-45.9998],[-70.6998,-45.9998],[-70.7012,-45.9998],[-70.7026,-45.9998],[-70.704,-45.9998],[-70.7054,-45.9998],[-70.7068,-45.9998],[-70.7082,-45.9998],[-70.7096,-45.9998],[-70.7109,-45.9998],[-70.7123,-45.9998],[-70.7137,-45.9998],[-70.7151,-45.9998],[-70.7165,-45.9998],[-70.7179,-45.9998],[-70.7193,-45.9998],[-70.7207,-45.9998],[-70.7221,-45.9998],[-70.7234,-45.9998],[-70.7248,-45.9998],[-70.7262,-45.9998],[-70.7276,-45.9998],[-70.729,-45.9998],[-70.7304,-45.9998],[-70.7318,-45.9998],[-70.7332,-45.9998],[-70.7346,-45.9998],[-70.7359,-45.9998],[-70.7373,-45.9998],[-70.7387,-45.9998],[-70.7401,-45.9998],[-70.7415,-45.9998],[-70.7429,-45.9998],[-70.7443,-45.9998],[-70.7457,-45.9998],[-70.7471,-45.9998],[-70.7484,-45.9998],[-70.7498,-45.9998],[-70.7512,-45.9998],[-70.7526,-45.9998],[-70.754,-45.9998],[-70.7554,-45.9998],[-70.7568,-45.9998],[-70.7582,-45.9998],[-70.7596,-45.9998],[-70.7609,-45.9998],[-70.7623,-45.9998],[-70.7637,-45.9998],[-70.7651,-45.9998],[-70.7665,-45.9998],[-70.7679,-45.9998],[-70.7693,-45.9998],[-70.7707,-45.9998],[-70.7721,-45.9998],[-70.7734,-45.9998],[-70.7748,-45.9998],[-70.7762,-45.9998],[-70.7773,-45.9998],[-70.7776,-45.9998],[-70.779,-45.9998],[-70.7804,-45.9998],[-70.7818,-45.9998],[-70.7832,-45.9998],[-70.7846,-45.9998],[-70.7859,-45.9998],[-70.7873,-45.9998],[-70.7887,-45.9998],[-70.7901,-45.9998],[-70.7915,-45.9998],[-70.7929,-45.9998],[-70.7943,-45.9998],[-70.7957,-45.9998],[-70.7971,-45.9998],[-70.7984,-45.9998],[-70.7998,-45.9998],[-70.8012,-45.9998],[-70.8026,-45.9998],[-70.804,-45.9998],[-70.8054,-45.9998],[-70.8068,-45.9998],[-70.8082,-45.9998],[-70.8096,-45.9998],[-70.8109,-45.9998],[-70.8123,-45.9998],[-70.8137,-45.9998],[-70.8151,-45.9998],[-70.8165,-45.9998],[-70.8179,-45.9998],[-70.8193,-45.9998],[-70.8207,-45.9998],[-70.8221,-45.9998],[-70.8235,-45.9998],[-70.8248,-45.9998],[-70.8262,-45.9998],[-70.8276,-45.9998],[-70.829,-45.9998],[-70.8304,-45.9998],[-70.8318,-45.9998],[-70.8332,-45.9998],[-70.8346,-45.9998],[-70.836,-45.9998],[-70.8373,-45.9998],[-70.8387,-45.9998],[-70.8401,-45.9998],[-70.8415,-45.9998],[-70.8429,-45.9998],[-70.8443,-45.9998],[-70.8457,-45.9998],[-70.8471,-45.9998],[-70.8485,-45.9998],[-70.8498,-45.9998],[-70.8512,-45.9998],[-70.8526,-45.9998],[-70.854,-45.9998],[-70.8554,-45.9998],[-70.8568,-45.9998],[-70.8582,-45.9998],[-70.8596,-45.9998],[-70.861,-45.9998],[-70.8623,-45.9998],[-70.8637,-45.9998],[-70.8651,-45.9998],[-70.8665,-45.9998],[-70.8679,-45.9998],[-70.8693,-45.9998],[-70.8707,-45.9998],[-70.8721,-45.9998],[-70.8735,-45.9998],[-70.8748,-45.9998],[-70.8762,-45.9998],[-70.8776,-45.9998],[-70.879,-45.9998],[-70.8804,-45.9998],[-70.8818,-45.9998],[-70.8832,-45.9998],[-70.8846,-45.9998],[-70.886,-45.9998],[-70.8873,-45.9998],[-70.8887,-45.9998],[-70.8901,-45.9998],[-70.8915,-45.9998],[-70.8929,-45.9998],[-70.8943,-45.9998],[-70.8957,-45.9998],[-70.8971,-45.9998],[-70.8985,-45.9998],[-70.8998,-45.9998],[-70.9012,-45.9998],[-70.9026,-45.9998],[-70.904,-45.9998],[-70.9054,-45.9998],[-70.9068,-45.9998],[-70.9082,-45.9998],[-70.9096,-45.9998],[-70.911,-45.9998],[-70.9123,-45.9998],[-70.9137,-45.9998],[-70.9151,-45.9998],[-70.9165,-45.9998],[-70.9179,-45.9998],[-70.9193,-45.9998],[-70.9207,-45.9998],[-70.9221,-45.9998],[-70.9235,-45.9998],[-70.9248,-45.9998],[-70.9262,-45.9998],[-70.9276,-45.9998],[-70.929,-45.9998],[-70.9304,-45.9998],[-70.9318,-45.9998],[-70.9332,-45.9998],[-70.9346,-45.9998],[-70.936,-45.9998],[-70.9373,-45.9998],[-70.9387,-45.9998],[-70.9401,-45.9998],[-70.9415,-45.9998],[-70.9429,-45.9998],[-70.9443,-45.9998],[-70.9457,-45.9998],[-70.9471,-45.9998],[-70.9485,-45.9998],[-70.9498,-45.9998],[-70.9512,-45.9998],[-70.9526,-45.9998],[-70.954,-45.9998],[-70.9554,-45.9998],[-70.9568,-45.9998],[-70.9582,-45.9998],[-70.9596,-45.9998],[-70.961,-45.9998],[-70.9623,-45.9998],[-70.9637,-45.9998],[-70.9651,-45.9998],[-70.9665,-45.9998],[-70.9679,-45.9998],[-70.9693,-45.9998],[-70.9707,-45.9998],[-70.9721,-45.9998],[-70.9735,-45.9998],[-70.9748,-45.9998],[-70.9762,-45.9998],[-70.9776,-45.9998],[-70.979,-45.9998],[-70.9804,-45.9998],[-70.9818,-45.9998],[-70.9832,-45.9998],[-70.9846,-45.9998],[-70.986,-45.9998],[-70.9873,-45.9998],[-70.9887,-45.9998],[-70.9901,-45.9998],[-70.9915,-45.9998],[-70.9929,-45.9998],[-70.9929,-45.9998],[-70.9943,-45.9998],[-70.9957,-45.9998],[-70.9971,-45.9998],[-70.9985,-45.9998],[-70.9998,-45.9998],[-71.0012,-45.9998],[-71.0026,-45.9998],[-71.004,-45.9998],[-71.0054,-45.9998],[-71.0068,-45.9998],[-71.0082,-45.9998],[-71.0096,-45.9998],[-71.011,-45.9998],[-71.0123,-45.9998],[-71.0137,-45.9998],[-71.0151,-45.9998],[-71.0155,-45.9998],[-71.0165,-45.9998],[-71.0179,-45.9998],[-71.0193,-45.9998],[-71.0207,-45.9998],[-71.0221,-45.9998],[-71.0235,-45.9998],[-71.0248,-45.9998],[-71.0262,-45.9998],[-71.0276,-45.9998],[-71.029,-45.9998],[-71.0304,-45.9998],[-71.0318,-45.9998],[-71.0332,-45.9998],[-71.0346,-45.9998],[-71.036,-45.9998],[-71.0373,-45.9998],[-71.0387,-45.9998],[-71.0401,-45.9998],[-71.0415,-45.9998],[-71.0429,-45.9998],[-71.0443,-45.9998],[-71.0457,-45.9998],[-71.0471,-45.9998],[-71.0485,-45.9998],[-71.0498,-45.9998],[-71.0512,-45.9998],[-71.0526,-45.9998],[-71.054,-45.9998],[-71.0554,-45.9998],[-71.0568,-45.9998],[-71.0582,-45.9998],[-71.0596,-45.9998],[-71.061,-45.9998],[-71.0623,-45.9998],[-71.0637,-45.9998],[-71.0651,-45.9998],[-71.0665,-45.9998],[-71.0679,-45.9998],[-71.0693,-45.9998],[-71.0707,-45.9998],[-71.0721,-45.9998],[-71.0735,-45.9998],[-71.0748,-45.9998],[-71.0762,-45.9998],[-71.0776,-45.9998],[-71.079,-45.9998],[-71.0804,-45.9998],[-71.0818,-45.9998],[-71.0832,-45.9998],[-71.0846,-45.9998],[-71.086,-45.9998],[-71.0873,-45.9998],[-71.0887,-45.9998],[-71.0901,-45.9998],[-71.0915,-45.9998],[-71.0929,-45.9998],[-71.0943,-45.9998],[-71.0957,-45.9998],[-71.0971,-45.9998],[-71.0985,-45.9998],[-71.0998,-45.9998],[-71.1012,-45.9998],[-71.1026,-45.9998],[-71.104,-45.9998],[-71.1054,-45.9998],[-71.1068,-45.9998],[-71.1082,-45.9998],[-71.1096,-45.9998],[-71.111,-45.9998],[-71.1124,-45.9998],[-71.1137,-45.9998],[-71.1151,-45.9998],[-71.1165,-45.9998],[-71.1179,-45.9998],[-71.1193,-45.9998],[-71.1207,-45.9998],[-71.1221,-45.9998],[-71.1235,-45.9998],[-71.1249,-45.9998],[-71.1262,-45.9998],[-71.1276,-45.9998],[-71.129,-45.9998],[-71.1304,-45.9998],[-71.1318,-45.9998],[-71.1332,-45.9998],[-71.1346,-45.9998],[-71.136,-45.9998],[-71.1374,-45.9998],[-71.1387,-45.9998],[-71.1401,-45.9998],[-71.1415,-45.9998],[-71.1429,-45.9998],[-71.1443,-45.9998],[-71.1457,-45.9998],[-71.1471,-45.9998],[-71.1485,-45.9998],[-71.1499,-45.9998],[-71.1512,-45.9998],[-71.1526,-45.9998],[-71.154,-45.9998],[-71.1554,-45.9998],[-71.1568,-45.9998],[-71.1582,-45.9998],[-71.1596,-45.9998],[-71.161,-45.9998],[-71.1624,-45.9998],[-71.1637,-45.9998],[-71.1651,-45.9998],[-71.1665,-45.9998],[-71.1679,-45.9998],[-71.1693,-45.9998],[-71.1707,-45.9998],[-71.1721,-45.9998],[-71.1735,-45.9998],[-71.1749,-45.9998],[-71.1762,-45.9998],[-71.1776,-45.9998],[-71.179,-45.9998],[-71.1804,-45.9998],[-71.1818,-45.9998],[-71.1832,-45.9998],[-71.1846,-45.9998],[-71.186,-45.9998],[-71.1874,-45.9998],[-71.1887,-45.9998],[-71.1899,-45.9998],[-71.1901,-45.9998],[-71.1915,-45.9998],[-71.1929,-45.9998],[-71.1943,-45.9998],[-71.1957,-45.9998],[-71.1971,-45.9998],[-71.1985,-45.9998],[-71.1999,-45.9998],[-71.2012,-45.9998],[-71.2026,-45.9998],[-71.204,-45.9998],[-71.2054,-45.9998],[-71.2068,-45.9998],[-71.2082,-45.9998],[-71.2096,-45.9998],[-71.2103,-45.9998],[-71.211,-45.9998],[-71.2124,-45.9998],[-71.2137,-45.9998],[-71.2151,-45.9998],[-71.2165,-45.9998],[-71.2179,-45.9998],[-71.2183,-45.9998],[-71.2193,-45.9998],[-71.2207,-45.9998],[-71.2221,-45.9998],[-71.2235,-45.9998],[-71.2249,-45.9998],[-71.2262,-45.9998],[-71.2276,-45.9998],[-71.229,-45.9998],[-71.2304,-45.9998],[-71.2318,-45.9998],[-71.2332,-45.9998],[-71.2346,-45.9998],[-71.236,-45.9998],[-71.2374,-45.9998],[-71.2387,-45.9998],[-71.2401,-45.9998],[-71.2415,-45.9998],[-71.2429,-45.9998],[-71.2443,-45.9998],[-71.2457,-45.9998],[-71.2471,-45.9998],[-71.2485,-45.9998],[-71.2499,-45.9998],[-71.2512,-45.9998],[-71.2526,-45.9998],[-71.254,-45.9998],[-71.2554,-45.9998],[-71.2568,-45.9998],[-71.2582,-45.9998],[-71.2596,-45.9998],[-71.261,-45.9998],[-71.2624,-45.9998],[-71.2637,-45.9998],[-71.2651,-45.9998],[-71.2665,-45.9998],[-71.2679,-45.9998],[-71.2693,-45.9998],[-71.2707,-45.9998],[-71.2721,-45.9998],[-71.2735,-45.9998],[-71.2749,-45.9998],[-71.2762,-45.9998],[-71.2776,-45.9998],[-71.279,-45.9998],[-71.2804,-45.9998],[-71.2818,-45.9998],[-71.2832,-45.9998],[-71.2846,-45.9998],[-71.286,-45.9998],[-71.2874,-45.9998],[-71.2887,-45.9998],[-71.2901,-45.9998],[-71.2915,-45.9998],[-71.2929,-45.9998],[-71.2943,-45.9998],[-71.2957,-45.9998],[-71.2971,-45.9998],[-71.2985,-45.9998],[-71.2999,-45.9998],[-71.3012,-45.9998],[-71.3026,-45.9998],[-71.304,-45.9998],[-71.3054,-45.9998],[-71.3068,-45.9998],[-71.3082,-45.9998],[-71.3096,-45.9998],[-71.311,-45.9998],[-71.3124,-45.9998],[-71.3137,-45.9998],[-71.3151,-45.9998],[-71.3165,-45.9998],[-71.3179,-45.9998],[-71.3193,-45.9998],[-71.3207,-45.9998],[-71.3221,-45.9998],[-71.3235,-45.9998],[-71.3249,-45.9998],[-71.3262,-45.9998],[-71.3276,-45.9998],[-71.329,-45.9998],[-71.3304,-45.9998],[-71.3318,-45.9998],[-71.3332,-45.9998],[-71.3346,-45.9998],[-71.3353,-45.9998],[-71.336,-45.9998],[-71.3374,-45.9998],[-71.3387,-45.9998],[-71.3401,-45.9998],[-71.3415,-45.9998],[-71.3429,-45.9998],[-71.3443,-45.9998],[-71.3457,-45.9998],[-71.3471,-45.9998],[-71.3485,-45.9998],[-71.3499,-45.9998],[-71.3512,-45.9998],[-71.3526,-45.9998],[-71.353,-45.9998],[-71.354,-45.9998],[-71.3554,-45.9998],[-71.3568,-45.9998],[-71.3582,-45.9998],[-71.3596,-45.9998],[-71.361,-45.9998],[-71.3624,-45.9998],[-71.3637,-45.9998],[-71.3651,-45.9998],[-71.3665,-45.9998],[-71.3679,-45.9998],[-71.3693,-45.9998],[-71.3707,-45.9998],[-71.3721,-45.9998],[-71.3735,-45.9998],[-71.3749,-45.9998],[-71.3762,-45.9998],[-71.3776,-45.9998],[-71.379,-45.9998],[-71.3804,-45.9998],[-71.3818,-45.9998],[-71.3832,-45.9998],[-71.3846,-45.9998],[-71.386,-45.9998],[-71.3874,-45.9998],[-71.3888,-45.9998],[-71.3901,-45.9998],[-71.3915,-45.9998],[-71.3929,-45.9998],[-71.3943,-45.9998],[-71.3957,-45.9998],[-71.3971,-45.9998],[-71.3985,-45.9998],[-71.3999,-45.9998],[-71.4013,-45.9998],[-71.4026,-45.9998],[-71.404,-45.9998],[-71.4054,-45.9998],[-71.4068,-45.9998],[-71.4082,-45.9998],[-71.4096,-45.9998],[-71.411,-45.9998],[-71.4124,-45.9998],[-71.4138,-45.9998],[-71.4151,-45.9998],[-71.4165,-45.9998],[-71.4175,-45.9998],[-71.4179,-45.9998],[-71.4191,-45.9998],[-71.4193,-45.9998],[-71.4207,-45.9998],[-71.4221,-45.9998],[-71.4235,-45.9998],[-71.4249,-45.9998],[-71.4263,-45.9998],[-71.4276,-45.9998],[-71.429,-45.9998],[-71.4304,-45.9998],[-71.4318,-45.9998],[-71.4332,-45.9998],[-71.4346,-45.9998],[-71.436,-45.9998],[-71.4374,-45.9998],[-71.4388,-45.9998],[-71.4401,-45.9998],[-71.4415,-45.9998],[-71.4429,-45.9998],[-71.4443,-45.9998],[-71.4457,-45.9998],[-71.4467,-45.9998],[-71.4471,-45.9998],[-71.4485,-45.9998],[-71.4499,-45.9998],[-71.4513,-45.9998],[-71.4526,-45.9998],[-71.454,-45.9998],[-71.4554,-45.9998],[-71.4568,-45.9998],[-71.4582,-45.9998],[-71.4596,-45.9998],[-71.461,-45.9998],[-71.4624,-45.9998],[-71.4638,-45.9998],[-71.4651,-45.9998],[-71.4665,-45.9998],[-71.4679,-45.9998],[-71.4693,-45.9998],[-71.4707,-45.9998],[-71.4721,-45.9998],[-71.4735,-45.9998],[-71.4749,-45.9998],[-71.4763,-45.9998],[-71.4776,-45.9998],[-71.479,-45.9998],[-71.4804,-45.9998],[-71.4818,-45.9998],[-71.4832,-45.9998],[-71.4846,-45.9998],[-71.486,-45.9998],[-71.4874,-45.9998],[-71.4888,-45.9998],[-71.4901,-45.9998],[-71.4915,-45.9998],[-71.4929,-45.9998],[-71.4943,-45.9998],[-71.4957,-45.9998],[-71.4971,-45.9998],[-71.4985,-45.9998],[-71.4999,-45.9998],[-71.5013,-45.9998],[-71.5026,-45.9998],[-71.504,-45.9998],[-71.5054,-45.9998],[-71.5068,-45.9998],[-71.5082,-45.9998],[-71.5096,-45.9998],[-71.511,-45.9998],[-71.5124,-45.9998],[-71.5138,-45.9998],[-71.5151,-45.9998],[-71.5165,-45.9998],[-71.5179,-45.9998],[-71.5193,-45.9998],[-71.5207,-45.9998],[-71.5221,-45.9998],[-71.5235,-45.9998],[-71.5249,-45.9998],[-71.5263,-45.9998],[-71.5276,-45.9998],[-71.529,-45.9998],[-71.5304,-45.9998],[-71.5318,-45.9998],[-71.5332,-45.9998],[-71.5346,-45.9998],[-71.536,-45.9998],[-71.5374,-45.9998],[-71.5388,-45.9998],[-71.54,-45.9998],[-71.5401,-45.9998],[-71.5415,-45.9998],[-71.5429,-45.9998],[-71.5443,-45.9998],[-71.5457,-45.9998],[-71.5457,-45.9998],[-71.5471,-45.9998],[-71.5485,-45.9998],[-71.5499,-45.9998],[-71.5513,-45.9998],[-71.5526,-45.9998],[-71.554,-45.9998],[-71.5554,-45.9998],[-71.5568,-45.9998],[-71.5582,-45.9998],[-71.5596,-45.9998],[-71.561,-45.9998],[-71.5624,-45.9998],[-71.5638,-45.9998],[-71.5651,-45.9998],[-71.5658,-45.9998],[-71.5665,-45.9998],[-71.5679,-45.9998],[-71.5693,-45.9998],[-71.5707,-45.9998],[-71.5721,-45.9998],[-71.5735,-45.9998],[-71.5749,-45.9998],[-71.5763,-45.9998],[-71.5776,-45.9998],[-71.579,-45.9998],[-71.5804,-45.9998],[-71.5818,-45.9998],[-71.5819,-45.9998],[-71.5832,-45.9998],[-71.5846,-45.9998],[-71.586,-45.9998],[-71.587,-45.9998],[-71.5874,-45.9998],[-71.5888,-45.9998],[-71.5901,-45.9998],[-71.5915,-45.9998],[-71.5929,-45.9998],[-71.5943,-45.9998],[-71.5957,-45.9998],[-71.5971,-45.9998],[-71.5985,-45.9998],[-71.5999,-45.9998],[-71.6007,-45.9998],[-71.6013,-45.9998],[-71.6026,-45.9998],[-71.604,-45.9998],[-71.6044,-45.9998],[-71.6054,-45.9998],[-71.6068,-45.9998],[-71.6082,-45.9998],[-71.6096,-45.9998],[-71.6104,-45.9998],[-71.611,-45.9998],[-71.6124,-45.9998],[-71.6138,-45.9998],[-71.6151,-45.9998],[-71.6165,-45.9998],[-71.6179,-45.9998],[-71.6193,-45.9998],[-71.6207,-45.9998],[-71.6221,-45.9998],[-71.6235,-45.9998],[-71.6249,-45.9998],[-71.6263,-45.9998],[-71.6276,-45.9998],[-71.629,-45.9998],[-71.6304,-45.9998],[-71.6307,-45.9998],[-71.6318,-45.9998],[-71.633,-45.9998],[-71.6332,-45.9998],[-71.6346,-45.9998],[-71.636,-45.9998],[-71.6374,-45.9998],[-71.6388,-45.9998],[-71.6389,-45.9998],[-71.6401,-45.9998],[-71.6415,-45.9998],[-71.6418,-45.9998],[-71.642,-45.9998],[-71.6429,-45.9998],[-71.6443,-45.9998],[-71.6446,-45.9998],[-71.6445,-45.9997],[-71.6444,-45.9996],[-71.644,-45.9992],[-71.644,-45.9988],[-71.644,-45.9982],[-71.6442,-45.9978],[-71.6442,-45.9973],[-71.6442,-45.9968],[-71.6441,-45.9962],[-71.6439,-45.9957],[-71.6435,-45.9951],[-71.6435,-45.9951],[-71.6432,-45.9946],[-71.6431,-45.9944],[-71.643,-45.9942],[-71.643,-45.9938],[-71.6428,-45.9932],[-71.6427,-45.9927],[-71.6428,-45.9923],[-71.6429,-45.9916],[-71.643,-45.9912],[-71.6434,-45.9905],[-71.6439,-45.99],[-71.6444,-45.9895],[-71.6449,-45.9889],[-71.6452,-45.9883],[-71.6455,-45.9874],[-71.6457,-45.9869],[-71.6458,-45.9862],[-71.6458,-45.9857],[-71.6453,-45.9851],[-71.6446,-45.9845],[-71.6441,-45.9841],[-71.6432,-45.9836],[-71.6425,-45.9831],[-71.6419,-45.9823],[-71.6413,-45.9817],[-71.6406,-45.981],[-71.6395,-45.9803],[-71.6364,-45.978],[-71.6344,-45.9765],[-71.633,-45.9762],[-71.6313,-45.9763],[-71.6309,-45.9766],[-71.6307,-45.9766],[-71.63,-45.9776],[-71.6293,-45.979],[-71.6288,-45.9801],[-71.628,-45.9817],[-71.6268,-45.9824],[-71.626,-45.9824],[-71.6258,-45.9825],[-71.6246,-45.9823],[-71.6237,-45.9819],[-71.6228,-45.9814],[-71.6213,-45.981],[-71.6202,-45.9808],[-71.6189,-45.9805],[-71.6181,-45.98],[-71.6175,-45.9791],[-71.6169,-45.9779],[-71.6163,-45.9772],[-71.6152,-45.9763],[-71.6146,-45.9757],[-71.6144,-45.975],[-71.6144,-45.9741],[-71.6146,-45.9731],[-71.6148,-45.9722],[-71.6149,-45.9707],[-71.6144,-45.9695],[-71.6143,-45.9682],[-71.6147,-45.9667],[-71.6144,-45.9657],[-71.6135,-45.9648],[-71.6129,-45.9641],[-71.6125,-45.9632],[-71.6128,-45.9626],[-71.6136,-45.9621],[-71.6142,-45.9619],[-71.6148,-45.9617],[-71.615,-45.9616],[-71.6157,-45.9612],[-71.6157,-45.9607],[-71.6156,-45.9606],[-71.615,-45.9599],[-71.615,-45.9599],[-71.6147,-45.9593],[-71.6151,-45.9581],[-71.6161,-45.9576],[-71.6175,-45.9566],[-71.618,-45.9554],[-71.618,-45.9542],[-71.6182,-45.9524],[-71.6185,-45.9512],[-71.6188,-45.9499],[-71.6189,-45.9491],[-71.6187,-45.9481],[-71.6184,-45.947],[-71.6191,-45.9461],[-71.6198,-45.9459],[-71.6199,-45.9454],[-71.6198,-45.9446],[-71.621,-45.9443],[-71.6216,-45.9442],[-71.6218,-45.9434],[-71.6216,-45.9421],[-71.6217,-45.9411],[-71.6218,-45.9411],[-71.6223,-45.9401],[-71.6223,-45.9399],[-71.6226,-45.939],[-71.623,-45.9382],[-71.6235,-45.9372],[-71.6242,-45.9365],[-71.626,-45.936],[-71.6274,-45.9355],[-71.6282,-45.9344],[-71.6291,-45.9331],[-71.6292,-45.9329],[-71.6295,-45.9324],[-71.6297,-45.9322],[-71.63,-45.9317],[-71.6306,-45.931],[-71.6308,-45.9309],[-71.6318,-45.93],[-71.6328,-45.9292],[-71.6335,-45.9286],[-71.6346,-45.928],[-71.6361,-45.9272],[-71.6374,-45.9266],[-71.6381,-45.9262],[-71.6386,-45.9257],[-71.6394,-45.9253],[-71.6405,-45.9251],[-71.6412,-45.9249],[-71.6417,-45.9244],[-71.642,-45.9235],[-71.6427,-45.9223],[-71.643,-45.9217],[-71.6433,-45.9203],[-71.6433,-45.9194],[-71.6438,-45.9186],[-71.6447,-45.9181],[-71.6449,-45.9178],[-71.6453,-45.9169],[-71.6453,-45.9169],[-71.6452,-45.9159],[-71.6451,-45.9154],[-71.645,-45.915],[-71.6451,-45.9148],[-71.6454,-45.9139],[-71.6458,-45.9129],[-71.6462,-45.9121],[-71.646,-45.9111],[-71.6459,-45.9103],[-71.6458,-45.9095],[-71.6458,-45.9082],[-71.6459,-45.9076],[-71.646,-45.9071],[-71.6462,-45.9064],[-71.6462,-45.9061],[-71.6465,-45.9051],[-71.6468,-45.9048],[-71.6468,-45.9047],[-71.6475,-45.9043],[-71.6481,-45.9041],[-71.6481,-45.904],[-71.6483,-45.9035],[-71.6482,-45.9031],[-71.6483,-45.9026],[-71.6483,-45.9025],[-71.6489,-45.9018],[-71.6494,-45.9014],[-71.6504,-45.9011],[-71.6508,-45.9006],[-71.651,-45.8999],[-71.6511,-45.8996],[-71.6515,-45.8991],[-71.6522,-45.8984],[-71.6524,-45.8982],[-71.6536,-45.8977],[-71.654,-45.8974],[-71.6538,-45.8969],[-71.6538,-45.8968],[-71.6533,-45.8961],[-71.6535,-45.8953],[-71.6539,-45.8945],[-71.6539,-45.8945],[-71.6534,-45.8936],[-71.6533,-45.8936],[-71.6529,-45.893],[-71.6524,-45.8919],[-71.6524,-45.8918],[-71.6524,-45.8909],[-71.6525,-45.8904],[-71.6529,-45.8903],[-71.6538,-45.8902],[-71.6547,-45.8903],[-71.6555,-45.8901],[-71.6565,-45.8893],[-71.6572,-45.8886],[-71.6575,-45.888],[-71.6574,-45.8872],[-71.6579,-45.8865],[-71.6585,-45.8861],[-71.6596,-45.8855],[-71.66,-45.8852],[-71.6603,-45.8845],[-71.6608,-45.8838],[-71.6623,-45.8832],[-71.6639,-45.8826],[-71.6648,-45.8822],[-71.6661,-45.8817],[-71.6669,-45.8814],[-71.6675,-45.881],[-71.6679,-45.8806],[-71.6688,-45.8797],[-71.6701,-45.8793],[-71.6711,-45.8786],[-71.6717,-45.8776],[-71.6719,-45.8768],[-71.6726,-45.8759],[-71.6732,-45.8755],[-71.6741,-45.8745],[-71.6743,-45.8743],[-71.6749,-45.8736],[-71.6758,-45.8733],[-71.6767,-45.8733],[-71.6779,-45.8734],[-71.6789,-45.8736],[-71.6801,-45.8732],[-71.6808,-45.8722],[-71.6814,-45.8713],[-71.682,-45.8709],[-71.6828,-45.8709],[-71.6834,-45.8709],[-71.6845,-45.8703],[-71.6854,-45.8694],[-71.6868,-45.868],[-71.6886,-45.8667],[-71.6897,-45.8658],[-71.6904,-45.8653],[-71.6909,-45.8653],[-71.6915,-45.8652],[-71.6926,-45.8655],[-71.6936,-45.8658],[-71.6942,-45.8661],[-71.6952,-45.8668],[-71.6961,-45.8671],[-71.6974,-45.8671],[-71.699,-45.8667],[-71.6995,-45.866],[-71.6999,-45.8652],[-71.7007,-45.8641],[-71.7024,-45.864],[-71.703,-45.864],[-71.704,-45.8635],[-71.7055,-45.8625],[-71.7072,-45.8622],[-71.7078,-45.8621],[-71.7088,-45.8614],[-71.7101,-45.8607],[-71.7108,-45.8602],[-71.7116,-45.8595],[-71.7123,-45.8586],[-71.7125,-45.8583],[-71.7129,-45.8579],[-71.7132,-45.8575],[-71.7139,-45.8574],[-71.7144,-45.8574],[-71.7147,-45.8572],[-71.7149,-45.8568],[-71.715,-45.8566],[-71.715,-45.856],[-71.715,-45.8554],[-71.715,-45.8553],[-71.7151,-45.8549],[-71.7159,-45.8544],[-71.7174,-45.8542],[-71.7185,-45.8542],[-71.7195,-45.8543],[-71.7203,-45.8545],[-71.7213,-45.8551],[-71.7225,-45.8556],[-71.7234,-45.856],[-71.7244,-45.8562],[-71.7256,-45.8561],[-71.7264,-45.8559],[-71.7266,-45.8554],[-71.7264,-45.8547],[-71.7264,-45.8546],[-71.7263,-45.8541],[-71.7267,-45.8533],[-71.7269,-45.8531],[-71.7278,-45.8524],[-71.7291,-45.8522],[-71.7302,-45.8525],[-71.731,-45.853],[-71.7315,-45.8538],[-71.7318,-45.8545],[-71.7319,-45.855],[-71.7322,-45.8552],[-71.7325,-45.8554],[-71.7333,-45.8554],[-71.7343,-45.8552],[-71.7357,-45.8551],[-71.7364,-45.8553],[-71.737,-45.8556],[-71.7374,-45.8561],[-71.7375,-45.8565],[-71.7376,-45.8569],[-71.7378,-45.8575],[-71.7379,-45.8575],[-71.7384,-45.8579],[-71.7397,-45.8581],[-71.7406,-45.8578],[-71.7414,-45.857],[-71.7422,-45.8554],[-71.743,-45.8541],[-71.7443,-45.8538],[-71.7456,-45.8538],[-71.7474,-45.8538],[-71.7491,-45.8544],[-71.7506,-45.8549],[-71.752,-45.8552],[-71.7531,-45.8553],[-71.7544,-45.8552],[-71.7554,-45.8548],[-71.7558,-45.8543],[-71.7559,-45.8541],[-71.7561,-45.8532],[-71.7559,-45.8525],[-71.7558,-45.8522],[-71.7555,-45.8516],[-71.7552,-45.8512],[-71.7552,-45.8507],[-71.7552,-45.8502],[-71.7552,-45.8501],[-71.756,-45.8491],[-71.7572,-45.8487],[-71.7591,-45.8487],[-71.7604,-45.8489],[-71.7608,-45.8491],[-71.7614,-45.8496],[-71.7616,-45.8503],[-71.7616,-45.8513],[-71.7619,-45.8521],[-71.7624,-45.8519],[-71.7624,-45.8519],[-71.7627,-45.851],[-71.7629,-45.8496],[-71.7629,-45.848],[-71.7633,-45.8469],[-71.7634,-45.8465],[-71.7648,-45.8456],[-71.7659,-45.8453],[-71.767,-45.8453],[-71.7679,-45.8452],[-71.7686,-45.8449],[-71.7687,-45.8448],[-71.769,-45.8444],[-71.7688,-45.8434],[-71.768,-45.8425],[-71.7669,-45.8416],[-71.7661,-45.8406],[-71.7661,-45.8397],[-71.7666,-45.8378],[-71.7668,-45.837],[-71.7664,-45.8363],[-71.7655,-45.8352],[-71.7643,-45.8348],[-71.7634,-45.8341],[-71.7628,-45.8329],[-71.762,-45.8318],[-71.7613,-45.831],[-71.7596,-45.8301],[-71.7584,-45.8294],[-71.7571,-45.8279],[-71.755,-45.8259],[-71.7542,-45.8244],[-71.7539,-45.823],[-71.7539,-45.8229],[-71.7536,-45.8219],[-71.7536,-45.8212],[-71.754,-45.8199],[-71.7536,-45.8189],[-71.7524,-45.8177],[-71.7519,-45.8172],[-71.7515,-45.8164],[-71.751,-45.815],[-71.7501,-45.8134],[-71.7494,-45.8126],[-71.7477,-45.8113],[-71.7464,-45.8102],[-71.7447,-45.8092],[-71.7435,-45.8082],[-71.7431,-45.8071],[-71.743,-45.8052],[-71.7432,-45.804],[-71.7433,-45.8026],[-71.7441,-45.8003],[-71.7447,-45.7994],[-71.7475,-45.7967],[-71.7506,-45.7947],[-71.7513,-45.7937],[-71.7532,-45.7927],[-71.7548,-45.7919],[-71.7562,-45.7913],[-71.7588,-45.7898],[-71.7604,-45.7888],[-71.7613,-45.7878],[-71.7611,-45.7866],[-71.7602,-45.7855],[-71.7594,-45.7844],[-71.7589,-45.7837],[-71.7588,-45.7831],[-71.7588,-45.7828],[-71.7588,-45.7824],[-71.7588,-45.782],[-71.7586,-45.7813],[-71.7583,-45.7807],[-71.7579,-45.78],[-71.7576,-45.7794],[-71.7569,-45.7786],[-71.7565,-45.7779],[-71.756,-45.7768],[-71.7555,-45.7757],[-71.7553,-45.7751],[-71.7549,-45.7741],[-71.7547,-45.7733],[-71.7547,-45.7724],[-71.7548,-45.7713],[-71.7553,-45.7704],[-71.7561,-45.7692],[-71.7577,-45.7679],[-71.7583,-45.7671],[-71.7597,-45.7663],[-71.7618,-45.7645],[-71.7632,-45.7635],[-71.7643,-45.7626],[-71.7648,-45.762],[-71.7653,-45.7611],[-71.7653,-45.7602],[-71.7648,-45.7595],[-71.7639,-45.7588],[-71.7634,-45.7581],[-71.7633,-45.7573],[-71.7633,-45.7561],[-71.7636,-45.7552],[-71.7647,-45.7539],[-71.7652,-45.7536],[-71.7657,-45.7531],[-71.7659,-45.7522],[-71.766,-45.7513],[-71.7666,-45.7507],[-71.7671,-45.7507],[-71.7685,-45.7505],[-71.7688,-45.7505],[-71.7695,-45.7504],[-71.7703,-45.7504],[-71.7708,-45.7503],[-71.7715,-45.75],[-71.7716,-45.7499],[-71.772,-45.7492],[-71.772,-45.7483],[-71.7717,-45.747],[-71.7713,-45.746],[-71.7712,-45.7449],[-71.7712,-45.7437],[-71.772,-45.7426],[-71.7732,-45.7418],[-71.7746,-45.7413],[-71.7759,-45.7409],[-71.7773,-45.7404],[-71.7785,-45.7397],[-71.7798,-45.739],[-71.7808,-45.7385],[-71.7814,-45.7381],[-71.7825,-45.7371],[-71.7837,-45.7361],[-71.7852,-45.7351],[-71.7865,-45.7343],[-71.7886,-45.7332],[-71.7904,-45.7325],[-71.7922,-45.7316],[-71.7928,-45.7312],[-71.7951,-45.7301],[-71.7951,-45.7291],[-71.795,-45.7283],[-71.7953,-45.7274],[-71.7958,-45.7269],[-71.7968,-45.7263],[-71.7979,-45.7257],[-71.7987,-45.7246],[-71.7994,-45.7237],[-71.7999,-45.7228],[-71.8006,-45.7217],[-71.8011,-45.7209],[-71.8013,-45.7196],[-71.8014,-45.719],[-71.8008,-45.7184],[-71.7989,-45.7172],[-71.7975,-45.7163],[-71.7972,-45.7127],[-71.7972,-45.7108],[-71.7964,-45.7087],[-71.7948,-45.707],[-71.7929,-45.7071],[-71.7925,-45.7071],[-71.7923,-45.7071],[-71.7906,-45.7071],[-71.7889,-45.7059],[-71.78,-45.7017],[-71.7781,-45.6989],[-71.7772,-45.6976],[-71.775,-45.6942],[-71.7749,-45.6938],[-71.7741,-45.6842],[-71.773,-45.6812],[-71.7749,-45.6805],[-71.7751,-45.6804],[-71.7784,-45.6788],[-71.7793,-45.6776],[-71.7805,-45.6757],[-71.7816,-45.6744],[-71.7825,-45.6732],[-71.7834,-45.6722],[-71.7849,-45.671],[-71.785,-45.6709],[-71.7876,-45.6697],[-71.7921,-45.6682],[-71.7929,-45.6679],[-71.7943,-45.6675],[-71.7946,-45.6673],[-71.7955,-45.6668],[-71.7957,-45.6661],[-71.7955,-45.6649],[-71.7953,-45.6645],[-71.7938,-45.664],[-71.79,-45.6627],[-71.788,-45.6615],[-71.7859,-45.6601],[-71.785,-45.6591],[-71.7839,-45.6577],[-71.7827,-45.6573],[-71.7825,-45.6573],[-71.7812,-45.6575],[-71.7806,-45.6576],[-71.7786,-45.658],[-71.7787,-45.6577],[-71.7791,-45.657],[-71.7791,-45.6569],[-71.7795,-45.6565],[-71.78,-45.6561],[-71.7809,-45.6554],[-71.7817,-45.6548],[-71.7827,-45.6543],[-71.783,-45.6542],[-71.7832,-45.6541],[-71.7839,-45.6528],[-71.7834,-45.6521],[-71.7832,-45.6518],[-71.7824,-45.6516],[-71.7806,-45.6516],[-71.7793,-45.651],[-71.7787,-45.6498],[-71.7785,-45.6494],[-71.7791,-45.6481],[-71.7795,-45.6462],[-71.7792,-45.646],[-71.7781,-45.6447],[-71.776,-45.6437],[-71.7745,-45.643],[-71.7724,-45.6415],[-71.7724,-45.6415],[-71.7721,-45.6414],[-71.772,-45.641],[-71.7722,-45.6398],[-71.7731,-45.6382],[-71.7735,-45.6373],[-71.7742,-45.6365],[-71.7756,-45.6365],[-71.7775,-45.6368],[-71.7787,-45.6365],[-71.7799,-45.6359],[-71.7804,-45.6343],[-71.7807,-45.6341],[-71.7802,-45.6322],[-71.7799,-45.6314],[-71.779,-45.6304],[-71.778,-45.6299],[-71.7773,-45.6292],[-71.7777,-45.6283],[-71.7784,-45.6264],[-71.7788,-45.6252],[-71.7793,-45.6236],[-71.7796,-45.6218],[-71.7789,-45.621],[-71.7781,-45.6205],[-71.7781,-45.6205],[-71.7755,-45.6198],[-71.7736,-45.6186],[-71.7731,-45.6178],[-71.7727,-45.6172],[-71.7725,-45.6173],[-71.7712,-45.6182],[-71.7688,-45.6188],[-71.7663,-45.619],[-71.7634,-45.6206],[-71.7618,-45.6205],[-71.7615,-45.6204],[-71.7613,-45.6203],[-71.7613,-45.6203],[-71.7611,-45.6197],[-71.7611,-45.6192],[-71.7611,-45.619],[-71.7611,-45.6186],[-71.7607,-45.6175],[-71.7602,-45.6171],[-71.7597,-45.6166],[-71.7583,-45.6153],[-71.7564,-45.6136],[-71.7551,-45.6119],[-71.7538,-45.6098],[-71.7534,-45.6097],[-71.7518,-45.6092],[-71.7499,-45.61],[-71.7482,-45.6103],[-71.747,-45.6088],[-71.747,-45.6088],[-71.7464,-45.6077],[-71.7464,-45.6076],[-71.7447,-45.6068],[-71.7437,-45.6057],[-71.7437,-45.6057],[-71.743,-45.6052],[-71.7426,-45.605],[-71.7422,-45.6045],[-71.742,-45.6023],[-71.7422,-45.6002],[-71.7417,-45.5989],[-71.7416,-45.5985],[-71.7415,-45.5984],[-71.7403,-45.597],[-71.7403,-45.597],[-71.7403,-45.597],[-71.7379,-45.5964],[-71.7371,-45.5954],[-71.7369,-45.5951],[-71.7374,-45.5947],[-71.7373,-45.5932],[-71.7365,-45.5927],[-71.7346,-45.5916],[-71.732,-45.5903],[-71.732,-45.5903],[-71.7314,-45.59],[-71.7312,-45.5891],[-71.7312,-45.5884],[-71.7311,-45.5865],[-71.7312,-45.5852],[-71.7318,-45.5838],[-71.7337,-45.5834],[-71.7344,-45.5825],[-71.7345,-45.5814],[-71.7334,-45.5803],[-71.7334,-45.5803],[-71.7306,-45.5787],[-71.7282,-45.5781],[-71.7266,-45.5775],[-71.7266,-45.5768],[-71.7266,-45.5758],[-71.7273,-45.5755],[-71.7282,-45.5745],[-71.7285,-45.5741],[-71.7293,-45.5744],[-71.73,-45.5749],[-71.7315,-45.5753],[-71.7324,-45.5754],[-71.7334,-45.5751],[-71.7346,-45.5751],[-71.7357,-45.5752],[-71.7377,-45.5755],[-71.7391,-45.5765],[-71.7401,-45.5772],[-71.7406,-45.5781],[-71.7416,-45.5787],[-71.7426,-45.5792],[-71.7437,-45.5791],[-71.7446,-45.579],[-71.7464,-45.5787],[-71.7475,-45.5786],[-71.7493,-45.5786],[-71.7512,-45.5786],[-71.7535,-45.5789],[-71.7554,-45.5785],[-71.7576,-45.5782],[-71.7606,-45.5774],[-71.7629,-45.5766],[-71.7638,-45.5759],[-71.764,-45.5741],[-71.7642,-45.5725],[-71.7638,-45.5719],[-71.7633,-45.5712],[-71.763,-45.5703],[-71.7628,-45.5699],[-71.7637,-45.5687],[-71.7641,-45.5666],[-71.764,-45.5648],[-71.7638,-45.5629],[-71.7641,-45.5622],[-71.7638,-45.5609],[-71.7635,-45.5603],[-71.7633,-45.5602],[-71.7616,-45.5592],[-71.7611,-45.5583],[-71.7611,-45.5583],[-71.76,-45.5569],[-71.7597,-45.5564],[-71.7597,-45.5564],[-71.7569,-45.5551],[-71.7547,-45.5543],[-71.7543,-45.5537],[-71.7538,-45.553],[-71.7537,-45.5519],[-71.7532,-45.5515],[-71.7519,-45.5505],[-71.7497,-45.5495],[-71.7471,-45.5483],[-71.7456,-45.5471],[-71.7447,-45.546],[-71.7447,-45.5457],[-71.7449,-45.5445],[-71.7458,-45.5434],[-71.7451,-45.5428],[-71.7443,-45.5422],[-71.7422,-45.5415],[-71.7402,-45.5414],[-71.7381,-45.5418],[-71.736,-45.542],[-71.7337,-45.5419],[-71.7317,-45.5411],[-71.7308,-45.5403],[-71.73,-45.5397],[-71.7296,-45.5394],[-71.7284,-45.5389],[-71.7249,-45.5382],[-71.7246,-45.5377],[-71.7237,-45.5366],[-71.7234,-45.5367],[-71.7219,-45.5369],[-71.7203,-45.5372],[-71.7186,-45.5368],[-71.7166,-45.5376],[-71.7134,-45.5378],[-71.7115,-45.5372],[-71.7096,-45.5368],[-71.7072,-45.5365],[-71.7047,-45.5363],[-71.7028,-45.5359],[-71.7015,-45.5353],[-71.7005,-45.5344],[-71.7002,-45.5342],[-71.6995,-45.5338],[-71.6988,-45.5337],[-71.6975,-45.5335],[-71.6945,-45.5329],[-71.6919,-45.5315],[-71.6919,-45.5315],[-71.6904,-45.5309],[-71.6903,-45.5309],[-71.6892,-45.5304],[-71.6891,-45.5304],[-71.6869,-45.5296],[-71.6856,-45.5293],[-71.6844,-45.5287],[-71.6833,-45.5281],[-71.6826,-45.5278],[-71.682,-45.5273],[-71.6815,-45.5269],[-71.6815,-45.5263],[-71.6815,-45.5262],[-71.6825,-45.526],[-71.6833,-45.5257],[-71.6841,-45.5252],[-71.6852,-45.5245],[-71.6857,-45.5241],[-71.6873,-45.5226],[-71.6888,-45.5212],[-71.6884,-45.5201],[-71.6884,-45.5201],[-71.6876,-45.5195],[-71.6846,-45.5184],[-71.6839,-45.5179],[-71.6839,-45.5179],[-71.6829,-45.5164],[-71.6821,-45.5151],[-71.6821,-45.5151],[-71.6811,-45.5149],[-71.6795,-45.5152],[-71.678,-45.5166],[-71.6758,-45.5161],[-71.6738,-45.5161],[-71.6734,-45.5162],[-71.6705,-45.5165],[-71.6677,-45.5168],[-71.6659,-45.5171],[-71.6626,-45.518],[-71.6612,-45.5181],[-71.6599,-45.518],[-71.6583,-45.518],[-71.6565,-45.518],[-71.6548,-45.5181],[-71.6533,-45.5181],[-71.6526,-45.5181],[-71.6508,-45.5184],[-71.6483,-45.5184],[-71.6464,-45.5185],[-71.6445,-45.5182],[-71.6441,-45.5175],[-71.6439,-45.5171],[-71.6446,-45.5163],[-71.6447,-45.5152],[-71.6441,-45.5147],[-71.6432,-45.514],[-71.6415,-45.5133],[-71.6396,-45.5128],[-71.6375,-45.5127],[-71.6357,-45.5125],[-71.6339,-45.5124],[-71.632,-45.5125],[-71.6298,-45.5123],[-71.6283,-45.5123],[-71.6263,-45.5118],[-71.6254,-45.5114],[-71.6237,-45.5114],[-71.6223,-45.512],[-71.6207,-45.5132],[-71.6181,-45.5138],[-71.6138,-45.5134],[-71.6126,-45.5138],[-71.612,-45.5142],[-71.6114,-45.5149],[-71.6113,-45.5155],[-71.6113,-45.516],[-71.6112,-45.5161],[-71.6117,-45.5168],[-71.6119,-45.5172],[-71.6125,-45.5187],[-71.6123,-45.5197],[-71.6125,-45.52],[-71.6122,-45.5201],[-71.6101,-45.521],[-71.6098,-45.5211],[-71.6084,-45.5214],[-71.608,-45.5215],[-71.6063,-45.5222],[-71.6061,-45.5222],[-71.6048,-45.5224],[-71.6029,-45.5223],[-71.6018,-45.522],[-71.6016,-45.5219],[-71.599,-45.5214],[-71.5977,-45.5213],[-71.5961,-45.5211],[-71.5948,-45.5207],[-71.594,-45.5205],[-71.5933,-45.5203],[-71.5914,-45.5202],[-71.5902,-45.5204],[-71.5889,-45.5206],[-71.5873,-45.5208],[-71.5857,-45.5213],[-71.5855,-45.5214],[-71.5855,-45.5214],[-71.5844,-45.5217],[-71.5844,-45.5217],[-71.5831,-45.5215],[-71.5816,-45.5211],[-71.58,-45.5206],[-71.5787,-45.5203],[-71.5776,-45.5197],[-71.5765,-45.5195],[-71.5752,-45.5195],[-71.5737,-45.5197],[-71.5727,-45.52],[-71.5715,-45.5201],[-71.5702,-45.5201],[-71.5678,-45.5205],[-71.5657,-45.5208],[-71.5655,-45.5209],[-71.5643,-45.5215],[-71.5637,-45.5219],[-71.5631,-45.5225],[-71.5613,-45.5235],[-71.561,-45.5235],[-71.5596,-45.5236],[-71.5588,-45.5234],[-71.5575,-45.523],[-71.5571,-45.5227],[-71.5555,-45.5224],[-71.5553,-45.5223],[-71.554,-45.5221],[-71.5527,-45.5217],[-71.5523,-45.5214],[-71.5518,-45.5207],[-71.5515,-45.5202],[-71.5507,-45.5198],[-71.5499,-45.5198],[-71.5482,-45.5199],[-71.5468,-45.5201],[-71.5454,-45.5203],[-71.5445,-45.5205],[-71.5432,-45.5192],[-71.5435,-45.5178],[-71.5434,-45.5164],[-71.543,-45.516],[-71.5422,-45.5152],[-71.5421,-45.5152],[-71.5393,-45.5145],[-71.5374,-45.5142],[-71.5359,-45.5141],[-71.5341,-45.514],[-71.5325,-45.5135],[-71.5309,-45.5125],[-71.5297,-45.5117],[-71.5288,-45.5113],[-71.5275,-45.5105],[-71.5258,-45.5096],[-71.5246,-45.5093],[-71.5234,-45.509],[-71.5211,-45.5088],[-71.5189,-45.5085],[-71.5165,-45.5082],[-71.5151,-45.5085],[-71.5138,-45.5089],[-71.5127,-45.509],[-71.5117,-45.5092],[-71.5068,-45.5068],[-71.5032,-45.5043],[-71.5015,-45.5031],[-71.4997,-45.5016],[-71.4992,-45.5015],[-71.4974,-45.5009],[-71.4946,-45.5006],[-71.4929,-45.5003],[-71.4894,-45.5002],[-71.4847,-45.499],[-71.4807,-45.4974],[-71.4778,-45.4971],[-71.4743,-45.4961],[-71.4718,-45.495],[-71.4689,-45.4936],[-71.4681,-45.492],[-71.4699,-45.491],[-71.4787,-45.4867],[-71.4788,-45.4866],[-71.4827,-45.483],[-71.4825,-45.4829],[-71.4815,-45.4832],[-71.4782,-45.4844],[-71.4782,-45.4844],[-71.4767,-45.4842],[-71.4754,-45.4834],[-71.4734,-45.4831],[-71.472,-45.4826],[-71.4698,-45.482],[-71.4694,-45.4814],[-71.47,-45.4807],[-71.4713,-45.4801],[-71.472,-45.4797],[-71.4724,-45.4781],[-71.4731,-45.4774],[-71.4737,-45.4768],[-71.4747,-45.4751],[-71.4751,-45.4743],[-71.4751,-45.4742],[-71.4758,-45.4741],[-71.4763,-45.4739],[-71.4782,-45.4731],[-71.48,-45.472],[-71.4821,-45.471],[-71.4837,-45.4701],[-71.4841,-45.4699],[-71.4863,-45.4696],[-71.4884,-45.4702],[-71.49,-45.4708],[-71.4918,-45.4713],[-71.4933,-45.4715],[-71.4935,-45.4715],[-71.4942,-45.4713],[-71.4947,-45.4712],[-71.495,-45.4709],[-71.4954,-45.47],[-71.4956,-45.4695],[-71.4959,-45.4691],[-71.4968,-45.4685],[-71.4979,-45.4681],[-71.4988,-45.4678],[-71.4992,-45.4676],[-71.4996,-45.4674],[-71.5005,-45.4673],[-71.5005,-45.4673],[-71.5012,-45.4671],[-71.5019,-45.4667],[-71.5023,-45.4662],[-71.5027,-45.4655],[-71.5029,-45.4652],[-71.503,-45.465],[-71.5032,-45.4646],[-71.5034,-45.4644],[-71.5035,-45.4644],[-71.5037,-45.4639],[-71.5039,-45.4636],[-71.5056,-45.4624],[-71.5086,-45.4607],[-71.5091,-45.4599],[-71.5091,-45.4599],[-71.5091,-45.4593],[-71.509,-45.4587],[-71.5087,-45.4583],[-71.5082,-45.4579],[-71.5069,-45.4575],[-71.5055,-45.4572],[-71.5045,-45.4568],[-71.5038,-45.4567],[-71.5026,-45.4562],[-71.5016,-45.4559],[-71.501,-45.456],[-71.5003,-45.4561],[-71.5,-45.4561],[-71.4997,-45.4558],[-71.4999,-45.4555],[-71.5,-45.4555],[-71.5003,-45.4553],[-71.5007,-45.4553],[-71.5008,-45.4553],[-71.5008,-45.4553],[-71.5014,-45.4551],[-71.5016,-45.4551],[-71.5026,-45.4552],[-71.5026,-45.4552],[-71.5033,-45.4552],[-71.5048,-45.4553],[-71.5056,-45.4553],[-71.5064,-45.4553],[-71.5067,-45.4553],[-71.5069,-45.4553],[-71.5073,-45.4552],[-71.508,-45.4549],[-71.5083,-45.4547],[-71.5091,-45.4543],[-71.5103,-45.453],[-71.5106,-45.4523],[-71.5105,-45.4513],[-71.5104,-45.4506],[-71.51,-45.4497],[-71.5098,-45.4487],[-71.5102,-45.4477],[-71.5104,-45.4469],[-71.5104,-45.4463],[-71.5104,-45.4455],[-71.5107,-45.4449],[-71.5113,-45.4443],[-71.5117,-45.4441],[-71.5121,-45.4438],[-71.5126,-45.4435],[-71.514,-45.4427],[-71.5149,-45.442],[-71.5154,-45.4414],[-71.5156,-45.4407],[-71.516,-45.4401],[-71.5163,-45.4398],[-71.5165,-45.4397],[-71.5169,-45.4394],[-71.5169,-45.4394],[-71.5175,-45.4392],[-71.5179,-45.4392],[-71.5181,-45.4392],[-71.5198,-45.4395],[-71.5208,-45.4395],[-71.5225,-45.4396],[-71.5237,-45.4396],[-71.5251,-45.4393],[-71.5263,-45.4392],[-71.527,-45.439],[-71.5274,-45.439],[-71.5276,-45.4389],[-71.5281,-45.4385],[-71.5287,-45.4383],[-71.5298,-45.4378],[-71.5303,-45.4369],[-71.5306,-45.436],[-71.5309,-45.4354],[-71.5314,-45.435],[-71.5319,-45.4345],[-71.5319,-45.4345],[-71.5334,-45.4337],[-71.5339,-45.433],[-71.5339,-45.4324],[-71.5334,-45.432],[-71.532,-45.4311],[-71.5303,-45.4301],[-71.5293,-45.4296],[-71.5274,-45.4287],[-71.5252,-45.4276],[-71.5238,-45.4272],[-71.5225,-45.4267],[-71.5223,-45.4267],[-71.5222,-45.4267],[-71.5221,-45.4267],[-71.522,-45.4267],[-71.5219,-45.4267],[-71.5218,-45.4267],[-71.5217,-45.4267],[-71.5216,-45.4266],[-71.5215,-45.4266],[-71.5214,-45.4266],[-71.5213,-45.4265],[-71.5213,-45.4265],[-71.5212,-45.4264],[-71.5211,-45.4263],[-71.521,-45.4263],[-71.5209,-45.4262],[-71.5209,-45.4261],[-71.5208,-45.426],[-71.5208,-45.4259],[-71.5207,-45.4258],[-71.5207,-45.4258],[-71.5207,-45.4258],[-71.5206,-45.4257],[-71.5206,-45.4256],[-71.5206,-45.4255],[-71.5206,-45.4254],[-71.5205,-45.4252],[-71.5205,-45.4251],[-71.5205,-45.425],[-71.5206,-45.4249],[-71.5206,-45.4248],[-71.5206,-45.4247],[-71.5206,-45.4246],[-71.5207,-45.4245],[-71.5207,-45.4244],[-71.5207,-45.4244],[-71.5224,-45.4221],[-71.5219,-45.4186],[-71.5296,-45.4111],[-71.5296,-45.411],[-71.5297,-45.4109],[-71.5298,-45.4108],[-71.5298,-45.4108],[-71.5299,-45.4107],[-71.5299,-45.4106],[-71.53,-45.4105],[-71.53,-45.4104],[-71.53,-45.4103],[-71.53,-45.4102],[-71.53,-45.4101],[-71.53,-45.41],[-71.53,-45.4099],[-71.53,-45.4097],[-71.53,-45.4096],[-71.53,-45.4095],[-71.53,-45.4094],[-71.5299,-45.4093],[-71.5299,-45.4093],[-71.5298,-45.4092],[-71.5298,-45.4091],[-71.5297,-45.409],[-71.5296,-45.4089],[-71.5296,-45.4088],[-71.5295,-45.4088],[-71.5294,-45.4087],[-71.5293,-45.4086],[-71.529,-45.4066],[-71.5296,-45.4037],[-71.5307,-45.3997],[-71.531,-45.3962],[-71.5295,-45.3927],[-71.528,-45.3916],[-71.5278,-45.3914],[-71.5274,-45.3914],[-71.5271,-45.3914],[-71.5257,-45.3914],[-71.5239,-45.3912],[-71.522,-45.3909],[-71.5203,-45.3905],[-71.5196,-45.3906],[-71.5174,-45.3905],[-71.5158,-45.3899],[-71.5142,-45.3897],[-71.5126,-45.3897],[-71.5113,-45.3895],[-71.5097,-45.3891],[-71.507,-45.3885],[-71.5055,-45.3882],[-71.5025,-45.3871],[-71.5008,-45.3865],[-71.4991,-45.3862],[-71.4966,-45.3862],[-71.4951,-45.386],[-71.4933,-45.3858],[-71.4913,-45.3857],[-71.4903,-45.3858],[-71.4882,-45.3857],[-71.4877,-45.3857],[-71.4844,-45.3865],[-71.4822,-45.3869],[-71.4788,-45.3861],[-71.4768,-45.3867],[-71.4741,-45.3876],[-71.4717,-45.3878],[-71.4704,-45.3879],[-71.468,-45.388],[-71.4653,-45.3879],[-71.4633,-45.3875],[-71.4616,-45.3872],[-71.4599,-45.3873],[-71.4589,-45.3868],[-71.4565,-45.3864],[-71.4555,-45.3862],[-71.4532,-45.3861],[-71.453,-45.3862],[-71.4514,-45.3869],[-71.4506,-45.3884],[-71.4493,-45.389],[-71.4481,-45.3895],[-71.4459,-45.3901],[-71.444,-45.391],[-71.4438,-45.3912],[-71.4426,-45.3925],[-71.4424,-45.3926],[-71.4412,-45.394],[-71.4402,-45.3951],[-71.4401,-45.3951],[-71.4401,-45.3951],[-71.4394,-45.3958],[-71.4388,-45.396],[-71.4383,-45.3958],[-71.4382,-45.3957],[-71.4374,-45.3935],[-71.4371,-45.3923],[-71.4374,-45.3907],[-71.4377,-45.3897],[-71.438,-45.3883],[-71.4384,-45.3875],[-71.4386,-45.387],[-71.4396,-45.3851],[-71.4396,-45.385],[-71.4401,-45.3836],[-71.4409,-45.382],[-71.4416,-45.3809],[-71.4423,-45.3801],[-71.4432,-45.379],[-71.4434,-45.3781],[-71.4432,-45.3772],[-71.4431,-45.377],[-71.4426,-45.3762],[-71.442,-45.3753],[-71.4414,-45.3748],[-71.4393,-45.3737],[-71.4395,-45.373],[-71.4403,-45.3729],[-71.4416,-45.3726],[-71.4431,-45.3713],[-71.4458,-45.3706],[-71.4476,-45.3699],[-71.4487,-45.3696],[-71.4474,-45.3686],[-71.4471,-45.3683],[-71.4463,-45.3677],[-71.445,-45.3669],[-71.4426,-45.3664],[-71.4411,-45.3658],[-71.4399,-45.3645],[-71.4393,-45.3633],[-71.4384,-45.3625],[-71.4369,-45.3623],[-71.4358,-45.3619],[-71.434,-45.3615],[-71.4328,-45.3608],[-71.431,-45.36],[-71.428,-45.3597],[-71.4243,-45.3589],[-71.421,-45.3579],[-71.4188,-45.3566],[-71.4179,-45.3563],[-71.4154,-45.3555],[-71.4136,-45.3546],[-71.4117,-45.3543],[-71.4098,-45.3544],[-71.4071,-45.3546],[-71.4045,-45.3548],[-71.4025,-45.3549],[-71.3999,-45.3541],[-71.3979,-45.3537],[-71.3944,-45.3532],[-71.3915,-45.3522],[-71.3897,-45.3515],[-71.3874,-45.3512],[-71.3857,-45.3508],[-71.3827,-45.3494],[-71.3824,-45.3489],[-71.3823,-45.3487],[-71.3807,-45.3474],[-71.3803,-45.3472],[-71.3785,-45.3466],[-71.3784,-45.3465],[-71.3777,-45.3458],[-71.3771,-45.3452],[-71.3742,-45.3453],[-71.3714,-45.3446],[-71.3711,-45.344],[-71.3707,-45.3432],[-71.3717,-45.3406],[-71.3718,-45.3395],[-71.3716,-45.3393],[-71.3706,-45.3387],[-71.3683,-45.337],[-71.3661,-45.3358],[-71.3623,-45.3359],[-71.36,-45.3351],[-71.3577,-45.3342],[-71.3551,-45.3336],[-71.3527,-45.3334],[-71.3518,-45.333],[-71.3501,-45.3325],[-71.3491,-45.3319],[-71.3486,-45.3314],[-71.3486,-45.3306],[-71.3483,-45.3292],[-71.3481,-45.3283],[-71.3481,-45.3277],[-71.348,-45.327],[-71.3476,-45.3266],[-71.3467,-45.3261],[-71.3448,-45.3256],[-71.3436,-45.3253],[-71.3425,-45.3252],[-71.3411,-45.3248],[-71.34,-45.3241],[-71.3398,-45.3235],[-71.3396,-45.3229],[-71.3391,-45.3226],[-71.3385,-45.3224],[-71.3374,-45.3224],[-71.3364,-45.3223],[-71.3359,-45.322],[-71.3357,-45.3216],[-71.3356,-45.321],[-71.3355,-45.3205],[-71.3346,-45.3201],[-71.3336,-45.32],[-71.3332,-45.3198],[-71.3331,-45.3191],[-71.3332,-45.3185],[-71.3336,-45.3175],[-71.334,-45.3164],[-71.3345,-45.3151],[-71.335,-45.3143],[-71.3349,-45.3138],[-71.3344,-45.3133],[-71.3337,-45.3128],[-71.3327,-45.3124],[-71.3316,-45.3121],[-71.3306,-45.312],[-71.3297,-45.3114],[-71.3292,-45.3106],[-71.329,-45.3099],[-71.3288,-45.3097],[-71.3285,-45.3093],[-71.328,-45.3086],[-71.3262,-45.3077],[-71.3252,-45.307],[-71.3252,-45.307],[-71.3247,-45.3061],[-71.3247,-45.3061],[-71.3243,-45.3055],[-71.3241,-45.3038],[-71.3238,-45.3026],[-71.3234,-45.3016],[-71.3226,-45.3006],[-71.322,-45.2994],[-71.3212,-45.2983],[-71.3206,-45.2976],[-71.3202,-45.2971],[-71.3201,-45.2961],[-71.3197,-45.2945],[-71.3198,-45.294],[-71.3198,-45.2934],[-71.3201,-45.2921],[-71.3203,-45.2914],[-71.3209,-45.2907],[-71.3216,-45.2901],[-71.3221,-45.2896],[-71.3228,-45.2886],[-71.323,-45.2884],[-71.3232,-45.2882],[-71.3241,-45.2878],[-71.3249,-45.2871],[-71.3252,-45.2858],[-71.3251,-45.2838],[-71.3255,-45.2828],[-71.326,-45.2819],[-71.3268,-45.2813],[-71.3277,-45.2807],[-71.328,-45.2802],[-71.3282,-45.2793],[-71.3286,-45.2785],[-71.3291,-45.2778],[-71.3294,-45.2777],[-71.3295,-45.2776],[-71.3298,-45.2776],[-71.3301,-45.2776],[-71.3307,-45.2776],[-71.3312,-45.2778],[-71.3315,-45.2781],[-71.332,-45.2784],[-71.3327,-45.2784],[-71.3335,-45.2784],[-71.3342,-45.2784],[-71.3356,-45.2786],[-71.3362,-45.2786],[-71.3373,-45.2783],[-71.3378,-45.2778],[-71.3384,-45.2763],[-71.3385,-45.2754],[-71.3386,-45.2741],[-71.3389,-45.2735],[-71.3389,-45.2734],[-71.3398,-45.2729],[-71.3422,-45.2726],[-71.3425,-45.2725],[-71.3432,-45.2725],[-71.3442,-45.2728],[-71.3448,-45.2729],[-71.3454,-45.273],[-71.3462,-45.2728],[-71.3471,-45.2725],[-71.3475,-45.272],[-71.3482,-45.2713],[-71.349,-45.2708],[-71.3495,-45.2703],[-71.3502,-45.2694],[-71.3504,-45.2679],[-71.3503,-45.267],[-71.35,-45.2663],[-71.3494,-45.2658],[-71.3486,-45.2659],[-71.348,-45.266],[-71.3469,-45.2661],[-71.3467,-45.266],[-71.3457,-45.2656],[-71.3445,-45.2649],[-71.3428,-45.2636],[-71.3421,-45.263],[-71.3415,-45.2614],[-71.3411,-45.2603],[-71.3399,-45.2593],[-71.3386,-45.2582],[-71.3371,-45.2574],[-71.3362,-45.2565],[-71.3351,-45.255],[-71.335,-45.2544],[-71.3351,-45.2538],[-71.3353,-45.2536],[-71.3357,-45.2533],[-71.3358,-45.2528],[-71.3349,-45.2529],[-71.3347,-45.2529],[-71.3343,-45.2529],[-71.333,-45.2528],[-71.3321,-45.2522],[-71.3314,-45.2513],[-71.3309,-45.2503],[-71.331,-45.2498],[-71.3312,-45.2496],[-71.3314,-45.2494],[-71.3318,-45.2496],[-71.3319,-45.2496],[-71.3331,-45.2497],[-71.3343,-45.25],[-71.3359,-45.2502],[-71.3364,-45.2503],[-71.3371,-45.2506],[-71.3382,-45.2505],[-71.3385,-45.2502],[-71.3377,-45.2493],[-71.337,-45.249],[-71.3358,-45.248],[-71.3356,-45.2474],[-71.3356,-45.2465],[-71.3357,-45.2458],[-71.3349,-45.2447],[-71.3339,-45.2441],[-71.3331,-45.2431],[-71.333,-45.2414],[-71.3337,-45.2407],[-71.3344,-45.2404],[-71.3351,-45.2393],[-71.3358,-45.2385],[-71.3362,-45.2379],[-71.3366,-45.2373],[-71.3369,-45.2368],[-71.3384,-45.2362],[-71.3384,-45.2362],[-71.3384,-45.2362],[-71.3403,-45.2363],[-71.3416,-45.2361],[-71.3422,-45.2355],[-71.3427,-45.2349],[-71.3431,-45.2342],[-71.3434,-45.2338],[-71.3439,-45.2337],[-71.3453,-45.2335],[-71.3469,-45.2328],[-71.3476,-45.2318],[-71.3487,-45.2312],[-71.3512,-45.2299],[-71.3526,-45.2295],[-71.3547,-45.2286],[-71.3557,-45.2283],[-71.3574,-45.2282],[-71.3587,-45.2277],[-71.3602,-45.2272],[-71.3616,-45.2268],[-71.3633,-45.2265],[-71.3646,-45.2265],[-71.3663,-45.226],[-71.3675,-45.2265],[-71.3693,-45.2261],[-71.37,-45.2256],[-71.3709,-45.2246],[-71.3709,-45.2235],[-71.3713,-45.2224],[-71.3719,-45.2219],[-71.3727,-45.2211],[-71.3729,-45.2201],[-71.3717,-45.2188],[-71.3715,-45.2178],[-71.3724,-45.2174],[-71.3734,-45.2165],[-71.374,-45.216],[-71.3749,-45.2152],[-71.3759,-45.2146],[-71.3762,-45.2139],[-71.3758,-45.2136],[-71.3753,-45.2133],[-71.3754,-45.213],[-71.3757,-45.2122],[-71.3766,-45.2116],[-71.3778,-45.2109],[-71.3776,-45.2098],[-71.3781,-45.2084],[-71.3786,-45.2071],[-71.3796,-45.2064],[-71.381,-45.2058],[-71.3819,-45.2048],[-71.3833,-45.2044],[-71.3855,-45.204],[-71.3867,-45.2038],[-71.3884,-45.2032],[-71.3895,-45.2025],[-71.3899,-45.2021],[-71.3916,-45.2022],[-71.3921,-45.2022],[-71.3929,-45.2016],[-71.3942,-45.2007],[-71.3948,-45.2001],[-71.3955,-45.1993],[-71.3967,-45.1987],[-71.3973,-45.1985],[-71.3983,-45.1979],[-71.399,-45.1975],[-71.3995,-45.1968],[-71.3995,-45.1963],[-71.3993,-45.196],[-71.399,-45.1957],[-71.3989,-45.1952],[-71.3991,-45.1949],[-71.3994,-45.1944],[-71.3995,-45.1937],[-71.3998,-45.1932],[-71.4,-45.1925],[-71.4009,-45.1919],[-71.4021,-45.1911],[-71.403,-45.1908],[-71.4043,-45.1905],[-71.4048,-45.1905],[-71.4056,-45.1905],[-71.407,-45.1894],[-71.407,-45.189],[-71.4059,-45.1871],[-71.4053,-45.186],[-71.4051,-45.1849],[-71.4051,-45.1839],[-71.4056,-45.1824],[-71.4056,-45.1823],[-71.4065,-45.1806],[-71.407,-45.1801],[-71.4083,-45.1794],[-71.4099,-45.1786],[-71.4118,-45.1779],[-71.4148,-45.1771],[-71.4167,-45.1765],[-71.4182,-45.1762],[-71.4186,-45.1757],[-71.4185,-45.1747],[-71.4187,-45.1736],[-71.419,-45.1728],[-71.4196,-45.1723],[-71.4202,-45.1722],[-71.4205,-45.1722],[-71.4209,-45.1722],[-71.4213,-45.1722],[-71.4223,-45.1721],[-71.4231,-45.1721],[-71.4238,-45.1721],[-71.4244,-45.1721],[-71.4252,-45.1717],[-71.4239,-45.1714],[-71.4228,-45.1709],[-71.4217,-45.1706],[-71.4209,-45.1703],[-71.4203,-45.1699],[-71.4196,-45.1694],[-71.4191,-45.1684],[-71.4187,-45.1673],[-71.4187,-45.1667],[-71.4189,-45.1663],[-71.4194,-45.1657],[-71.42,-45.1651],[-71.4201,-45.165],[-71.4224,-45.164],[-71.4232,-45.1637],[-71.4244,-45.1634],[-71.4258,-45.163],[-71.4258,-45.163],[-71.4259,-45.1623],[-71.4254,-45.1617],[-71.4239,-45.1613],[-71.4224,-45.1607],[-71.4208,-45.1601],[-71.4194,-45.1595],[-71.4184,-45.1589],[-71.4177,-45.1586],[-71.4175,-45.1579],[-71.4181,-45.1574],[-71.419,-45.1569],[-71.4195,-45.1569],[-71.4195,-45.1569],[-71.4199,-45.1568],[-71.42,-45.1568],[-71.4201,-45.1568],[-71.4207,-45.1568],[-71.4215,-45.157],[-71.4225,-45.1572],[-71.4237,-45.1574],[-71.4253,-45.1574],[-71.4266,-45.1574],[-71.4269,-45.1574],[-71.4278,-45.1575],[-71.43,-45.1567],[-71.431,-45.1565],[-71.4323,-45.1562],[-71.4328,-45.1561],[-71.437,-45.1565],[-71.44,-45.1567],[-71.4404,-45.1568],[-71.4406,-45.1568],[-71.4422,-45.1564],[-71.4429,-45.156],[-71.4439,-45.1551],[-71.4444,-45.1536],[-71.4448,-45.153],[-71.4454,-45.1524],[-71.4465,-45.1522],[-71.4473,-45.152],[-71.4476,-45.152],[-71.4493,-45.152],[-71.4503,-45.1521],[-71.4519,-45.1516],[-71.4537,-45.1512],[-71.4556,-45.1509],[-71.4557,-45.1509],[-71.4566,-45.1509],[-71.4591,-45.1507],[-71.4593,-45.1507],[-71.4609,-45.1506],[-71.4625,-45.1504],[-71.4648,-45.1499],[-71.4683,-45.1493],[-71.4692,-45.149],[-71.4701,-45.1488],[-71.4703,-45.1483],[-71.4703,-45.1471],[-71.47,-45.1462],[-71.4698,-45.1453],[-71.4703,-45.1443],[-71.4708,-45.1437],[-71.4716,-45.143],[-71.4721,-45.1426],[-71.4721,-45.1426],[-71.4741,-45.1412],[-71.4758,-45.1399],[-71.4767,-45.1397],[-71.4769,-45.1397],[-71.4783,-45.1397],[-71.4802,-45.1406],[-71.4852,-45.1435],[-71.4864,-45.1438],[-71.4875,-45.1441],[-71.4856,-45.1425],[-71.4846,-45.142],[-71.4841,-45.1417],[-71.483,-45.1411],[-71.4819,-45.1403],[-71.4802,-45.1375],[-71.4795,-45.136],[-71.4793,-45.1343],[-71.4794,-45.1335],[-71.4809,-45.1285],[-71.4822,-45.1251],[-71.4829,-45.124],[-71.4839,-45.1227],[-71.4854,-45.1201],[-71.4857,-45.1179],[-71.4879,-45.1148],[-71.4881,-45.1144],[-71.4884,-45.1142],[-71.4906,-45.1126],[-71.4906,-45.1118],[-71.4901,-45.1108],[-71.4902,-45.1102],[-71.4913,-45.108],[-71.4914,-45.1078],[-71.4918,-45.1077],[-71.492,-45.1076],[-71.4942,-45.1067],[-71.4967,-45.1064],[-71.4988,-45.1056],[-71.4999,-45.1051],[-71.501,-45.1045],[-71.5011,-45.1045],[-71.5016,-45.1038],[-71.5021,-45.1032],[-71.5035,-45.1024],[-71.5068,-45.1023],[-71.5132,-45.1025],[-71.5178,-45.1027],[-71.5218,-45.1027],[-71.5228,-45.1027],[-71.5265,-45.1031],[-71.5188,-45.1006],[-71.513,-45.0966],[-71.5103,-45.0925],[-71.5104,-45.087],[-71.5062,-45.0847],[-71.5052,-45.0838],[-71.5055,-45.0832],[-71.5059,-45.0825],[-71.5065,-45.081],[-71.5046,-45.077],[-71.5054,-45.0722],[-71.5066,-45.068],[-71.5072,-45.0668],[-71.5083,-45.0651],[-71.5109,-45.0621],[-71.5115,-45.0613],[-71.5118,-45.0609],[-71.5138,-45.0596],[-71.5186,-45.0581],[-71.5198,-45.0581],[-71.5203,-45.0581],[-71.5296,-45.0468],[-71.5304,-45.0457],[-71.5343,-45.0434],[-71.5384,-45.0412],[-71.5443,-45.036],[-71.5458,-45.0346],[-71.5485,-45.0343],[-71.5508,-45.0339],[-71.553,-45.0338],[-71.5548,-45.0332],[-71.5562,-45.0326],[-71.558,-45.0315],[-71.5583,-45.0307],[-71.5583,-45.0295],[-71.5563,-45.027],[-71.5521,-45.0193],[-71.5494,-45.0155],[-71.5483,-45.0138],[-71.5489,-45.0127],[-71.5502,-45.0121],[-71.5514,-45.0115],[-71.5527,-45.0108],[-71.5527,-45.0097],[-71.5524,-45.0085],[-71.5511,-45.0072],[-71.5498,-45.0062],[-71.5485,-45.0055],[-71.5472,-45.0049],[-71.5456,-45.0044],[-71.5442,-45.0038],[-71.5432,-45.0034],[-71.5413,-45.0011],[-71.541,-45.0002],[-71.5412,-44.9997],[-71.5415,-44.9993],[-71.5422,-44.9992],[-71.5425,-44.9991],[-71.5452,-44.9985],[-71.5466,-44.9981],[-71.5482,-44.9976],[-71.5493,-44.9973],[-71.5506,-44.9969],[-71.551,-44.9966],[-71.5515,-44.9962],[-71.5528,-44.9953],[-71.5536,-44.9942],[-71.5537,-44.994],[-71.5537,-44.994],[-71.554,-44.9933],[-71.5541,-44.993],[-71.5542,-44.9925],[-71.5542,-44.9924],[-71.5547,-44.9916],[-71.5558,-44.9907],[-71.5565,-44.9902],[-71.5575,-44.9884],[-71.5582,-44.9866],[-71.5584,-44.9851],[-71.5592,-44.9833],[-71.5594,-44.9827],[-71.5597,-44.9803],[-71.5597,-44.979],[-71.5593,-44.9777],[-71.5597,-44.9774],[-71.5603,-44.9774],[-71.5611,-44.9775],[-71.5613,-44.9776],[-71.5621,-44.978],[-71.5644,-44.9784],[-71.5657,-44.9787],[-71.5695,-44.9794],[-71.5718,-44.9799],[-71.5734,-44.9803],[-71.5735,-44.9803],[-71.5774,-44.9812],[-71.5797,-44.9814],[-71.5827,-44.9809],[-71.5829,-44.9809],[-71.583,-44.9809],[-71.5846,-44.9801],[-71.5861,-44.9793],[-71.5878,-44.9784],[-71.5921,-44.9771],[-71.5927,-44.977],[-71.5937,-44.9769],[-71.594,-44.9766],[-71.5952,-44.9756],[-71.596,-44.9744],[-71.5972,-44.9738],[-71.5976,-44.9736],[-71.6,-44.9719],[-71.601,-44.971],[-71.6015,-44.9707],[-71.6021,-44.9706],[-71.603,-44.9706],[-71.6037,-44.9707],[-71.6047,-44.971],[-71.6047,-44.9711],[-71.6053,-44.9718],[-71.6077,-44.9733],[-71.6079,-44.9734],[-71.6112,-44.9748],[-71.6129,-44.9753],[-71.6225,-44.975],[-71.6245,-44.9749],[-71.6272,-44.9743],[-71.63,-44.9732],[-71.6301,-44.9732],[-71.6315,-44.972],[-71.6316,-44.9719],[-71.6324,-44.9712],[-71.6338,-44.9704],[-71.6354,-44.9702],[-71.6368,-44.9704],[-71.6384,-44.9707],[-71.6385,-44.9707],[-71.6435,-44.9722],[-71.6442,-44.9724],[-71.6499,-44.9745],[-71.6542,-44.9754],[-71.6573,-44.9756],[-71.6582,-44.9754],[-71.6604,-44.975],[-71.6642,-44.9735],[-71.6662,-44.9731],[-71.6682,-44.9719],[-71.6738,-44.9703],[-71.6769,-44.9701],[-71.6795,-44.9698],[-71.682,-44.9695],[-71.6848,-44.9682],[-71.6872,-44.9672],[-71.6888,-44.9659],[-71.6911,-44.9646],[-71.6926,-44.9627],[-71.6952,-44.9609],[-71.6967,-44.9599],[-71.7005,-44.9583],[-71.7028,-44.9574],[-71.7051,-44.9566],[-71.7085,-44.9557],[-71.7111,-44.9551],[-71.7133,-44.9551],[-71.7164,-44.9552],[-71.7193,-44.9554],[-71.723,-44.9556],[-71.7253,-44.9558],[-71.7282,-44.9553],[-71.7305,-44.9552],[-71.7335,-44.9552],[-71.7361,-44.9552],[-71.7385,-44.9555],[-71.7399,-44.9569],[-71.7421,-44.9584],[-71.7437,-44.9579],[-71.745,-44.9566],[-71.7459,-44.9546],[-71.7463,-44.9531],[-71.7466,-44.9516],[-71.7471,-44.9493],[-71.747,-44.9479],[-71.7474,-44.9457],[-71.748,-44.944],[-71.7482,-44.9424],[-71.749,-44.9403],[-71.7492,-44.9386],[-71.7495,-44.9367],[-71.7506,-44.9324],[-71.7501,-44.9303],[-71.7527,-44.9281],[-71.7535,-44.927],[-71.7538,-44.9265],[-71.7559,-44.9261],[-71.7602,-44.9247],[-71.7612,-44.9251],[-71.7623,-44.9264],[-71.7638,-44.9279],[-71.7656,-44.9292],[-71.7698,-44.934],[-71.771,-44.9355],[-71.7722,-44.937],[-71.7743,-44.9387],[-71.7763,-44.9399],[-71.7782,-44.9403],[-71.7794,-44.9396],[-71.7836,-44.9376],[-71.7853,-44.9356],[-71.7878,-44.9333],[-71.7885,-44.9331],[-71.7908,-44.9321],[-71.7932,-44.9316],[-71.7976,-44.9304],[-71.8006,-44.9301],[-71.803,-44.9305],[-71.8053,-44.9308],[-71.8071,-44.9305],[-71.8088,-44.9285],[-71.8092,-44.9271],[-71.8092,-44.9258],[-71.809,-44.9239],[-71.8098,-44.9221],[-71.8123,-44.9211],[-71.8161,-44.9201],[-71.8172,-44.9198],[-71.8188,-44.9204],[-71.82,-44.9215],[-71.8209,-44.9221],[-71.8229,-44.9229],[-71.8245,-44.9239],[-71.8293,-44.9259],[-71.8314,-44.927],[-71.8329,-44.9273],[-71.8356,-44.9274],[-71.8395,-44.928],[-71.8418,-44.9283],[-71.8432,-44.9284],[-71.8466,-44.9295],[-71.8478,-44.9299],[-71.8517,-44.9312],[-71.8535,-44.9318],[-71.8536,-44.9318],[-71.8544,-44.9323],[-71.8555,-44.9346],[-71.8567,-44.9365],[-71.8574,-44.9376],[-71.8603,-44.9409],[-71.8614,-44.9428],[-71.8626,-44.9444],[-71.864,-44.9467],[-71.8642,-44.947],[-71.8649,-44.9477],[-71.8662,-44.9481],[-71.8682,-44.9495],[-71.8716,-44.9519],[-71.8723,-44.9526],[-71.873,-44.953],[-71.8734,-44.9532],[-71.8743,-44.9539],[-71.875,-44.9547],[-71.8757,-44.9557],[-71.876,-44.9572],[-71.876,-44.9573],[-71.8761,-44.9577],[-71.8767,-44.9583],[-71.8777,-44.9589],[-71.8787,-44.9592],[-71.8799,-44.9594],[-71.8808,-44.9591],[-71.8821,-44.9585],[-71.8828,-44.9582],[-71.883,-44.9577],[-71.883,-44.9569],[-71.883,-44.9553],[-71.8839,-44.9542],[-71.8844,-44.9535],[-71.8848,-44.9523],[-71.885,-44.9511],[-71.8849,-44.95],[-71.884,-44.9492],[-71.8832,-44.9485],[-71.8829,-44.9477],[-71.8827,-44.9466],[-71.8835,-44.946],[-71.8851,-44.9457],[-71.8862,-44.946],[-71.887,-44.9469],[-71.8872,-44.9481],[-71.8872,-44.95],[-71.8878,-44.9516],[-71.888,-44.9523],[-71.8889,-44.9525],[-71.8895,-44.9524],[-71.8901,-44.9514],[-71.8906,-44.9507],[-71.8917,-44.95],[-71.8926,-44.9497],[-71.8945,-44.9493],[-71.8954,-44.9494],[-71.8975,-44.9495],[-71.8993,-44.9492],[-71.9014,-44.9486],[-71.9026,-44.9483],[-71.9039,-44.9483],[-71.9058,-44.9483],[-71.9073,-44.9483],[-71.9091,-44.9482],[-71.9107,-44.948],[-71.9124,-44.9476],[-71.9172,-44.946],[-71.925,-44.9442],[-71.9305,-44.9422],[-71.9313,-44.9419],[-71.933,-44.9413],[-71.9344,-44.9404],[-71.935,-44.9394],[-71.9354,-44.9374],[-71.9352,-44.9353],[-71.9351,-44.9341],[-71.9356,-44.9331],[-71.9361,-44.9328],[-71.9387,-44.9325],[-71.9404,-44.9319],[-71.9419,-44.9305],[-71.9432,-44.9283],[-71.9448,-44.9257],[-71.9454,-44.9244],[-71.9464,-44.9223],[-71.9473,-44.921],[-71.9479,-44.9206],[-71.9493,-44.9206],[-71.9513,-44.9206],[-71.9529,-44.9206],[-71.9542,-44.9206],[-71.9553,-44.9209],[-71.9569,-44.9209],[-71.9591,-44.9209],[-71.9607,-44.9209],[-71.9643,-44.9205],[-71.9667,-44.9206],[-71.9689,-44.9207],[-71.9721,-44.9208],[-71.974,-44.9209],[-71.9753,-44.9205],[-71.9774,-44.9194],[-71.9786,-44.9184],[-71.9791,-44.9175],[-71.9791,-44.9164],[-71.9791,-44.9154],[-71.9786,-44.9148],[-71.9785,-44.9147],[-71.9776,-44.9136],[-71.977,-44.9127],[-71.977,-44.9119],[-71.977,-44.9118],[-71.9775,-44.9098],[-71.9777,-44.9084],[-71.9777,-44.9067],[-71.9777,-44.9054],[-71.9778,-44.9042],[-71.9792,-44.9036],[-71.9808,-44.9031],[-71.9823,-44.9026],[-71.9845,-44.9022],[-71.9865,-44.9018],[-71.9878,-44.9015],[-71.9892,-44.9013],[-71.9918,-44.9009],[-71.9934,-44.9006],[-71.9947,-44.9001],[-71.9967,-44.8997],[-71.9981,-44.8989],[-71.9988,-44.8987],[-72.0001,-44.8985],[-72.002,-44.8987],[-72.0073,-44.898],[-72.0123,-44.898],[-72.0141,-44.8984],[-72.0161,-44.898],[-72.0178,-44.8976],[-72.0195,-44.8974],[-72.0209,-44.8976],[-72.0225,-44.898],[-72.0238,-44.8984],[-72.0252,-44.8989],[-72.0257,-44.8996],[-72.0264,-44.9005],[-72.0273,-44.9017],[-72.0283,-44.9029],[-72.0296,-44.9043],[-72.0314,-44.9049],[-72.0337,-44.9048],[-72.0354,-44.9038],[-72.0372,-44.9028],[-72.0384,-44.9018],[-72.0398,-44.9001],[-72.0407,-44.8983],[-72.0416,-44.8964],[-72.042,-44.8956],[-72.0426,-44.8933],[-72.0425,-44.892],[-72.0433,-44.8907],[-72.0455,-44.8892],[-72.0477,-44.8878],[-72.0488,-44.8863],[-72.0494,-44.8841],[-72.0499,-44.8829],[-72.0505,-44.8817],[-72.0525,-44.8811],[-72.0551,-44.8808],[-72.0584,-44.8801],[-72.0594,-44.8798],[-72.063,-44.8793],[-72.0641,-44.8788],[-72.0654,-44.8778],[-72.0658,-44.8767],[-72.0658,-44.8759],[-72.0651,-44.8752],[-72.0647,-44.8749],[-72.0609,-44.8736],[-72.0573,-44.8721],[-72.0565,-44.8718],[-72.053,-44.8697],[-72.0473,-44.8669],[-72.0383,-44.8646],[-72.0368,-44.8637],[-72.0364,-44.8623],[-72.0364,-44.8623],[-72.0374,-44.8611],[-72.0387,-44.8603],[-72.0422,-44.8588],[-72.0452,-44.8582],[-72.0469,-44.8576],[-72.0501,-44.8572],[-72.0529,-44.8564],[-72.0549,-44.8551],[-72.0578,-44.8539],[-72.0594,-44.8527],[-72.0607,-44.8519],[-72.0621,-44.8513],[-72.0642,-44.8512],[-72.0656,-44.85],[-72.0656,-44.8498],[-72.0654,-44.8483],[-72.063,-44.8459],[-72.0603,-44.8442],[-72.0587,-44.8426],[-72.0575,-44.8407],[-72.0553,-44.8394],[-72.0529,-44.8389],[-72.0513,-44.8385],[-72.0502,-44.8379],[-72.0493,-44.837],[-72.0489,-44.8351],[-72.0488,-44.8351],[-72.0488,-44.835],[-72.0488,-44.835],[-72.0487,-44.8349],[-72.0487,-44.8348],[-72.0486,-44.8347],[-72.0486,-44.8347],[-72.0486,-44.8346],[-72.0486,-44.8345],[-72.0486,-44.8344],[-72.0483,-44.8335],[-72.0482,-44.8327],[-72.0481,-44.8327],[-72.0481,-44.8326],[-72.0481,-44.8326],[-72.0481,-44.8325],[-72.0481,-44.8325],[-72.048,-44.8324],[-72.048,-44.8324],[-72.0481,-44.8323],[-72.0481,-44.8323],[-72.0481,-44.8322],[-72.0481,-44.8322],[-72.0481,-44.8321],[-72.0482,-44.8321],[-72.0482,-44.832],[-72.0483,-44.832],[-72.0483,-44.832],[-72.0484,-44.8318],[-72.0484,-44.8318],[-72.0485,-44.8317],[-72.0492,-44.8314],[-72.0494,-44.8309],[-72.0494,-44.8307],[-72.0497,-44.83],[-72.0495,-44.8292],[-72.0493,-44.8288],[-72.0491,-44.828],[-72.0486,-44.8273],[-72.0476,-44.8259],[-72.0472,-44.8255],[-72.0468,-44.8251],[-72.0463,-44.8247],[-72.0441,-44.8232],[-72.0432,-44.8224],[-72.0424,-44.8218],[-72.0415,-44.8212],[-72.0414,-44.8202],[-72.0413,-44.8195],[-72.0414,-44.8186],[-72.0415,-44.8185],[-72.0414,-44.8181],[-72.0404,-44.8174],[-72.0396,-44.8172],[-72.0379,-44.8162],[-72.0371,-44.8154],[-72.037,-44.8145],[-72.0369,-44.8138],[-72.037,-44.8131],[-72.0372,-44.8126],[-72.0373,-44.8115],[-72.0373,-44.8109],[-72.0371,-44.8099],[-72.0366,-44.809],[-72.0347,-44.8077],[-72.0336,-44.8072],[-72.0314,-44.8068],[-72.0288,-44.8066],[-72.0282,-44.8064],[-72.0276,-44.8061],[-72.027,-44.8058],[-72.027,-44.8058],[-72.0271,-44.8055],[-72.0278,-44.8054],[-72.0278,-44.8054],[-72.0287,-44.8052],[-72.0295,-44.8047],[-72.0306,-44.8039],[-72.0322,-44.8025],[-72.0345,-44.8008],[-72.0371,-44.7996],[-72.0389,-44.799],[-72.04,-44.7979],[-72.0408,-44.7971],[-72.0413,-44.7964],[-72.0419,-44.796],[-72.0424,-44.7958],[-72.0433,-44.7957],[-72.0445,-44.7949],[-72.0446,-44.7949],[-72.0464,-44.794],[-72.0483,-44.7936],[-72.0505,-44.7932],[-72.0539,-44.7934],[-72.0561,-44.7934],[-72.058,-44.7926],[-72.0595,-44.7912],[-72.0617,-44.7903],[-72.0656,-44.7893],[-72.0677,-44.788],[-72.0689,-44.7863],[-72.071,-44.7829],[-72.071,-44.7829],[-72.0725,-44.7819],[-72.0729,-44.7818],[-72.0737,-44.7812],[-72.0739,-44.7811],[-72.0738,-44.7806],[-72.0731,-44.7802],[-72.0724,-44.7797],[-72.0697,-44.7786],[-72.0684,-44.7779],[-72.0675,-44.7774],[-72.0672,-44.7773],[-72.0665,-44.7768],[-72.0661,-44.7765],[-72.0657,-44.7757],[-72.0657,-44.7756],[-72.0652,-44.7744],[-72.0644,-44.7728],[-72.0644,-44.7728],[-72.0643,-44.7727],[-72.0643,-44.7726],[-72.0642,-44.7725],[-72.0642,-44.7724],[-72.0641,-44.7723],[-72.0641,-44.7722],[-72.0641,-44.7721],[-72.064,-44.772],[-72.064,-44.7719],[-72.064,-44.7718],[-72.064,-44.7717],[-72.064,-44.7716],[-72.064,-44.7715],[-72.064,-44.7714],[-72.064,-44.7713],[-72.0641,-44.7712],[-72.0641,-44.7711],[-72.0641,-44.771],[-72.0642,-44.7709],[-72.0642,-44.7708],[-72.0643,-44.7707],[-72.0644,-44.7704],[-72.0649,-44.7696],[-72.0652,-44.7686],[-72.0655,-44.7675],[-72.0656,-44.7667],[-72.0656,-44.765],[-72.0657,-44.7641],[-72.0656,-44.7633],[-72.0657,-44.7621],[-72.0658,-44.7616],[-72.0661,-44.7611],[-72.0666,-44.7607],[-72.0667,-44.7607],[-72.0667,-44.7606],[-72.0667,-44.7606],[-72.0668,-44.7606],[-72.0668,-44.7605],[-72.0669,-44.7605],[-72.0669,-44.7604],[-72.0669,-44.7603],[-72.067,-44.7603],[-72.067,-44.7602],[-72.067,-44.7601],[-72.067,-44.76],[-72.067,-44.76],[-72.067,-44.7599],[-72.067,-44.7598],[-72.067,-44.7598],[-72.067,-44.7597],[-72.0669,-44.7596],[-72.0669,-44.7595],[-72.0669,-44.7595],[-72.0668,-44.7594],[-72.0668,-44.7593],[-72.0667,-44.7593],[-72.0667,-44.7592],[-72.0666,-44.7592],[-72.0661,-44.7585],[-72.0652,-44.7575],[-72.0639,-44.7566],[-72.0624,-44.7562],[-72.06,-44.7561],[-72.0573,-44.7564],[-72.0533,-44.7575],[-72.0499,-44.7583],[-72.0472,-44.7587],[-72.0448,-44.7591],[-72.0416,-44.7607],[-72.0386,-44.7625],[-72.0359,-44.7635],[-72.034,-44.7645],[-72.0324,-44.7655],[-72.0313,-44.7651],[-72.0288,-44.7642],[-72.0265,-44.7615],[-72.0248,-44.7592],[-72.0216,-44.7571],[-72.0182,-44.7567],[-72.0151,-44.7581],[-72.0138,-44.7603],[-72.0138,-44.7629],[-72.014,-44.7647],[-72.0149,-44.7663],[-72.0168,-44.7679],[-72.0172,-44.7698],[-72.0169,-44.7712],[-72.0157,-44.7721],[-72.0136,-44.7725],[-72.0122,-44.7726],[-72.0111,-44.7724],[-72.0093,-44.7726],[-72.0082,-44.773],[-72.0076,-44.774],[-72.0074,-44.7749],[-72.0074,-44.7762],[-72.0069,-44.7768],[-72.006,-44.7773],[-72.0052,-44.7779],[-72.006,-44.7804],[-72.0069,-44.7828],[-72.0055,-44.7843],[-72.0006,-44.7864],[-71.9942,-44.7854],[-71.9887,-44.7823],[-71.987,-44.7816],[-71.9843,-44.7804],[-71.9825,-44.78],[-71.9801,-44.7812],[-71.9791,-44.7821],[-71.9776,-44.7829],[-71.9757,-44.7831],[-71.9743,-44.7834],[-71.9714,-44.7835],[-71.9693,-44.7846],[-71.9666,-44.7856],[-71.9658,-44.7859],[-71.9634,-44.786],[-71.9607,-44.7859],[-71.9583,-44.786],[-71.9568,-44.786],[-71.9547,-44.787],[-71.9531,-44.7885],[-71.9482,-44.7897],[-71.9452,-44.7912],[-71.9435,-44.7929],[-71.9419,-44.7945],[-71.9386,-44.797],[-71.9364,-44.799],[-71.9339,-44.8006],[-71.932,-44.8019],[-71.9306,-44.8031],[-71.9286,-44.8039],[-71.9275,-44.804],[-71.9274,-44.804],[-71.9273,-44.804],[-71.9272,-44.8039],[-71.9271,-44.8039],[-71.9271,-44.8039],[-71.927,-44.8038],[-71.9269,-44.8037],[-71.9268,-44.8037],[-71.9268,-44.8036],[-71.9267,-44.8036],[-71.9267,-44.8035],[-71.9266,-44.8034],[-71.9266,-44.8033],[-71.9265,-44.8033],[-71.9265,-44.8032],[-71.9265,-44.8031],[-71.9264,-44.803],[-71.9264,-44.8029],[-71.9264,-44.8028],[-71.9264,-44.8027],[-71.9264,-44.8025],[-71.9264,-44.8024],[-71.9264,-44.8022],[-71.9263,-44.8021],[-71.9263,-44.8019],[-71.9262,-44.8018],[-71.9262,-44.8016],[-71.9261,-44.8015],[-71.926,-44.8014],[-71.9259,-44.8012],[-71.9259,-44.8011],[-71.9258,-44.801],[-71.9257,-44.8008],[-71.9256,-44.8007],[-71.9255,-44.8006],[-71.9254,-44.8005],[-71.9253,-44.8004],[-71.9251,-44.8003],[-71.925,-44.8002],[-71.9249,-44.8001],[-71.9248,-44.8001],[-71.9247,-44.8],[-71.9246,-44.7999],[-71.9245,-44.7999],[-71.9244,-44.7998],[-71.9243,-44.7997],[-71.9242,-44.7996],[-71.9242,-44.7995],[-71.9241,-44.7994],[-71.924,-44.7993],[-71.9239,-44.7991],[-71.9239,-44.799],[-71.9238,-44.7989],[-71.9238,-44.7988],[-71.9237,-44.7986],[-71.9237,-44.7986],[-71.9237,-44.7985],[-71.9237,-44.7984],[-71.9236,-44.7983],[-71.9236,-44.7981],[-71.9236,-44.798],[-71.9236,-44.798],[-71.9236,-44.7979],[-71.9236,-44.7977],[-71.9236,-44.7976],[-71.9236,-44.7975],[-71.9237,-44.7973],[-71.9237,-44.7972],[-71.9237,-44.7971],[-71.9238,-44.7969],[-71.9238,-44.7968],[-71.9239,-44.7967],[-71.924,-44.7966],[-71.924,-44.7965],[-71.9241,-44.7964],[-71.9242,-44.7962],[-71.9243,-44.7962],[-71.9243,-44.7961],[-71.9244,-44.796],[-71.9245,-44.7959],[-71.9246,-44.7958],[-71.9247,-44.7957],[-71.9248,-44.7957],[-71.9249,-44.7956],[-71.9251,-44.7955],[-71.9252,-44.7955],[-71.9252,-44.7955],[-71.9254,-44.7954],[-71.9255,-44.7953],[-71.9256,-44.7953],[-71.9257,-44.7952],[-71.9257,-44.7951],[-71.9258,-44.7951],[-71.9259,-44.795],[-71.926,-44.7949],[-71.9261,-44.7948],[-71.9261,-44.7947],[-71.9262,-44.7946],[-71.9263,-44.7945],[-71.9263,-44.7944],[-71.9264,-44.7943],[-71.9264,-44.7942],[-71.9265,-44.794],[-71.9265,-44.7939],[-71.9265,-44.7939],[-71.9265,-44.7937],[-71.9265,-44.7936],[-71.9265,-44.7935],[-71.9265,-44.7934],[-71.9265,-44.7933],[-71.9265,-44.7931],[-71.9265,-44.793],[-71.9265,-44.7929],[-71.9264,-44.7928],[-71.9264,-44.7927],[-71.9264,-44.7925],[-71.9263,-44.7924],[-71.9263,-44.7923],[-71.9262,-44.7922],[-71.9261,-44.792],[-71.9261,-44.792],[-71.9259,-44.7918],[-71.9259,-44.7918],[-71.9258,-44.7916],[-71.9257,-44.7914],[-71.9256,-44.7912],[-71.9254,-44.791],[-71.9253,-44.7908],[-71.9253,-44.7908],[-71.9248,-44.7902],[-71.9233,-44.7892],[-71.9228,-44.7888],[-71.9227,-44.7888],[-71.9226,-44.7887],[-71.9225,-44.7886],[-71.9224,-44.7886],[-71.9223,-44.7885],[-71.9223,-44.7885],[-71.9222,-44.7884],[-71.9221,-44.7883],[-71.922,-44.7882],[-71.9219,-44.7881],[-71.9218,-44.7879],[-71.9217,-44.7878],[-71.9216,-44.7877],[-71.9216,-44.7876],[-71.9215,-44.7874],[-71.9215,-44.7873],[-71.9214,-44.7872],[-71.9214,-44.787],[-71.9213,-44.7869],[-71.9213,-44.7868],[-71.9213,-44.7866],[-71.9213,-44.7865],[-71.9213,-44.7863],[-71.9213,-44.7863],[-71.9213,-44.7862],[-71.9213,-44.786],[-71.9213,-44.7859],[-71.9213,-44.7858],[-71.9214,-44.7856],[-71.9214,-44.7855],[-71.9214,-44.7853],[-71.9215,-44.7852],[-71.9215,-44.7851],[-71.9216,-44.7849],[-71.9217,-44.7848],[-71.9217,-44.7847],[-71.9218,-44.7846],[-71.9219,-44.7845],[-71.922,-44.7843],[-71.9221,-44.7842],[-71.9222,-44.7841],[-71.9222,-44.7841],[-71.9223,-44.784],[-71.9231,-44.7837],[-71.9236,-44.7834],[-71.9237,-44.7833],[-71.9238,-44.7833],[-71.9239,-44.7832],[-71.924,-44.7832],[-71.9241,-44.7831],[-71.9242,-44.783],[-71.9243,-44.7829],[-71.9244,-44.7829],[-71.9245,-44.7828],[-71.9246,-44.7827],[-71.9247,-44.7826],[-71.9248,-44.7825],[-71.9249,-44.7824],[-71.9249,-44.7823],[-71.9249,-44.7823],[-71.925,-44.7821],[-71.925,-44.782],[-71.9251,-44.7819],[-71.9251,-44.7818],[-71.9252,-44.7817],[-71.9252,-44.7815],[-71.9252,-44.7814],[-71.9252,-44.7813],[-71.9252,-44.7811],[-71.9252,-44.781],[-71.9252,-44.7809],[-71.9252,-44.7808],[-71.9252,-44.7806],[-71.9252,-44.7805],[-71.9251,-44.7804],[-71.9251,-44.7803],[-71.9251,-44.7801],[-71.925,-44.78],[-71.9249,-44.7799],[-71.9249,-44.7798],[-71.9248,-44.7797],[-71.9247,-44.7796],[-71.9247,-44.7795],[-71.9246,-44.7794],[-71.9245,-44.7793],[-71.9244,-44.7792],[-71.9243,-44.7791],[-71.9243,-44.779],[-71.9242,-44.779],[-71.9242,-44.7789],[-71.9241,-44.7788],[-71.9241,-44.7788],[-71.924,-44.7787],[-71.9239,-44.7787],[-71.9238,-44.7786],[-71.9237,-44.7786],[-71.9237,-44.7786],[-71.9236,-44.7785],[-71.9235,-44.7785],[-71.9234,-44.7784],[-71.9233,-44.7783],[-71.9232,-44.7783],[-71.9231,-44.7782],[-71.923,-44.7781],[-71.9228,-44.7781],[-71.9227,-44.7781],[-71.9226,-44.778],[-71.9226,-44.778],[-71.9225,-44.778],[-71.9224,-44.778],[-71.919,-44.7773],[-71.9146,-44.7766],[-71.9126,-44.7771],[-71.9065,-44.7807],[-71.9046,-44.7819],[-71.9027,-44.7837],[-71.9009,-44.7846],[-71.8957,-44.7853],[-71.8937,-44.7852],[-71.8925,-44.7858],[-71.8918,-44.7872],[-71.8906,-44.7887],[-71.89,-44.7901],[-71.889,-44.7918],[-71.8881,-44.7932],[-71.8871,-44.7944],[-71.8863,-44.795],[-71.8857,-44.7951],[-71.8855,-44.7951],[-71.8844,-44.7952],[-71.8802,-44.7949],[-71.8774,-44.7945],[-71.8755,-44.7943],[-71.8744,-44.7944],[-71.872,-44.7953],[-71.8708,-44.7962],[-71.8699,-44.7966],[-71.8691,-44.797],[-71.8665,-44.798],[-71.8662,-44.7982],[-71.8659,-44.7983],[-71.8634,-44.7992],[-71.8598,-44.8005],[-71.8575,-44.8007],[-71.8548,-44.8009],[-71.8521,-44.8008],[-71.8503,-44.8003],[-71.849,-44.7997],[-71.8476,-44.7989],[-71.8455,-44.7973],[-71.8438,-44.7963],[-71.8423,-44.7953],[-71.8406,-44.7947],[-71.838,-44.7942],[-71.8366,-44.7934],[-71.8333,-44.7917],[-71.831,-44.7911],[-71.8277,-44.7912],[-71.825,-44.7922],[-71.8231,-44.7926],[-71.8217,-44.7931],[-71.8204,-44.7933],[-71.8169,-44.7931],[-71.8155,-44.7931],[-71.8144,-44.7923],[-71.8135,-44.7901],[-71.8133,-44.7897],[-71.8124,-44.7881],[-71.8123,-44.788],[-71.8115,-44.7865],[-71.8107,-44.7851],[-71.8108,-44.7851],[-71.8109,-44.785],[-71.811,-44.7849],[-71.8111,-44.7848],[-71.8112,-44.7848],[-71.8113,-44.7847],[-71.8114,-44.7847],[-71.8116,-44.7846],[-71.8116,-44.7846],[-71.8117,-44.7846],[-71.8119,-44.7844],[-71.8143,-44.7839],[-71.8183,-44.7829],[-71.8187,-44.7828],[-71.8217,-44.782],[-71.8235,-44.7815],[-71.8238,-44.7807],[-71.8248,-44.7789],[-71.8251,-44.7775],[-71.8252,-44.776],[-71.8246,-44.7749],[-71.8235,-44.774],[-71.8233,-44.7739],[-71.8207,-44.7727],[-71.819,-44.7722],[-71.8178,-44.7717],[-71.8161,-44.7707],[-71.8152,-44.7694],[-71.8149,-44.7686],[-71.8141,-44.7675],[-71.8135,-44.7665],[-71.8124,-44.7653],[-71.8108,-44.7639],[-71.8104,-44.7636],[-71.8043,-44.76],[-71.8001,-44.7581],[-71.7953,-44.7562],[-71.7913,-44.754],[-71.7895,-44.7531],[-71.7865,-44.7523],[-71.7851,-44.7521],[-71.7829,-44.7525],[-71.7808,-44.7528],[-71.7787,-44.7533],[-71.7744,-44.7545],[-71.7721,-44.7552],[-71.772,-44.7553],[-71.7706,-44.7565],[-71.7689,-44.7575],[-71.7666,-44.7595],[-71.7645,-44.7614],[-71.7629,-44.7624],[-71.7627,-44.7624],[-71.762,-44.7626],[-71.7615,-44.7626],[-71.7602,-44.7627],[-71.7582,-44.7628],[-71.7553,-44.7627],[-71.7532,-44.7625],[-71.7491,-44.7617],[-71.7474,-44.7621],[-71.7472,-44.7622],[-71.7455,-44.7631],[-71.7429,-44.7644],[-71.742,-44.7646],[-71.7403,-44.7651],[-71.7384,-44.766],[-71.7369,-44.7676],[-71.7366,-44.7679],[-71.7359,-44.7688],[-71.7355,-44.7688],[-71.727,-44.768],[-71.7238,-44.7673],[-71.7217,-44.7668],[-71.7183,-44.7669],[-71.7141,-44.7673],[-71.7102,-44.7682],[-71.7089,-44.7686],[-71.705,-44.7699],[-71.7044,-44.7695],[-71.6965,-44.7656],[-71.6921,-44.7644],[-71.6901,-44.7645],[-71.687,-44.765],[-71.6848,-44.7661],[-71.6835,-44.7673],[-71.6816,-44.7682],[-71.6808,-44.7684],[-71.6798,-44.7688],[-71.6775,-44.7696],[-71.676,-44.7702],[-71.6757,-44.7705],[-71.675,-44.7711],[-71.6743,-44.7717],[-71.6741,-44.7718],[-71.6741,-44.772],[-71.6741,-44.7732],[-71.6751,-44.7758],[-71.6757,-44.7783],[-71.6756,-44.7793],[-71.6746,-44.7814],[-71.6734,-44.7827],[-71.6721,-44.7844],[-71.672,-44.7869],[-71.6719,-44.787],[-71.6715,-44.787],[-71.6679,-44.7871],[-71.6663,-44.7872],[-71.663,-44.787],[-71.6575,-44.7862],[-71.6539,-44.7847],[-71.6509,-44.7832],[-71.649,-44.782],[-71.6427,-44.7818],[-71.6416,-44.7817],[-71.6403,-44.7806],[-71.6394,-44.7795],[-71.6369,-44.7789],[-71.6316,-44.7781],[-71.6295,-44.7787],[-71.6278,-44.7794],[-71.6264,-44.7796],[-71.6225,-44.7783],[-71.6214,-44.7778],[-71.6193,-44.7773],[-71.6171,-44.777],[-71.6091,-44.778],[-71.6068,-44.7784],[-71.6049,-44.7786],[-71.6035,-44.7786],[-71.601,-44.7795],[-71.5996,-44.7798],[-71.5975,-44.7798],[-71.5954,-44.7794],[-71.5933,-44.7772],[-71.5924,-44.7755],[-71.5921,-44.7744],[-71.5932,-44.7732],[-71.5945,-44.7717],[-71.5957,-44.7704],[-71.5954,-44.7672],[-71.593,-44.764],[-71.5922,-44.7629],[-71.5918,-44.7625],[-71.5885,-44.7596],[-71.5855,-44.7571],[-71.5837,-44.7545],[-71.5819,-44.7526],[-71.5816,-44.7523],[-71.5807,-44.7521],[-71.5747,-44.7545],[-71.5747,-44.7545],[-71.5694,-44.7587],[-71.5689,-44.7588],[-71.5681,-44.759],[-71.5669,-44.7593],[-71.5659,-44.7585],[-71.5642,-44.7566],[-71.564,-44.7564],[-71.5633,-44.7561],[-71.5621,-44.7556],[-71.5571,-44.7537],[-71.5511,-44.753],[-71.5492,-44.7528],[-71.5464,-44.752],[-71.5448,-44.7507],[-71.5445,-44.7504],[-71.5421,-44.7484],[-71.5376,-44.746],[-71.5312,-44.743],[-71.5293,-44.7433],[-71.5265,-44.7432],[-71.5244,-44.7434],[-71.5232,-44.7443],[-71.5227,-44.7444],[-71.5222,-44.7446],[-71.5205,-44.7451],[-71.5197,-44.7453],[-71.5151,-44.743],[-71.5116,-44.7421],[-71.5088,-44.7425],[-71.5056,-44.7425],[-71.5009,-44.7401],[-71.4972,-44.7388],[-71.4957,-44.7382],[-71.495,-44.7381],[-71.494,-44.7378],[-71.4903,-44.7369],[-71.4886,-44.7366],[-71.484,-44.7372],[-71.4828,-44.7374],[-71.4817,-44.7374],[-71.4772,-44.7374],[-71.4742,-44.7371],[-71.4694,-44.7376],[-71.469,-44.7379],[-71.4678,-44.7386],[-71.4671,-44.7387],[-71.4654,-44.7398],[-71.4643,-44.7408],[-71.4641,-44.741],[-71.4635,-44.7416],[-71.4632,-44.7422],[-71.463,-44.7427],[-71.4635,-44.744],[-71.4645,-44.7449],[-71.4656,-44.7453],[-71.4657,-44.7464],[-71.4651,-44.7466],[-71.4643,-44.7469],[-71.4628,-44.7468],[-71.459,-44.7464],[-71.4564,-44.7474],[-71.4557,-44.7479],[-71.4541,-44.7489],[-71.4534,-44.7494],[-71.4532,-44.7495],[-71.4521,-44.7509],[-71.4515,-44.7516],[-71.4513,-44.7521],[-71.4515,-44.7526],[-71.4521,-44.7532],[-71.4523,-44.7535],[-71.4525,-44.7539],[-71.4522,-44.7543],[-71.4514,-44.754],[-71.4477,-44.7521],[-71.4477,-44.7521],[-71.4471,-44.7521],[-71.4424,-44.7526],[-71.4418,-44.7527],[-71.4342,-44.7546],[-71.433,-44.7557],[-71.4318,-44.7567],[-71.4314,-44.7572],[-71.4313,-44.7575],[-71.4309,-44.7596],[-71.4308,-44.7599],[-71.431,-44.7612],[-71.43,-44.7646],[-71.4258,-44.7684],[-71.4223,-44.7687],[-71.4221,-44.7688],[-71.4203,-44.7701],[-71.4202,-44.7701],[-71.4195,-44.7709],[-71.4189,-44.7715],[-71.4187,-44.7718],[-71.4182,-44.7728],[-71.4175,-44.7744],[-71.4174,-44.7744],[-71.4174,-44.7745],[-71.4152,-44.7753],[-71.4148,-44.7755],[-71.4126,-44.7764],[-71.4119,-44.7766],[-71.4104,-44.7769],[-71.4081,-44.777],[-71.4076,-44.7775],[-71.4071,-44.7778],[-71.4066,-44.7782],[-71.4062,-44.7789],[-71.4061,-44.7794],[-71.4058,-44.7799],[-71.4056,-44.7803],[-71.4053,-44.7806],[-71.4029,-44.7823],[-71.4021,-44.7832],[-71.4015,-44.7838],[-71.4003,-44.7849],[-71.4001,-44.785],[-71.3997,-44.7854],[-71.3974,-44.788],[-71.397,-44.7885],[-71.3968,-44.7887],[-71.3962,-44.7893],[-71.3945,-44.79],[-71.3913,-44.7911],[-71.3877,-44.7921],[-71.3848,-44.7921],[-71.3821,-44.7924],[-71.38,-44.7932],[-71.3774,-44.7946],[-71.3738,-44.7962],[-71.3723,-44.7963],[-71.37,-44.7944],[-71.3672,-44.793],[-71.3655,-44.792],[-71.3645,-44.7918],[-71.3633,-44.7914],[-71.3629,-44.7914],[-71.3606,-44.7911],[-71.3587,-44.7906],[-71.3583,-44.7905],[-71.3576,-44.7906],[-71.3573,-44.7907],[-71.356,-44.791],[-71.3543,-44.7926],[-71.3528,-44.7931],[-71.3522,-44.7933],[-71.3506,-44.7929],[-71.3497,-44.7927],[-71.3497,-44.7927],[-71.3477,-44.7933],[-71.3469,-44.7935],[-71.346,-44.7941],[-71.3451,-44.7946],[-71.3437,-44.7955],[-71.3419,-44.7962],[-71.3419,-44.7962],[-71.3393,-44.7974],[-71.3386,-44.7977],[-71.3384,-44.7978],[-71.3366,-44.8001],[-71.3362,-44.8005],[-71.3335,-44.8022],[-71.3315,-44.8036],[-71.3312,-44.8039],[-71.3293,-44.8065],[-71.3286,-44.808],[-71.3283,-44.8085],[-71.327,-44.8088],[-71.3231,-44.808],[-71.321,-44.807],[-71.318,-44.8065],[-71.3154,-44.8061],[-71.3123,-44.8062],[-71.3098,-44.8063],[-71.3085,-44.8063],[-71.3084,-44.8063],[-71.3043,-44.8062],[-71.3043,-44.8062],[-71.3036,-44.8064],[-71.3025,-44.8071],[-71.302,-44.8076],[-71.3009,-44.8085],[-71.2994,-44.809],[-71.2981,-44.8095],[-71.2958,-44.8109],[-71.2937,-44.8124],[-71.2934,-44.8126],[-71.293,-44.8131],[-71.2927,-44.8135],[-71.2923,-44.8138],[-71.292,-44.8139],[-71.2918,-44.8139],[-71.2914,-44.8136],[-71.2913,-44.8134],[-71.2912,-44.8133],[-71.2911,-44.8129],[-71.291,-44.8125],[-71.2909,-44.8122],[-71.2909,-44.8119],[-71.2908,-44.8115],[-71.2898,-44.8097],[-71.2868,-44.8089],[-71.2844,-44.8086],[-71.2819,-44.808],[-71.2781,-44.8079],[-71.2774,-44.8079],[-71.2762,-44.8079],[-71.272,-44.8068],[-71.27,-44.8062],[-71.2617,-44.805],[-71.2614,-44.8025],[-71.2592,-44.8021],[-71.2586,-44.802],[-71.2571,-44.8018],[-71.2551,-44.8017],[-71.2525,-44.8005],[-71.2506,-44.7993],[-71.2487,-44.7979],[-71.2485,-44.7969],[-71.2484,-44.7963],[-71.2484,-44.7962],[-71.2483,-44.7954],[-71.2489,-44.7949],[-71.2499,-44.794],[-71.2501,-44.7937],[-71.252,-44.7915],[-71.2531,-44.7901],[-71.2532,-44.7899],[-71.2539,-44.7888],[-71.254,-44.7887],[-71.254,-44.7886],[-71.2541,-44.7867],[-71.2537,-44.7852],[-71.2519,-44.7841],[-71.245,-44.7788],[-71.2412,-44.774],[-71.241,-44.7732],[-71.2408,-44.7723],[-71.2404,-44.7713],[-71.2397,-44.7706],[-71.2396,-44.7704],[-71.2381,-44.7693],[-71.2339,-44.7677],[-71.2337,-44.7676],[-71.2313,-44.7665],[-71.2306,-44.766],[-71.2304,-44.7658],[-71.2296,-44.7652],[-71.2283,-44.7644],[-71.2273,-44.764],[-71.2258,-44.7636],[-71.2243,-44.7634],[-71.2236,-44.7632],[-71.2221,-44.7626],[-71.2206,-44.7619],[-71.2196,-44.7603],[-71.2179,-44.7594],[-71.215,-44.7581],[-71.2131,-44.7568],[-71.212,-44.7553],[-71.2083,-44.7532],[-71.2071,-44.7517],[-71.206,-44.7505],[-71.2056,-44.7495],[-71.2054,-44.7489],[-71.2057,-44.7481],[-71.2068,-44.747],[-71.2073,-44.7464],[-71.208,-44.7456],[-71.2084,-44.7453],[-71.2087,-44.745],[-71.2088,-44.7449],[-71.2091,-44.7443],[-71.2085,-44.7436],[-71.2075,-44.743],[-71.2049,-44.7414],[-71.2041,-44.7409],[-71.204,-44.7407],[-71.2038,-44.7398],[-71.2034,-44.7383],[-71.204,-44.7363],[-71.2038,-44.735],[-71.2032,-44.7333],[-71.2024,-44.73],[-71.2023,-44.7281],[-71.2023,-44.7264],[-71.202,-44.7249],[-71.2023,-44.7228],[-71.2028,-44.7213],[-71.2031,-44.7205],[-71.2036,-44.719],[-71.2043,-44.7175],[-71.2048,-44.7172],[-71.2057,-44.7165],[-71.2069,-44.7162],[-71.2089,-44.7159],[-71.2111,-44.7155],[-71.2128,-44.7153],[-71.2141,-44.7152],[-71.2142,-44.7149],[-71.2143,-44.7146],[-71.2143,-44.7142],[-71.2142,-44.7137],[-71.2131,-44.7124],[-71.2126,-44.712],[-71.2125,-44.7112],[-71.2125,-44.7107],[-71.2124,-44.71],[-71.2124,-44.709],[-71.2123,-44.7083],[-71.2118,-44.7068],[-71.2118,-44.7067],[-71.2096,-44.7039],[-71.2093,-44.7032],[-71.2091,-44.7029],[-71.2095,-44.7022],[-71.21,-44.7018],[-71.2101,-44.7018],[-71.2104,-44.7016],[-71.2108,-44.7011],[-71.2109,-44.701],[-71.211,-44.7001],[-71.2109,-44.6996],[-71.2104,-44.6987],[-71.2099,-44.6981],[-71.2098,-44.698],[-71.2094,-44.6976],[-71.2078,-44.6965],[-71.2071,-44.6959],[-71.1979,-44.6894],[-71.1967,-44.6883],[-71.1961,-44.6873],[-71.1958,-44.6863],[-71.1958,-44.6861],[-71.1958,-44.6849],[-71.1963,-44.6844],[-71.1967,-44.6839],[-71.1972,-44.6835],[-71.1975,-44.6832],[-71.1978,-44.6828],[-71.1979,-44.6818],[-71.1982,-44.6811],[-71.1984,-44.6806],[-71.1988,-44.6799],[-71.1989,-44.6798],[-71.1992,-44.6793],[-71.1998,-44.6788],[-71.2009,-44.6786],[-71.2014,-44.6783],[-71.2033,-44.6778],[-71.2047,-44.6772],[-71.2055,-44.677],[-71.2077,-44.6764],[-71.2098,-44.6762],[-71.2122,-44.6766],[-71.2137,-44.6767],[-71.2149,-44.6763],[-71.2157,-44.6758],[-71.2167,-44.6752],[-71.2172,-44.6746],[-71.2177,-44.6742],[-71.2177,-44.6741],[-71.2178,-44.6741],[-71.2179,-44.674],[-71.218,-44.6739],[-71.2193,-44.671],[-71.2171,-44.6686],[-71.2164,-44.6671],[-71.2166,-44.6661],[-71.2171,-44.6656],[-71.2174,-44.6654],[-71.2178,-44.665],[-71.2184,-44.6647],[-71.2192,-44.6647],[-71.2202,-44.6647],[-71.2206,-44.6647],[-71.2211,-44.6647],[-71.2217,-44.6647],[-71.222,-44.6646],[-71.2227,-44.6645],[-71.2235,-44.6644],[-71.224,-44.6638],[-71.2248,-44.6633],[-71.2261,-44.661],[-71.2264,-44.6602],[-71.2274,-44.6585],[-71.2282,-44.6572],[-71.2301,-44.6553],[-71.2326,-44.6538],[-71.2305,-44.6539],[-71.2293,-44.6539],[-71.2292,-44.6539],[-71.2082,-44.6543],[-71.0517,-44.658],[-71.0299,-44.6585],[-70.6321,-44.6667],[-70.6312,-44.6668],[-70.6237,-44.6669],[-70.6228,-44.6669],[-70.6137,-44.6671],[-70.4082,-44.6706],[-70.4054,-44.6707],[-70.3884,-44.671],[-70.3215,-44.6722],[-69.9187,-44.678]]]]},"geometry_name":"geom","properties":{"departamen":"R�o Senguer","cabecera":"Alto R�o Senguer","superficie":"22.890,22"},"bbox":[-72.0739,-45.9998,-69.6268,-44.6538]},{"type":"Feature","id":"departamentos.10","geometry":{"type":"MultiPolygon","coordinates":[[[[-69.5314,-43.7847],[-69.5091,-44.1449],[-69.9187,-44.678],[-70.3215,-44.6722],[-70.3884,-44.671],[-70.4054,-44.6707],[-70.4082,-44.6706],[-70.6137,-44.6671],[-70.6228,-44.6669],[-70.6237,-44.6669],[-70.6312,-44.6668],[-70.6321,-44.6667],[-71.0299,-44.6585],[-71.0517,-44.658],[-71.2082,-44.6543],[-71.2292,-44.6539],[-71.2293,-44.6539],[-71.2305,-44.6539],[-71.2326,-44.6538],[-71.233,-44.6536],[-71.2345,-44.6524],[-71.2345,-44.6522],[-71.2345,-44.6509],[-71.2345,-44.6488],[-71.2344,-44.6487],[-71.2335,-44.6469],[-71.2317,-44.6451],[-71.2314,-44.6442],[-71.2319,-44.6438],[-71.2324,-44.6434],[-71.2344,-44.6419],[-71.2355,-44.6409],[-71.2351,-44.6406],[-71.2329,-44.6388],[-71.2321,-44.6384],[-71.232,-44.6383],[-71.232,-44.6383],[-71.2317,-44.6383],[-71.2299,-44.6401],[-71.2285,-44.641],[-71.2278,-44.6393],[-71.2258,-44.6374],[-71.225,-44.6371],[-71.2212,-44.6358],[-71.2199,-44.6356],[-71.2189,-44.6357],[-71.2175,-44.6358],[-71.2168,-44.6359],[-71.2164,-44.6358],[-71.2159,-44.6353],[-71.2137,-44.6329],[-71.2135,-44.6321],[-71.2133,-44.6311],[-71.2141,-44.6296],[-71.2143,-44.6281],[-71.2145,-44.6271],[-71.2121,-44.6263],[-71.2118,-44.6262],[-71.2112,-44.6262],[-71.2103,-44.6262],[-71.2101,-44.6262],[-71.2096,-44.6259],[-71.2094,-44.6257],[-71.2092,-44.6254],[-71.2094,-44.6249],[-71.2098,-44.6247],[-71.21,-44.6246],[-71.2109,-44.6239],[-71.2115,-44.6234],[-71.2127,-44.6227],[-71.2136,-44.6224],[-71.2138,-44.6223],[-71.2149,-44.6217],[-71.216,-44.6214],[-71.2165,-44.621],[-71.2163,-44.6199],[-71.2162,-44.619],[-71.216,-44.6185],[-71.2159,-44.6182],[-71.2151,-44.617],[-71.2146,-44.6167],[-71.2105,-44.6164],[-71.2097,-44.6163],[-71.2092,-44.6161],[-71.2085,-44.6155],[-71.2085,-44.6154],[-71.2082,-44.6147],[-71.2081,-44.6141],[-71.2079,-44.6135],[-71.2078,-44.613],[-71.2072,-44.6126],[-71.2068,-44.6125],[-71.2061,-44.6122],[-71.2051,-44.6118],[-71.2031,-44.611],[-71.2012,-44.6099],[-71.2001,-44.6089],[-71.1999,-44.6087],[-71.1995,-44.608],[-71.1991,-44.6074],[-71.1991,-44.6064],[-71.1992,-44.6059],[-71.1991,-44.6054],[-71.1989,-44.6051],[-71.1988,-44.6042],[-71.1983,-44.6037],[-71.1982,-44.6037],[-71.1943,-44.602],[-71.1944,-44.601],[-71.1944,-44.6008],[-71.2001,-44.5972],[-71.2007,-44.5955],[-71.201,-44.5943],[-71.201,-44.5936],[-71.2009,-44.5924],[-71.2008,-44.5916],[-71.2,-44.5918],[-71.1935,-44.5932],[-71.1934,-44.5932],[-71.1888,-44.5938],[-71.1886,-44.5938],[-71.1858,-44.595],[-71.1841,-44.5954],[-71.1826,-44.5959],[-71.1817,-44.5962],[-71.1806,-44.5979],[-71.1796,-44.5988],[-71.1763,-44.5997],[-71.174,-44.5986],[-71.1711,-44.5975],[-71.1698,-44.5961],[-71.167,-44.5941],[-71.1643,-44.5927],[-71.1621,-44.5925],[-71.159,-44.5927],[-71.1583,-44.5928],[-71.1572,-44.5928],[-71.1555,-44.5928],[-71.1531,-44.5927],[-71.1518,-44.5925],[-71.1503,-44.5918],[-71.1489,-44.5917],[-71.1468,-44.5917],[-71.1456,-44.5919],[-71.1436,-44.5937],[-71.139,-44.5953],[-71.1369,-44.5964],[-71.134,-44.5971],[-71.133,-44.5971],[-71.1328,-44.5971],[-71.1316,-44.5971],[-71.1296,-44.5973],[-71.1291,-44.5974],[-71.1279,-44.5976],[-71.1253,-44.5947],[-71.1222,-44.5959],[-71.1217,-44.596],[-71.1208,-44.5963],[-71.1193,-44.5969],[-71.1148,-44.5936],[-71.1144,-44.5933],[-71.1129,-44.5922],[-71.1128,-44.5919],[-71.1118,-44.5903],[-71.1117,-44.5902],[-71.1056,-44.5912],[-71.1019,-44.5907],[-71.0982,-44.5886],[-71.0978,-44.588],[-71.0973,-44.5871],[-71.0972,-44.5871],[-71.0972,-44.5869],[-71.0972,-44.5859],[-71.0998,-44.5841],[-71.1019,-44.5823],[-71.1046,-44.5803],[-71.1049,-44.5787],[-71.1049,-44.5786],[-71.1053,-44.577],[-71.1054,-44.5757],[-71.1054,-44.5752],[-71.1055,-44.5751],[-71.1054,-44.5751],[-71.1018,-44.5739],[-71.1011,-44.5739],[-71.1006,-44.5729],[-71.1002,-44.5718],[-71.0997,-44.5695],[-71.1,-44.5683],[-71.1013,-44.567],[-71.1024,-44.5658],[-71.1021,-44.5639],[-71.1019,-44.5638],[-71.1003,-44.5628],[-71.0986,-44.5621],[-71.0979,-44.5612],[-71.0979,-44.5608],[-71.0979,-44.56],[-71.0987,-44.5588],[-71.099,-44.5584],[-71.0998,-44.5571],[-71.1004,-44.5562],[-71.1011,-44.5553],[-71.1017,-44.5547],[-71.1024,-44.5543],[-71.1025,-44.5543],[-71.103,-44.5539],[-71.1032,-44.5536],[-71.1032,-44.5533],[-71.1028,-44.5528],[-71.1022,-44.5522],[-71.1014,-44.5517],[-71.1009,-44.5513],[-71.1001,-44.551],[-71.0992,-44.5505],[-71.0985,-44.5503],[-71.0985,-44.5503],[-71.0979,-44.5499],[-71.0975,-44.5497],[-71.097,-44.5493],[-71.0968,-44.549],[-71.0963,-44.5484],[-71.0962,-44.5476],[-71.0955,-44.545],[-71.0953,-44.5445],[-71.0945,-44.5431],[-71.0945,-44.5431],[-71.0942,-44.5423],[-71.0939,-44.5415],[-71.0941,-44.5411],[-71.0945,-44.5405],[-71.0954,-44.5393],[-71.0942,-44.5383],[-71.0939,-44.5381],[-71.0921,-44.5366],[-71.0919,-44.5358],[-71.0916,-44.535],[-71.0915,-44.5326],[-71.0915,-44.5325],[-71.0917,-44.5324],[-71.0934,-44.5311],[-71.0963,-44.5288],[-71.0982,-44.528],[-71.101,-44.5269],[-71.1066,-44.5247],[-71.1073,-44.5243],[-71.1083,-44.5234],[-71.1083,-44.5233],[-71.1092,-44.5214],[-71.1096,-44.52],[-71.1109,-44.5182],[-71.1112,-44.5179],[-71.1115,-44.5177],[-71.1127,-44.5169],[-71.1138,-44.5164],[-71.1148,-44.516],[-71.116,-44.5152],[-71.1169,-44.5146],[-71.1171,-44.5147],[-71.1182,-44.515],[-71.1208,-44.5152],[-71.1227,-44.5141],[-71.1232,-44.5138],[-71.1241,-44.5132],[-71.1243,-44.5131],[-71.1243,-44.5125],[-71.1244,-44.5114],[-71.125,-44.5107],[-71.1259,-44.5098],[-71.1266,-44.5091],[-71.1277,-44.508],[-71.1279,-44.508],[-71.1297,-44.5073],[-71.1312,-44.5071],[-71.1323,-44.5066],[-71.1342,-44.5058],[-71.1343,-44.5057],[-71.1363,-44.5062],[-71.1382,-44.5068],[-71.1404,-44.5073],[-71.1421,-44.5078],[-71.1433,-44.5081],[-71.1441,-44.5074],[-71.1451,-44.5065],[-71.1459,-44.506],[-71.1465,-44.5058],[-71.147,-44.5054],[-71.149,-44.5052],[-71.1495,-44.5052],[-71.1502,-44.5052],[-71.1518,-44.5053],[-71.1529,-44.5047],[-71.1545,-44.5036],[-71.1559,-44.5034],[-71.1584,-44.5045],[-71.159,-44.504],[-71.1591,-44.5038],[-71.1594,-44.5034],[-71.1603,-44.5024],[-71.1603,-44.5024],[-71.1609,-44.5021],[-71.1619,-44.502],[-71.1632,-44.5016],[-71.1637,-44.5011],[-71.1637,-44.501],[-71.1637,-44.5004],[-71.164,-44.4999],[-71.1636,-44.4983],[-71.1623,-44.4972],[-71.1606,-44.4967],[-71.1592,-44.4955],[-71.1593,-44.4953],[-71.1596,-44.4946],[-71.1596,-44.4945],[-71.159,-44.4943],[-71.1584,-44.4942],[-71.1558,-44.4929],[-71.1555,-44.4927],[-71.1544,-44.4921],[-71.1537,-44.4915],[-71.1532,-44.4908],[-71.1531,-44.4907],[-71.153,-44.4907],[-71.1521,-44.4903],[-71.1511,-44.4897],[-71.1503,-44.4882],[-71.1499,-44.487],[-71.15,-44.4852],[-71.1498,-44.484],[-71.1492,-44.4833],[-71.1476,-44.4826],[-71.1465,-44.482],[-71.1457,-44.4817],[-71.1455,-44.4817],[-71.1438,-44.4804],[-71.1426,-44.4801],[-71.142,-44.48],[-71.1401,-44.4796],[-71.1392,-44.479],[-71.138,-44.4783],[-71.1364,-44.4768],[-71.1319,-44.4741],[-71.1308,-44.4735],[-71.1301,-44.4732],[-71.1298,-44.4723],[-71.1297,-44.4718],[-71.1313,-44.4712],[-71.1332,-44.4701],[-71.1361,-44.4688],[-71.1389,-44.4681],[-71.1414,-44.4676],[-71.1422,-44.4671],[-71.1425,-44.4669],[-71.1429,-44.4667],[-71.143,-44.4666],[-71.1435,-44.4654],[-71.1444,-44.4642],[-71.1446,-44.4639],[-71.1459,-44.4623],[-71.1461,-44.4621],[-71.1462,-44.462],[-71.1476,-44.4612],[-71.1483,-44.461],[-71.1501,-44.4607],[-71.1526,-44.46],[-71.1533,-44.4598],[-71.1536,-44.4598],[-71.1539,-44.4591],[-71.1545,-44.458],[-71.1554,-44.4565],[-71.1566,-44.455],[-71.1582,-44.4531],[-71.1589,-44.4526],[-71.1594,-44.4522],[-71.1597,-44.452],[-71.16,-44.4516],[-71.161,-44.4504],[-71.1624,-44.4491],[-71.1639,-44.4474],[-71.165,-44.4461],[-71.1665,-44.4443],[-71.1683,-44.4418],[-71.1694,-44.4405],[-71.1711,-44.4391],[-71.1732,-44.4389],[-71.1747,-44.4392],[-71.1756,-44.4393],[-71.1801,-44.44],[-71.1821,-44.4406],[-71.1839,-44.441],[-71.1844,-44.4409],[-71.1852,-44.4407],[-71.1862,-44.4405],[-71.1872,-44.44],[-71.1888,-44.4391],[-71.1906,-44.4385],[-71.1939,-44.4373],[-71.1955,-44.4366],[-71.1987,-44.4359],[-71.2016,-44.4353],[-71.2034,-44.4345],[-71.2056,-44.434],[-71.2078,-44.4335],[-71.2092,-44.4333],[-71.2104,-44.4336],[-71.2121,-44.4339],[-71.2123,-44.434],[-71.2124,-44.434],[-71.2143,-44.435],[-71.2175,-44.4368],[-71.2178,-44.4368],[-71.2186,-44.4367],[-71.2196,-44.4368],[-71.2211,-44.4367],[-71.2227,-44.4362],[-71.2249,-44.4355],[-71.2264,-44.4343],[-71.2278,-44.433],[-71.2293,-44.4312],[-71.2305,-44.4289],[-71.2318,-44.4276],[-71.2325,-44.4259],[-71.2329,-44.4246],[-71.2337,-44.4228],[-71.2351,-44.4215],[-71.2366,-44.4202],[-71.2395,-44.4185],[-71.2416,-44.4179],[-71.2437,-44.4178],[-71.2462,-44.4174],[-71.2479,-44.4174],[-71.2509,-44.4174],[-71.2533,-44.418],[-71.2554,-44.4185],[-71.2559,-44.4187],[-71.2592,-44.4197],[-71.2613,-44.4209],[-71.2631,-44.4221],[-71.2652,-44.4231],[-71.2677,-44.4238],[-71.268,-44.4239],[-71.2711,-44.4241],[-71.2719,-44.4242],[-71.2741,-44.4242],[-71.2776,-44.4237],[-71.2791,-44.4232],[-71.2809,-44.4232],[-71.2829,-44.4231],[-71.2848,-44.4235],[-71.2868,-44.4237],[-71.2886,-44.4237],[-71.2918,-44.4231],[-71.2935,-44.423],[-71.2964,-44.4231],[-71.2996,-44.4234],[-71.3025,-44.4236],[-71.3034,-44.4236],[-71.3049,-44.4236],[-71.3072,-44.424],[-71.3081,-44.4242],[-71.3083,-44.4242],[-71.3083,-44.4242],[-71.3097,-44.4253],[-71.31,-44.4256],[-71.31,-44.4256],[-71.3102,-44.4272],[-71.3104,-44.4275],[-71.3111,-44.4283],[-71.312,-44.4293],[-71.3122,-44.4296],[-71.3125,-44.4295],[-71.314,-44.4294],[-71.3148,-44.4295],[-71.317,-44.4291],[-71.319,-44.4286],[-71.3219,-44.4281],[-71.3246,-44.4275],[-71.3265,-44.4266],[-71.3285,-44.4256],[-71.3289,-44.4254],[-71.3306,-44.4244],[-71.3314,-44.4227],[-71.3318,-44.4212],[-71.3335,-44.4193],[-71.3359,-44.4188],[-71.3367,-44.4187],[-71.3392,-44.4186],[-71.3409,-44.4188],[-71.3428,-44.4201],[-71.3439,-44.4208],[-71.3452,-44.4221],[-71.3455,-44.4223],[-71.3478,-44.424],[-71.3489,-44.4248],[-71.3489,-44.4248],[-71.3493,-44.4247],[-71.3506,-44.4218],[-71.3516,-44.4197],[-71.3517,-44.4193],[-71.3527,-44.4174],[-71.3546,-44.4144],[-71.3547,-44.4142],[-71.3567,-44.4095],[-71.3561,-44.4063],[-71.3533,-44.4043],[-71.3531,-44.4041],[-71.3527,-44.4034],[-71.3527,-44.4034],[-71.3536,-44.4028],[-71.3592,-44.3999],[-71.3612,-44.3986],[-71.3652,-44.3972],[-71.3664,-44.396],[-71.3665,-44.3959],[-71.3664,-44.3938],[-71.3656,-44.3919],[-71.3656,-44.3919],[-71.3656,-44.3918],[-71.3655,-44.3917],[-71.3655,-44.3917],[-71.3655,-44.3916],[-71.3655,-44.3915],[-71.3655,-44.3914],[-71.3655,-44.3914],[-71.3655,-44.3913],[-71.3656,-44.3912],[-71.3656,-44.3912],[-71.3656,-44.3912],[-71.3656,-44.3911],[-71.3657,-44.3911],[-71.3657,-44.391],[-71.3658,-44.3909],[-71.3658,-44.3909],[-71.3659,-44.3909],[-71.3659,-44.3908],[-71.366,-44.3908],[-71.3661,-44.3908],[-71.3661,-44.3908],[-71.3662,-44.3907],[-71.3663,-44.3907],[-71.3663,-44.3907],[-71.3664,-44.3907],[-71.3667,-44.3907],[-71.3668,-44.3906],[-71.3674,-44.3906],[-71.3685,-44.3904],[-71.3703,-44.3904],[-71.3719,-44.3908],[-71.3742,-44.3915],[-71.3775,-44.3909],[-71.3795,-44.3895],[-71.3824,-44.3871],[-71.385,-44.3859],[-71.3851,-44.3858],[-71.3852,-44.3857],[-71.3853,-44.3856],[-71.3854,-44.3856],[-71.3855,-44.3855],[-71.3856,-44.3854],[-71.3857,-44.3854],[-71.3858,-44.3854],[-71.386,-44.3853],[-71.3861,-44.3853],[-71.3862,-44.3853],[-71.3889,-44.3854],[-71.3911,-44.3862],[-71.3942,-44.3873],[-71.3966,-44.388],[-71.4034,-44.3899],[-71.4039,-44.3902],[-71.407,-44.3915],[-71.4085,-44.3927],[-71.4104,-44.3918],[-71.4126,-44.3907],[-71.4155,-44.3898],[-71.4178,-44.3892],[-71.4188,-44.3889],[-71.4202,-44.3889],[-71.4213,-44.3891],[-71.422,-44.3897],[-71.4242,-44.3911],[-71.4258,-44.3923],[-71.4268,-44.3924],[-71.428,-44.3926],[-71.4284,-44.3926],[-71.4289,-44.3927],[-71.4299,-44.393],[-71.4326,-44.3935],[-71.4327,-44.3935],[-71.4358,-44.3943],[-71.4385,-44.3947],[-71.4411,-44.3954],[-71.4426,-44.3959],[-71.4435,-44.3961],[-71.4472,-44.3962],[-71.4493,-44.3962],[-71.4499,-44.3961],[-71.4508,-44.3959],[-71.4526,-44.3953],[-71.4534,-44.395],[-71.4548,-44.3945],[-71.4548,-44.3945],[-71.4556,-44.394],[-71.4572,-44.393],[-71.4608,-44.3913],[-71.4634,-44.3901],[-71.4646,-44.3894],[-71.4656,-44.3888],[-71.4672,-44.3887],[-71.4678,-44.3897],[-71.4686,-44.391],[-71.4699,-44.3922],[-71.4728,-44.3931],[-71.4737,-44.3934],[-71.4754,-44.394],[-71.4779,-44.3949],[-71.4814,-44.3962],[-71.4837,-44.3973],[-71.4865,-44.3989],[-71.4886,-44.3993],[-71.4906,-44.3994],[-71.494,-44.3994],[-71.4944,-44.3992],[-71.4985,-44.3978],[-71.4999,-44.3972],[-71.5035,-44.3964],[-71.5062,-44.3953],[-71.5073,-44.3948],[-71.5081,-44.3943],[-71.5086,-44.3939],[-71.5089,-44.3938],[-71.5104,-44.394],[-71.5105,-44.394],[-71.512,-44.3946],[-71.5128,-44.3949],[-71.5138,-44.3954],[-71.5143,-44.3955],[-71.515,-44.3956],[-71.5163,-44.3959],[-71.518,-44.396],[-71.5189,-44.3962],[-71.5208,-44.3966],[-71.5222,-44.3969],[-71.5234,-44.3972],[-71.5239,-44.3978],[-71.5251,-44.3987],[-71.5265,-44.3997],[-71.5275,-44.4004],[-71.5289,-44.4009],[-71.5302,-44.4015],[-71.5324,-44.4027],[-71.5345,-44.4033],[-71.5354,-44.404],[-71.5355,-44.4041],[-71.5366,-44.4043],[-71.5376,-44.4051],[-71.5381,-44.4056],[-71.5388,-44.4064],[-71.5392,-44.4067],[-71.5398,-44.4068],[-71.5405,-44.4069],[-71.5436,-44.407],[-71.545,-44.4072],[-71.5467,-44.4075],[-71.5473,-44.4075],[-71.5479,-44.4075],[-71.5503,-44.4086],[-71.5518,-44.409],[-71.5544,-44.4092],[-71.5562,-44.4089],[-71.5575,-44.409],[-71.5587,-44.4089],[-71.5598,-44.4085],[-71.5605,-44.4083],[-71.5622,-44.4082],[-71.5649,-44.4078],[-71.5666,-44.4073],[-71.5699,-44.4066],[-71.5734,-44.4056],[-71.5761,-44.4052],[-71.5782,-44.4052],[-71.5801,-44.4053],[-71.5817,-44.4053],[-71.5833,-44.4049],[-71.5839,-44.4041],[-71.5847,-44.4032],[-71.5858,-44.4018],[-71.5866,-44.4007],[-71.5882,-44.3992],[-71.5887,-44.3987],[-71.5897,-44.3986],[-71.5911,-44.3987],[-71.5924,-44.3988],[-71.5936,-44.399],[-71.5945,-44.3992],[-71.5954,-44.3994],[-71.5957,-44.3995],[-71.5963,-44.3996],[-71.5971,-44.3998],[-71.5982,-44.4001],[-71.6009,-44.4002],[-71.6024,-44.4003],[-71.6044,-44.4003],[-71.6056,-44.4007],[-71.6069,-44.4008],[-71.6078,-44.4011],[-71.6086,-44.4012],[-71.6111,-44.4021],[-71.616,-44.3991],[-71.6172,-44.3985],[-71.6187,-44.3989],[-71.6196,-44.3992],[-71.6204,-44.3994],[-71.6215,-44.3993],[-71.6219,-44.3993],[-71.6238,-44.3989],[-71.6245,-44.3989],[-71.6261,-44.3989],[-71.6275,-44.3989],[-71.6285,-44.399],[-71.6301,-44.3991],[-71.6314,-44.3991],[-71.6336,-44.3991],[-71.6349,-44.3991],[-71.6361,-44.3987],[-71.6369,-44.3986],[-71.6383,-44.3986],[-71.6388,-44.3988],[-71.6395,-44.3993],[-71.64,-44.3997],[-71.6404,-44.4002],[-71.6405,-44.4006],[-71.6413,-44.4021],[-71.6423,-44.4028],[-71.6429,-44.4036],[-71.6446,-44.4042],[-71.646,-44.4046],[-71.6472,-44.4048],[-71.6479,-44.405],[-71.6485,-44.4054],[-71.6491,-44.4058],[-71.6495,-44.4063],[-71.6502,-44.4068],[-71.6518,-44.4069],[-71.6527,-44.407],[-71.6535,-44.4069],[-71.6542,-44.407],[-71.6546,-44.4074],[-71.6551,-44.4079],[-71.6556,-44.4083],[-71.6569,-44.4088],[-71.6579,-44.409],[-71.6585,-44.4088],[-71.659,-44.4086],[-71.6599,-44.408],[-71.6616,-44.4074],[-71.6623,-44.4074],[-71.6632,-44.4074],[-71.6648,-44.4078],[-71.6662,-44.4083],[-71.6676,-44.4085],[-71.6693,-44.4085],[-71.6709,-44.4076],[-71.6723,-44.4064],[-71.6736,-44.4057],[-71.6749,-44.4054],[-71.6762,-44.4052],[-71.6771,-44.4049],[-71.6781,-44.4045],[-71.6791,-44.4034],[-71.6799,-44.4025],[-71.681,-44.4016],[-71.6817,-44.401],[-71.6823,-44.4004],[-71.6828,-44.3999],[-71.6835,-44.3996],[-71.6853,-44.3993],[-71.6866,-44.399],[-71.6877,-44.3988],[-71.6892,-44.3987],[-71.6913,-44.3983],[-71.6928,-44.3976],[-71.6945,-44.3964],[-71.6954,-44.3951],[-71.6963,-44.3933],[-71.697,-44.3919],[-71.6976,-44.3907],[-71.6978,-44.39],[-71.6979,-44.3893],[-71.6979,-44.3887],[-71.6979,-44.3879],[-71.6977,-44.3875],[-71.6974,-44.3869],[-71.697,-44.3863],[-71.6951,-44.3845],[-71.6945,-44.3841],[-71.6938,-44.3837],[-71.6939,-44.3824],[-71.6951,-44.3816],[-71.6992,-44.3811],[-71.7023,-44.3809],[-71.704,-44.3814],[-71.7067,-44.3802],[-71.7083,-44.3794],[-71.7117,-44.3792],[-71.7136,-44.3794],[-71.7154,-44.3801],[-71.717,-44.382],[-71.7175,-44.3831],[-71.7176,-44.3843],[-71.7176,-44.3847],[-71.7177,-44.3864],[-71.718,-44.3872],[-71.7188,-44.3888],[-71.7206,-44.3905],[-71.7219,-44.3911],[-71.7231,-44.3918],[-71.7242,-44.3922],[-71.7251,-44.3926],[-71.7264,-44.3934],[-71.7275,-44.3939],[-71.7289,-44.3945],[-71.7297,-44.395],[-71.7309,-44.3955],[-71.732,-44.396],[-71.7333,-44.3966],[-71.7338,-44.3972],[-71.7345,-44.3979],[-71.7354,-44.3987],[-71.7363,-44.3992],[-71.7376,-44.3995],[-71.7385,-44.3995],[-71.7401,-44.3999],[-71.7422,-44.4002],[-71.7446,-44.4002],[-71.747,-44.3998],[-71.7486,-44.3995],[-71.7515,-44.3996],[-71.7526,-44.4001],[-71.7542,-44.4011],[-71.7557,-44.4019],[-71.7568,-44.4025],[-71.7581,-44.4029],[-71.7596,-44.4032],[-71.7614,-44.4037],[-71.7633,-44.4042],[-71.7642,-44.4052],[-71.7645,-44.4061],[-71.7647,-44.407],[-71.7653,-44.4083],[-71.7659,-44.4093],[-71.7667,-44.4101],[-71.7673,-44.4104],[-71.7684,-44.4104],[-71.77,-44.4096],[-71.7711,-44.4089],[-71.772,-44.4084],[-71.773,-44.4082],[-71.7744,-44.4083],[-71.7756,-44.4093],[-71.7765,-44.4098],[-71.7777,-44.4103],[-71.7785,-44.4105],[-71.7796,-44.4106],[-71.7809,-44.4111],[-71.7821,-44.4116],[-71.7828,-44.4119],[-71.7837,-44.4123],[-71.7849,-44.4131],[-71.786,-44.4137],[-71.7878,-44.4146],[-71.7895,-44.4154],[-71.7914,-44.416],[-71.7932,-44.4166],[-71.7948,-44.417],[-71.7966,-44.4176],[-71.7982,-44.4183],[-71.7995,-44.419],[-71.801,-44.4195],[-71.803,-44.4196],[-71.805,-44.4193],[-71.8071,-44.4186],[-71.8092,-44.4183],[-71.8114,-44.4177],[-71.8151,-44.4161],[-71.8154,-44.4147],[-71.815,-44.4137],[-71.8141,-44.4125],[-71.8136,-44.4101],[-71.8132,-44.4098],[-71.8118,-44.4087],[-71.8091,-44.4076],[-71.8072,-44.4058],[-71.8064,-44.4047],[-71.8057,-44.4038],[-71.8056,-44.4038],[-71.8051,-44.4028],[-71.8044,-44.4011],[-71.8043,-44.3991],[-71.8051,-44.3977],[-71.8076,-44.3967],[-71.8098,-44.396],[-71.8125,-44.3951],[-71.8146,-44.394],[-71.8172,-44.3941],[-71.8188,-44.394],[-71.8208,-44.3923],[-71.8211,-44.3912],[-71.8213,-44.39],[-71.8213,-44.3883],[-71.8207,-44.3879],[-71.8202,-44.3875],[-71.82,-44.3862],[-71.8199,-44.3856],[-71.8208,-44.3848],[-71.821,-44.3837],[-71.8204,-44.3825],[-71.8202,-44.3821],[-71.8193,-44.3814],[-71.8171,-44.3801],[-71.8169,-44.3789],[-71.8169,-44.3788],[-71.8175,-44.3775],[-71.8186,-44.3762],[-71.821,-44.3748],[-71.8224,-44.3739],[-71.825,-44.3733],[-71.8266,-44.373],[-71.829,-44.3724],[-71.831,-44.3715],[-71.8325,-44.3704],[-71.8341,-44.3693],[-71.8345,-44.3686],[-71.8346,-44.3679],[-71.8346,-44.3672],[-71.8341,-44.367],[-71.8322,-44.3663],[-71.8308,-44.3656],[-71.8293,-44.3647],[-71.8286,-44.3634],[-71.8288,-44.3632],[-71.83,-44.3621],[-71.8314,-44.3611],[-71.8339,-44.3597],[-71.8362,-44.3575],[-71.8376,-44.3543],[-71.8394,-44.3524],[-71.839,-44.35],[-71.8381,-44.349],[-71.8372,-44.3482],[-71.8372,-44.3482],[-71.8363,-44.3477],[-71.8344,-44.3479],[-71.8314,-44.3486],[-71.8295,-44.3486],[-71.827,-44.3475],[-71.8251,-44.3461],[-71.823,-44.3459],[-71.8203,-44.3455],[-71.8184,-44.3441],[-71.8172,-44.3428],[-71.8169,-44.3424],[-71.816,-44.3414],[-71.8153,-44.3408],[-71.8146,-44.3402],[-71.8118,-44.3394],[-71.8108,-44.339],[-71.8086,-44.3387],[-71.8063,-44.3392],[-71.8045,-44.3396],[-71.8026,-44.3396],[-71.8001,-44.339],[-71.798,-44.3377],[-71.7962,-44.3366],[-71.7947,-44.3356],[-71.7935,-44.3346],[-71.792,-44.3339],[-71.7905,-44.3336],[-71.7885,-44.3331],[-71.7872,-44.3313],[-71.787,-44.3304],[-71.7873,-44.3288],[-71.7894,-44.3258],[-71.7905,-44.3244],[-71.7906,-44.323],[-71.7902,-44.3215],[-71.7888,-44.3194],[-71.7887,-44.3182],[-71.79,-44.3171],[-71.7905,-44.3159],[-71.7919,-44.3141],[-71.7921,-44.3121],[-71.7927,-44.3101],[-71.7924,-44.3083],[-71.7931,-44.3065],[-71.7939,-44.3045],[-71.7957,-44.3034],[-71.7975,-44.3027],[-71.7987,-44.3016],[-71.7996,-44.3005],[-71.8019,-44.2956],[-71.8021,-44.2953],[-71.8036,-44.2935],[-71.8039,-44.2917],[-71.8046,-44.2903],[-71.8046,-44.2903],[-71.8067,-44.2897],[-71.8069,-44.2897],[-71.8075,-44.2898],[-71.8082,-44.2891],[-71.8088,-44.2882],[-71.8087,-44.2872],[-71.8086,-44.2862],[-71.8083,-44.284],[-71.808,-44.2823],[-71.8066,-44.2808],[-71.8055,-44.2803],[-71.8047,-44.2794],[-71.804,-44.2785],[-71.8043,-44.2776],[-71.8057,-44.2763],[-71.8074,-44.2748],[-71.8074,-44.2742],[-71.8074,-44.2738],[-71.8066,-44.2731],[-71.8054,-44.2727],[-71.8044,-44.2724],[-71.8034,-44.2721],[-71.8032,-44.272],[-71.8031,-44.2717],[-71.8042,-44.2712],[-71.8049,-44.2708],[-71.8049,-44.2708],[-71.8055,-44.2705],[-71.8094,-44.2691],[-71.8146,-44.2683],[-71.8211,-44.2683],[-71.8237,-44.2672],[-71.8261,-44.2668],[-71.8274,-44.267],[-71.8287,-44.2667],[-71.8292,-44.2662],[-71.8295,-44.2654],[-71.8293,-44.2652],[-71.8291,-44.2652],[-71.8284,-44.2648],[-71.8281,-44.2645],[-71.8277,-44.2642],[-71.8267,-44.263],[-71.8269,-44.2626],[-71.8269,-44.2618],[-71.8269,-44.2617],[-71.8269,-44.2614],[-71.8271,-44.2609],[-71.827,-44.2602],[-71.827,-44.2601],[-71.8269,-44.2599],[-71.8263,-44.2598],[-71.8258,-44.26],[-71.8258,-44.26],[-71.8249,-44.26],[-71.8239,-44.2601],[-71.8219,-44.26],[-71.8218,-44.26],[-71.8199,-44.2595],[-71.819,-44.2593],[-71.8178,-44.2591],[-71.816,-44.2592],[-71.8141,-44.2605],[-71.8125,-44.261],[-71.8119,-44.261],[-71.8103,-44.2608],[-71.8089,-44.2604],[-71.8072,-44.2592],[-71.8064,-44.2581],[-71.8062,-44.2573],[-71.8062,-44.2557],[-71.8072,-44.255],[-71.8092,-44.2547],[-71.8103,-44.2532],[-71.8117,-44.2519],[-71.8129,-44.2511],[-71.8132,-44.2504],[-71.8128,-44.25],[-71.8123,-44.2499],[-71.8108,-44.2495],[-71.8097,-44.2493],[-71.8091,-44.2491],[-71.807,-44.2482],[-71.8061,-44.2477],[-71.8054,-44.2473],[-71.8056,-44.247],[-71.8056,-44.247],[-71.8059,-44.2459],[-71.8058,-44.2439],[-71.8063,-44.2422],[-71.8076,-44.2408],[-71.8091,-44.2398],[-71.8091,-44.2398],[-71.8111,-44.2392],[-71.8116,-44.2391],[-71.8124,-44.2389],[-71.813,-44.2386],[-71.8129,-44.2378],[-71.8126,-44.237],[-71.8118,-44.2362],[-71.8108,-44.2356],[-71.8098,-44.2353],[-71.8087,-44.235],[-71.8073,-44.2347],[-71.8069,-44.2345],[-71.8056,-44.234],[-71.8048,-44.2329],[-71.8046,-44.2326],[-71.8048,-44.231],[-71.8049,-44.2306],[-71.805,-44.2305],[-71.8052,-44.2304],[-71.8055,-44.2303],[-71.8072,-44.2301],[-71.8075,-44.2301],[-71.8077,-44.2301],[-71.8086,-44.2298],[-71.8089,-44.2294],[-71.8082,-44.2288],[-71.8077,-44.2281],[-71.8067,-44.2278],[-71.8062,-44.2277],[-71.8037,-44.2269],[-71.803,-44.2267],[-71.8009,-44.2262],[-71.7989,-44.2253],[-71.7976,-44.2248],[-71.7968,-44.2248],[-71.7958,-44.2248],[-71.7948,-44.2248],[-71.7934,-44.2248],[-71.793,-44.2248],[-71.7918,-44.2243],[-71.7907,-44.2234],[-71.7906,-44.2234],[-71.7898,-44.2229],[-71.7896,-44.2228],[-71.7888,-44.2222],[-71.7887,-44.2222],[-71.7885,-44.2222],[-71.7875,-44.2223],[-71.7873,-44.2225],[-71.7869,-44.2229],[-71.786,-44.2232],[-71.7859,-44.2232],[-71.7852,-44.2234],[-71.7846,-44.2236],[-71.7823,-44.2242],[-71.7811,-44.2243],[-71.7806,-44.2241],[-71.7805,-44.224],[-71.7803,-44.2237],[-71.7802,-44.2232],[-71.7806,-44.2228],[-71.7813,-44.2225],[-71.7814,-44.2223],[-71.7817,-44.2219],[-71.7819,-44.2214],[-71.7819,-44.2199],[-71.7808,-44.2188],[-71.78,-44.2172],[-71.7803,-44.2159],[-71.7811,-44.2138],[-71.7813,-44.2131],[-71.7813,-44.2131],[-71.7813,-44.2131],[-71.7818,-44.2132],[-71.7827,-44.2134],[-71.7844,-44.2145],[-71.7864,-44.2152],[-71.788,-44.2148],[-71.7897,-44.2145],[-71.7906,-44.2144],[-71.7926,-44.2145],[-71.7981,-44.2152],[-71.7992,-44.2151],[-71.7997,-44.2151],[-71.8006,-44.2146],[-71.8003,-44.2128],[-71.7992,-44.211],[-71.7987,-44.2104],[-71.7981,-44.2088],[-71.7981,-44.207],[-71.7984,-44.2052],[-71.7996,-44.2027],[-71.801,-44.1994],[-71.8018,-44.1972],[-71.801,-44.1961],[-71.7998,-44.1948],[-71.799,-44.1932],[-71.7994,-44.1924],[-71.7996,-44.1921],[-71.7999,-44.1917],[-71.8001,-44.1916],[-71.8005,-44.1912],[-71.8013,-44.1906],[-71.804,-44.1889],[-71.8052,-44.1885],[-71.8071,-44.1878],[-71.8084,-44.1872],[-71.8085,-44.1872],[-71.8095,-44.1869],[-71.8105,-44.1866],[-71.8118,-44.1858],[-71.8138,-44.1841],[-71.8146,-44.1834],[-71.8148,-44.1819],[-71.8155,-44.1805],[-71.8163,-44.1792],[-71.818,-44.1775],[-71.819,-44.1763],[-71.821,-44.174],[-71.8224,-44.173],[-71.8248,-44.1708],[-71.8265,-44.1687],[-71.8281,-44.1667],[-71.8306,-44.1652],[-71.8339,-44.1634],[-71.8357,-44.1623],[-71.8362,-44.162],[-71.8385,-44.1623],[-71.8407,-44.1639],[-71.8409,-44.1639],[-71.8412,-44.1636],[-71.8415,-44.1633],[-71.8416,-44.1631],[-71.8419,-44.1628],[-71.8426,-44.1621],[-71.8433,-44.1614],[-71.8451,-44.1603],[-71.8457,-44.1599],[-71.8467,-44.1592],[-71.8473,-44.1582],[-71.8477,-44.1575],[-71.848,-44.1566],[-71.8479,-44.1558],[-71.8477,-44.155],[-71.847,-44.1541],[-71.8458,-44.153],[-71.8457,-44.1527],[-71.844,-44.1515],[-71.8423,-44.1499],[-71.8413,-44.1467],[-71.8413,-44.1463],[-71.8415,-44.1443],[-71.842,-44.1428],[-71.8427,-44.1412],[-71.8429,-44.1402],[-71.8429,-44.1398],[-71.8433,-44.139],[-71.8435,-44.1388],[-71.844,-44.1383],[-71.8454,-44.1367],[-71.8461,-44.1359],[-71.847,-44.1347],[-71.8474,-44.1338],[-71.8476,-44.1336],[-71.8487,-44.1327],[-71.8509,-44.131],[-71.8518,-44.1285],[-71.8518,-44.1282],[-71.8519,-44.1277],[-71.8517,-44.1265],[-71.8511,-44.1257],[-71.8504,-44.1244],[-71.8504,-44.1244],[-71.8496,-44.1228],[-71.8495,-44.1224],[-71.8488,-44.1198],[-71.8488,-44.1178],[-71.8493,-44.1162],[-71.8487,-44.1135],[-71.8477,-44.111],[-71.8463,-44.11],[-71.8441,-44.1096],[-71.841,-44.109],[-71.8388,-44.1082],[-71.8366,-44.1071],[-71.8357,-44.1069],[-71.8355,-44.1069],[-71.8351,-44.1069],[-71.8347,-44.1071],[-71.8341,-44.1075],[-71.8329,-44.1086],[-71.8322,-44.1092],[-71.8301,-44.1101],[-71.829,-44.111],[-71.8282,-44.1114],[-71.8265,-44.113],[-71.8256,-44.1134],[-71.8245,-44.1141],[-71.8243,-44.1141],[-71.8238,-44.1141],[-71.823,-44.1142],[-71.8229,-44.1142],[-71.8213,-44.1141],[-71.8213,-44.1141],[-71.8199,-44.1142],[-71.8173,-44.1144],[-71.8172,-44.1144],[-71.8153,-44.1144],[-71.8112,-44.1136],[-71.8087,-44.1128],[-71.8076,-44.1126],[-71.8075,-44.1126],[-71.8062,-44.1126],[-71.8045,-44.1131],[-71.8044,-44.1131],[-71.8036,-44.113],[-71.802,-44.1121],[-71.8004,-44.1112],[-71.8003,-44.1112],[-71.799,-44.1112],[-71.7967,-44.1119],[-71.7965,-44.1119],[-71.7956,-44.1119],[-71.7928,-44.1115],[-71.7926,-44.1115],[-71.7901,-44.1115],[-71.7885,-44.1119],[-71.7885,-44.1119],[-71.7854,-44.1114],[-71.7853,-44.1114],[-71.7813,-44.1115],[-71.7813,-44.1115],[-71.7788,-44.1108],[-71.776,-44.109],[-71.7724,-44.1076],[-71.7705,-44.1072],[-71.7704,-44.1072],[-71.7697,-44.1074],[-71.7695,-44.1074],[-71.7692,-44.1074],[-71.7685,-44.1072],[-71.768,-44.1067],[-71.7674,-44.1062],[-71.767,-44.1057],[-71.7666,-44.1051],[-71.7653,-44.1038],[-71.7641,-44.1028],[-71.763,-44.1016],[-71.761,-44.1003],[-71.7594,-44.0996],[-71.7592,-44.0993],[-71.7581,-44.0978],[-71.7574,-44.0965],[-71.7561,-44.0953],[-71.7523,-44.0929],[-71.7505,-44.0915],[-71.7499,-44.0905],[-71.7495,-44.0897],[-71.7489,-44.0886],[-71.7485,-44.0867],[-71.7485,-44.0865],[-71.7473,-44.0837],[-71.7474,-44.0826],[-71.7475,-44.0818],[-71.7481,-44.0809],[-71.7482,-44.0798],[-71.7482,-44.079],[-71.7479,-44.0782],[-71.7478,-44.0776],[-71.7476,-44.0772],[-71.7475,-44.0768],[-71.7459,-44.0758],[-71.7434,-44.0755],[-71.7403,-44.0745],[-71.737,-44.0728],[-71.7365,-44.0718],[-71.7364,-44.0701],[-71.7365,-44.0686],[-71.7367,-44.0675],[-71.7367,-44.067],[-71.7365,-44.066],[-71.7364,-44.0657],[-71.7359,-44.065],[-71.7353,-44.0645],[-71.7341,-44.0637],[-71.7329,-44.0633],[-71.7328,-44.0633],[-71.7326,-44.0631],[-71.7321,-44.0627],[-71.7315,-44.0618],[-71.731,-44.0608],[-71.7287,-44.0562],[-71.7277,-44.0551],[-71.7268,-44.0539],[-71.7265,-44.0535],[-71.7263,-44.0521],[-71.7248,-44.0508],[-71.7235,-44.0504],[-71.7221,-44.0496],[-71.7213,-44.0483],[-71.7211,-44.0477],[-71.7205,-44.0459],[-71.7204,-44.0454],[-71.72,-44.0433],[-71.7197,-44.0423],[-71.7193,-44.0412],[-71.7192,-44.041],[-71.719,-44.0408],[-71.7187,-44.0404],[-71.7179,-44.0398],[-71.7178,-44.0398],[-71.7163,-44.0392],[-71.7154,-44.0382],[-71.7153,-44.0381],[-71.7151,-44.0374],[-71.7149,-44.0362],[-71.715,-44.0356],[-71.7151,-44.0351],[-71.7156,-44.034],[-71.7161,-44.0331],[-71.7164,-44.0325],[-71.7169,-44.0318],[-71.7169,-44.0312],[-71.7168,-44.0303],[-71.7167,-44.0292],[-71.7165,-44.028],[-71.7164,-44.0278],[-71.7163,-44.0272],[-71.7159,-44.0258],[-71.7157,-44.0252],[-71.7156,-44.0249],[-71.7149,-44.0242],[-71.714,-44.0228],[-71.714,-44.0228],[-71.7119,-44.0205],[-71.7097,-44.019],[-71.7082,-44.0181],[-71.7068,-44.0171],[-71.7056,-44.0158],[-71.7046,-44.0146],[-71.7035,-44.0139],[-71.7033,-44.0138],[-71.7005,-44.0116],[-71.7001,-44.0105],[-71.6998,-44.0096],[-71.6993,-44.0088],[-71.6985,-44.0077],[-71.6973,-44.0073],[-71.6972,-44.0071],[-71.6968,-44.0068],[-71.6962,-44.0063],[-71.6961,-44.0055],[-71.6961,-44.0051],[-71.6961,-44.0044],[-71.6962,-44.0038],[-71.6961,-44.0029],[-71.6957,-44.0019],[-71.6953,-44.0008],[-71.6947,-44.0002],[-71.6945,-43.9994],[-71.6944,-43.9987],[-71.6938,-43.9979],[-71.6927,-43.9973],[-71.6921,-43.9959],[-71.6916,-43.9956],[-71.6889,-43.993],[-71.6869,-43.9906],[-71.6846,-43.9883],[-71.6837,-43.9858],[-71.6825,-43.9839],[-71.682,-43.9806],[-71.6809,-43.9783],[-71.6808,-43.9737],[-71.6796,-43.9711],[-71.6787,-43.9706],[-71.6752,-43.9709],[-71.6728,-43.9711],[-71.6725,-43.9701],[-71.6715,-43.9692],[-71.6683,-43.9676],[-71.6611,-43.9637],[-71.6606,-43.9625],[-71.6611,-43.9597],[-71.6599,-43.9577],[-71.657,-43.9514],[-71.6555,-43.9497],[-71.6513,-43.9479],[-71.6488,-43.9459],[-71.6492,-43.9404],[-71.6496,-43.9349],[-71.6496,-43.9349],[-71.6492,-43.9348],[-71.6454,-43.9344],[-71.6451,-43.9343],[-71.6439,-43.9342],[-71.6418,-43.934],[-71.6389,-43.9338],[-71.6359,-43.9335],[-71.6289,-43.9328],[-71.6271,-43.9326],[-71.6196,-43.9316],[-71.6189,-43.9315],[-71.6171,-43.9312],[-71.609,-43.9297],[-71.5991,-43.9285],[-71.5944,-43.9286],[-71.5889,-43.9286],[-71.5787,-43.9285],[-71.5687,-43.9275],[-71.5587,-43.9264],[-71.5485,-43.926],[-71.5384,-43.9259],[-71.5282,-43.9259],[-71.5181,-43.9263],[-71.5081,-43.9253],[-71.4982,-43.9236],[-71.4883,-43.9218],[-71.4783,-43.9201],[-71.4689,-43.9177],[-71.4604,-43.9136],[-71.452,-43.9096],[-71.4429,-43.9063],[-71.4341,-43.9026],[-71.4258,-43.8984],[-71.4174,-43.8942],[-71.4098,-43.8894],[-71.4024,-43.8844],[-71.3938,-43.8805],[-71.3839,-43.8789],[-71.3821,-43.8794],[-71.3693,-43.8831],[-71.3713,-43.9253],[-71.3717,-43.9354],[-71.1905,-43.9386],[-71.1358,-43.9395],[-71.1184,-43.9398],[-71.1165,-43.8611],[-71.1162,-43.8493],[-70.9959,-43.8507],[-70.9923,-43.7609],[-70.9229,-43.7623],[-70.617,-43.7686],[-69.9997,-43.7791],[-69.5314,-43.7847]]]]},"geometry_name":"geom","properties":{"departamen":"Tehuelches","cabecera":"Jos� de San Mart�n","superficie":"14.576,80"},"bbox":[-71.8519,-44.678,-69.5091,-43.7609]},{"type":"Feature","id":"departamentos.11","geometry":{"type":"MultiPolygon","coordinates":[[[[-69.3895,-42.0001],[-69.3532,-42.0001],[-69.3357,-42.0001],[-68.3894,-42.0001],[-68.3894,-42.0002],[-68.3894,-42.0004],[-68.3894,-42.0012],[-68.3894,-42.0012],[-68.3894,-42.0018],[-68.3894,-42.0028],[-68.3894,-42.0035],[-68.3894,-42.0055],[-68.3894,-42.0076],[-68.3893,-42.0096],[-68.3893,-42.0101],[-68.3893,-42.0165],[-68.3893,-42.0191],[-68.3883,-42.1227],[-68.3867,-42.3032],[-68.3816,-42.8828],[-67.7739,-42.8826],[-67.7676,-43.3388],[-69.5585,-43.332],[-69.5105,-42.8491],[-69.5097,-42.8418],[-69.5053,-42.7968],[-69.47,-42.4364],[-69.4493,-42.2222],[-69.4351,-42.076],[-69.4284,-42.0066],[-69.4284,-42.0066],[-69.4281,-42.0007],[-69.4281,-42.0003],[-69.4281,-42.0002],[-69.4281,-42.0001],[-69.4278,-42.0001],[-69.3986,-42.0001],[-69.3897,-42.0001],[-69.3895,-42.0001]]]]},"geometry_name":"geom","properties":{"departamen":"Gastre","cabecera":"Gastre","superficie":"15.959,52"},"bbox":[-69.5585,-43.3388,-67.7676,-42.0001]},{"type":"Feature","id":"departamentos.12","geometry":{"type":"MultiPolygon","coordinates":[[[[-64.846,-42.1918],[-64.8442,-42.192],[-64.8434,-42.1919],[-64.8433,-42.1917],[-64.8431,-42.1914],[-64.8428,-42.1909],[-64.8426,-42.1904],[-64.8419,-42.1901],[-64.8411,-42.1901],[-64.8408,-42.1901],[-64.8405,-42.1905],[-64.8403,-42.1912],[-64.8401,-42.192],[-64.8396,-42.1928],[-64.8394,-42.1932],[-64.8366,-42.1945],[-64.8352,-42.195],[-64.8345,-42.1952],[-64.8334,-42.1956],[-64.8304,-42.1968],[-64.8298,-42.1966],[-64.8281,-42.1968],[-64.8278,-42.1967],[-64.8275,-42.1967],[-64.8259,-42.1967],[-64.8249,-42.1968],[-64.824,-42.197],[-64.8234,-42.1975],[-64.8234,-42.1975],[-64.8234,-42.1982],[-64.8226,-42.1982],[-64.8217,-42.1985],[-64.8208,-42.1986],[-64.8201,-42.1982],[-64.8192,-42.1979],[-64.8185,-42.1978],[-64.8163,-42.1983],[-64.8151,-42.1987],[-64.8142,-42.199],[-64.8128,-42.1992],[-64.8116,-42.1992],[-64.8106,-42.1985],[-64.8102,-42.1983],[-64.8098,-42.1981],[-64.8087,-42.1983],[-64.8085,-42.1983],[-64.8075,-42.1987],[-64.8064,-42.1987],[-64.8052,-42.1984],[-64.8039,-42.1977],[-64.8031,-42.197],[-64.8021,-42.1966],[-64.8015,-42.1962],[-64.8012,-42.1961],[-64.801,-42.1958],[-64.8007,-42.1957],[-64.8006,-42.1957],[-64.8005,-42.1957],[-64.8005,-42.1957],[-64.8003,-42.196],[-64.7999,-42.1962],[-64.7997,-42.1965],[-64.799,-42.1967],[-64.7986,-42.1968],[-64.7982,-42.197],[-64.7957,-42.1979],[-64.7917,-42.1994],[-64.7909,-42.1998],[-64.7901,-42.1999],[-64.7898,-42.2002],[-64.7889,-42.2005],[-64.7881,-42.2006],[-64.7873,-42.2011],[-64.7861,-42.2015],[-64.7848,-42.2019],[-64.7832,-42.2025],[-64.781,-42.2032],[-64.779,-42.2039],[-64.7775,-42.2044],[-64.7762,-42.2049],[-64.7751,-42.2052],[-64.7735,-42.2058],[-64.7721,-42.2063],[-64.7702,-42.2069],[-64.7671,-42.2078],[-64.7647,-42.2084],[-64.7605,-42.2096],[-64.7541,-42.2114],[-64.7511,-42.2121],[-64.7482,-42.2126],[-64.7458,-42.2131],[-64.74,-42.2141],[-64.7383,-42.2142],[-64.7366,-42.2145],[-64.7348,-42.2148],[-64.7324,-42.215],[-64.7308,-42.215],[-64.7301,-42.215],[-64.7292,-42.215],[-64.7276,-42.2153],[-64.7256,-42.2157],[-64.7244,-42.2158],[-64.724,-42.2159],[-64.7239,-42.2159],[-64.7214,-42.2162],[-64.7198,-42.2163],[-64.7187,-42.2162],[-64.7176,-42.216],[-64.7163,-42.2159],[-64.7148,-42.216],[-64.7139,-42.216],[-64.7132,-42.2159],[-64.7121,-42.2161],[-64.7111,-42.2162],[-64.7099,-42.2163],[-64.7086,-42.2162],[-64.7075,-42.216],[-64.7067,-42.216],[-64.7053,-42.2158],[-64.7043,-42.2158],[-64.7033,-42.2159],[-64.7029,-42.2159],[-64.7013,-42.2161],[-64.7003,-42.2161],[-64.6991,-42.216],[-64.6969,-42.2162],[-64.6968,-42.2162],[-64.6954,-42.2164],[-64.6937,-42.2167],[-64.6916,-42.2172],[-64.6903,-42.2174],[-64.6893,-42.2175],[-64.6884,-42.2176],[-64.6876,-42.2179],[-64.6864,-42.218],[-64.6838,-42.2192],[-64.6817,-42.2197],[-64.6796,-42.2199],[-64.6759,-42.2206],[-64.674,-42.2209],[-64.6723,-42.222],[-64.6711,-42.2227],[-64.6687,-42.2233],[-64.6635,-42.2241],[-64.6602,-42.2243],[-64.656,-42.2248],[-64.6537,-42.225],[-64.6521,-42.2254],[-64.6511,-42.2254],[-64.6502,-42.2255],[-64.6488,-42.2255],[-64.6476,-42.2257],[-64.6465,-42.2259],[-64.6456,-42.2261],[-64.6444,-42.2263],[-64.6432,-42.2265],[-64.6416,-42.2265],[-64.64,-42.2268],[-64.6384,-42.227],[-64.6374,-42.2273],[-64.6354,-42.2277],[-64.6335,-42.2279],[-64.6308,-42.2282],[-64.6257,-42.2288],[-64.6232,-42.2291],[-64.6199,-42.2295],[-64.6189,-42.2298],[-64.618,-42.2298],[-64.6171,-42.2295],[-64.6164,-42.2298],[-64.6154,-42.2303],[-64.6148,-42.2306],[-64.6142,-42.2308],[-64.612,-42.2309],[-64.6087,-42.2311],[-64.6068,-42.2313],[-64.6056,-42.2313],[-64.6032,-42.2316],[-64.6024,-42.2317],[-64.6009,-42.2318],[-64.6004,-42.2319],[-64.5998,-42.2319],[-64.5994,-42.2318],[-64.5991,-42.2318],[-64.5986,-42.2318],[-64.598,-42.2318],[-64.5973,-42.2317],[-64.5965,-42.2317],[-64.595,-42.2317],[-64.5942,-42.2318],[-64.5931,-42.2319],[-64.5925,-42.2319],[-64.5915,-42.2319],[-64.5905,-42.2319],[-64.5896,-42.232],[-64.5877,-42.2321],[-64.586,-42.2322],[-64.5843,-42.2323],[-64.5822,-42.2324],[-64.5806,-42.2325],[-64.5789,-42.2326],[-64.5772,-42.2327],[-64.5763,-42.2328],[-64.5741,-42.2329],[-64.5731,-42.233],[-64.5724,-42.233],[-64.5716,-42.2331],[-64.5699,-42.2333],[-64.5673,-42.2335],[-64.5659,-42.2337],[-64.5649,-42.2338],[-64.5637,-42.2338],[-64.5631,-42.2338],[-64.5611,-42.234],[-64.5598,-42.2341],[-64.5586,-42.2343],[-64.5577,-42.2343],[-64.5571,-42.2344],[-64.5562,-42.2344],[-64.5557,-42.2344],[-64.5541,-42.2344],[-64.5525,-42.2345],[-64.5507,-42.2346],[-64.5499,-42.2347],[-64.5491,-42.2348],[-64.5483,-42.2351],[-64.5473,-42.2356],[-64.545,-42.236],[-64.5435,-42.2361],[-64.5419,-42.2362],[-64.5404,-42.2363],[-64.539,-42.2363],[-64.5374,-42.2362],[-64.5361,-42.236],[-64.5353,-42.236],[-64.5339,-42.2359],[-64.5328,-42.2359],[-64.5316,-42.2358],[-64.5303,-42.2357],[-64.5287,-42.2359],[-64.5268,-42.2363],[-64.5256,-42.2365],[-64.5246,-42.2365],[-64.5238,-42.2363],[-64.5224,-42.2365],[-64.521,-42.2369],[-64.5201,-42.237],[-64.5188,-42.2369],[-64.5172,-42.2364],[-64.5162,-42.2362],[-64.5143,-42.2362],[-64.5132,-42.2361],[-64.5114,-42.2363],[-64.5102,-42.2364],[-64.5082,-42.2365],[-64.507,-42.2364],[-64.5068,-42.2365],[-64.5063,-42.2365],[-64.5058,-42.2363],[-64.5056,-42.2361],[-64.5054,-42.2361],[-64.505,-42.236],[-64.5046,-42.2361],[-64.5042,-42.236],[-64.5038,-42.2358],[-64.5032,-42.236],[-64.5032,-42.2363],[-64.5032,-42.2365],[-64.503,-42.2366],[-64.5026,-42.2364],[-64.5018,-42.2362],[-64.5015,-42.2361],[-64.5011,-42.2361],[-64.5007,-42.2363],[-64.5002,-42.2362],[-64.5,-42.236],[-64.4993,-42.236],[-64.4985,-42.2361],[-64.4981,-42.2362],[-64.4975,-42.2364],[-64.4967,-42.2368],[-64.4965,-42.237],[-64.4959,-42.2369],[-64.4953,-42.2369],[-64.4921,-42.2372],[-64.4894,-42.2375],[-64.488,-42.2377],[-64.4871,-42.2376],[-64.4866,-42.2374],[-64.4858,-42.2373],[-64.4848,-42.2373],[-64.4842,-42.2371],[-64.4829,-42.2372],[-64.4819,-42.2372],[-64.4807,-42.2372],[-64.4793,-42.2374],[-64.4783,-42.2374],[-64.4769,-42.2371],[-64.4754,-42.237],[-64.4745,-42.237],[-64.4736,-42.2369],[-64.473,-42.237],[-64.4721,-42.2373],[-64.4714,-42.2376],[-64.471,-42.2382],[-64.4709,-42.2385],[-64.4695,-42.2388],[-64.4675,-42.2391],[-64.466,-42.2392],[-64.4649,-42.2392],[-64.4642,-42.2395],[-64.4641,-42.2398],[-64.4647,-42.2401],[-64.4653,-42.2403],[-64.4655,-42.2405],[-64.4654,-42.2408],[-64.4656,-42.241],[-64.4657,-42.241],[-64.4661,-42.2411],[-64.4669,-42.2411],[-64.4674,-42.2413],[-64.4681,-42.2417],[-64.4685,-42.2423],[-64.4687,-42.2427],[-64.4716,-42.2444],[-64.474,-42.2458],[-64.4755,-42.2466],[-64.476,-42.247],[-64.4765,-42.2475],[-64.478,-42.2484],[-64.4789,-42.2487],[-64.4799,-42.2493],[-64.4804,-42.2495],[-64.4819,-42.2511],[-64.4835,-42.2532],[-64.4846,-42.254],[-64.4858,-42.2548],[-64.4859,-42.255],[-64.4871,-42.2561],[-64.4881,-42.2579],[-64.4896,-42.2598],[-64.49,-42.2605],[-64.4904,-42.261],[-64.4907,-42.2613],[-64.4927,-42.2624],[-64.4937,-42.2628],[-64.4949,-42.2636],[-64.4957,-42.2646],[-64.4963,-42.2649],[-64.4975,-42.2648],[-64.5001,-42.2658],[-64.503,-42.2677],[-64.5059,-42.2701],[-64.5062,-42.2705],[-64.5069,-42.2711],[-64.5076,-42.2725],[-64.5076,-42.2732],[-64.5077,-42.2741],[-64.5076,-42.2745],[-64.5075,-42.2751],[-64.5078,-42.276],[-64.5086,-42.277],[-64.5097,-42.2776],[-64.5104,-42.2778],[-64.5115,-42.2784],[-64.512,-42.2787],[-64.5139,-42.279],[-64.515,-42.2793],[-64.5153,-42.2794],[-64.5154,-42.2794],[-64.5173,-42.2798],[-64.5189,-42.28],[-64.5213,-42.2808],[-64.5238,-42.2823],[-64.5256,-42.2836],[-64.5259,-42.2856],[-64.5258,-42.2865],[-64.526,-42.2866],[-64.5274,-42.287],[-64.5342,-42.2887],[-64.539,-42.2906],[-64.5431,-42.2931],[-64.548,-42.2975],[-64.5504,-42.3001],[-64.5545,-42.3035],[-64.5559,-42.3047],[-64.5574,-42.3061],[-64.5586,-42.3075],[-64.5596,-42.3094],[-64.5597,-42.3099],[-64.5602,-42.3112],[-64.5608,-42.3128],[-64.5623,-42.3146],[-64.5637,-42.3163],[-64.565,-42.3177],[-64.5661,-42.319],[-64.5672,-42.3212],[-64.5673,-42.3228],[-64.5675,-42.3233],[-64.568,-42.3245],[-64.5684,-42.3255],[-64.5685,-42.3261],[-64.5688,-42.3269],[-64.5686,-42.3286],[-64.5683,-42.3296],[-64.568,-42.3304],[-64.5679,-42.3316],[-64.568,-42.3325],[-64.5677,-42.3341],[-64.5676,-42.3356],[-64.567,-42.3371],[-64.5669,-42.3373],[-64.5667,-42.3377],[-64.567,-42.3383],[-64.5673,-42.3389],[-64.5678,-42.3398],[-64.5681,-42.3406],[-64.5683,-42.3408],[-64.5684,-42.3412],[-64.569,-42.342],[-64.5692,-42.3422],[-64.5696,-42.3428],[-64.5698,-42.3434],[-64.57,-42.3444],[-64.5699,-42.3445],[-64.5699,-42.3456],[-64.5697,-42.3461],[-64.57,-42.3468],[-64.5705,-42.3477],[-64.5709,-42.3483],[-64.5715,-42.3489],[-64.572,-42.3494],[-64.5722,-42.35],[-64.5729,-42.3504],[-64.5734,-42.3512],[-64.5739,-42.3516],[-64.5742,-42.3522],[-64.5746,-42.3532],[-64.5748,-42.3534],[-64.5758,-42.3536],[-64.5763,-42.3541],[-64.5767,-42.3547],[-64.5768,-42.3553],[-64.5771,-42.3562],[-64.5775,-42.3569],[-64.5779,-42.3575],[-64.5787,-42.3579],[-64.5793,-42.3584],[-64.5798,-42.3588],[-64.5809,-42.3595],[-64.5818,-42.3602],[-64.5823,-42.3607],[-64.5827,-42.3611],[-64.5829,-42.3615],[-64.5833,-42.3619],[-64.5837,-42.362],[-64.5845,-42.362],[-64.5849,-42.3622],[-64.5851,-42.3625],[-64.5853,-42.3629],[-64.5857,-42.3632],[-64.5861,-42.3635],[-64.5866,-42.3638],[-64.5876,-42.3644],[-64.5881,-42.3649],[-64.5886,-42.3652],[-64.589,-42.3655],[-64.5895,-42.3662],[-64.5901,-42.3667],[-64.5907,-42.3672],[-64.5912,-42.3675],[-64.5919,-42.3678],[-64.5922,-42.3681],[-64.5927,-42.3686],[-64.5934,-42.3691],[-64.5936,-42.3696],[-64.5939,-42.3701],[-64.5941,-42.3708],[-64.5941,-42.3712],[-64.5942,-42.3719],[-64.5941,-42.3725],[-64.5941,-42.3728],[-64.594,-42.3734],[-64.5938,-42.374],[-64.5937,-42.3746],[-64.5936,-42.3752],[-64.5933,-42.3761],[-64.5929,-42.3769],[-64.5927,-42.3774],[-64.5926,-42.3778],[-64.5926,-42.3779],[-64.5925,-42.3782],[-64.5924,-42.3784],[-64.5924,-42.3789],[-64.5925,-42.379],[-64.5927,-42.3791],[-64.5931,-42.3795],[-64.593,-42.3801],[-64.5933,-42.3802],[-64.5935,-42.3805],[-64.5934,-42.3807],[-64.5934,-42.3812],[-64.5936,-42.3818],[-64.5945,-42.3825],[-64.5949,-42.3832],[-64.5951,-42.3839],[-64.5952,-42.3844],[-64.5954,-42.3848],[-64.5957,-42.3851],[-64.596,-42.3851],[-64.5963,-42.3854],[-64.5972,-42.3858],[-64.5981,-42.3861],[-64.5992,-42.3863],[-64.6002,-42.3869],[-64.6011,-42.3876],[-64.6017,-42.3881],[-64.602,-42.3884],[-64.6024,-42.3884],[-64.6027,-42.3887],[-64.603,-42.3891],[-64.6034,-42.3893],[-64.6042,-42.3895],[-64.6052,-42.3898],[-64.6057,-42.3899],[-64.6068,-42.3901],[-64.6074,-42.3901],[-64.6086,-42.3905],[-64.6096,-42.3907],[-64.6105,-42.391],[-64.6111,-42.3911],[-64.6118,-42.3914],[-64.6125,-42.3918],[-64.6129,-42.3923],[-64.6133,-42.3927],[-64.614,-42.3931],[-64.6143,-42.3935],[-64.6149,-42.3935],[-64.6155,-42.3936],[-64.6163,-42.394],[-64.6167,-42.3944],[-64.6173,-42.3945],[-64.6177,-42.3947],[-64.6182,-42.3956],[-64.6184,-42.3961],[-64.6187,-42.3968],[-64.619,-42.3982],[-64.619,-42.3991],[-64.619,-42.3992],[-64.619,-42.4],[-64.6192,-42.401],[-64.6193,-42.4015],[-64.6196,-42.4017],[-64.6198,-42.4019],[-64.6199,-42.402],[-64.62,-42.4024],[-64.6201,-42.403],[-64.6201,-42.4035],[-64.62,-42.4041],[-64.6198,-42.4046],[-64.6195,-42.4054],[-64.6192,-42.4062],[-64.619,-42.4064],[-64.6187,-42.4073],[-64.6186,-42.4079],[-64.6186,-42.408],[-64.6186,-42.4081],[-64.6187,-42.4087],[-64.6188,-42.4095],[-64.6188,-42.4103],[-64.6186,-42.4108],[-64.6189,-42.4114],[-64.6191,-42.4117],[-64.6189,-42.4133],[-64.6188,-42.414],[-64.6185,-42.4141],[-64.6188,-42.415],[-64.6185,-42.4161],[-64.6181,-42.4174],[-64.618,-42.4174],[-64.617,-42.4174],[-64.6158,-42.4169],[-64.6145,-42.4172],[-64.6154,-42.418],[-64.6171,-42.419],[-64.6172,-42.4191],[-64.6179,-42.4197],[-64.6177,-42.4206],[-64.6162,-42.4217],[-64.6161,-42.4218],[-64.6146,-42.4233],[-64.615,-42.4236],[-64.6149,-42.4237],[-64.6146,-42.4244],[-64.6136,-42.425],[-64.6124,-42.4257],[-64.6101,-42.4264],[-64.6085,-42.4261],[-64.6081,-42.426],[-64.6077,-42.4258],[-64.606,-42.4255],[-64.6052,-42.4253],[-64.6052,-42.4253],[-64.6052,-42.4253],[-64.6047,-42.4248],[-64.604,-42.4247],[-64.6029,-42.4247],[-64.6023,-42.4243],[-64.6015,-42.4243],[-64.6014,-42.4244],[-64.5992,-42.4252],[-64.5964,-42.4263],[-64.5925,-42.4272],[-64.5912,-42.4273],[-64.5898,-42.4268],[-64.5888,-42.4269],[-64.5861,-42.4271],[-64.5853,-42.427],[-64.5844,-42.4263],[-64.5835,-42.4257],[-64.5829,-42.4249],[-64.5827,-42.4245],[-64.582,-42.4244],[-64.5804,-42.4245],[-64.5795,-42.424],[-64.579,-42.423],[-64.5793,-42.4224],[-64.5789,-42.422],[-64.5787,-42.422],[-64.5782,-42.422],[-64.5773,-42.422],[-64.5753,-42.4223],[-64.5746,-42.4223],[-64.5741,-42.4221],[-64.5735,-42.4217],[-64.5733,-42.4213],[-64.5729,-42.4213],[-64.5727,-42.422],[-64.5728,-42.4226],[-64.5733,-42.4231],[-64.5737,-42.4239],[-64.5732,-42.425],[-64.573,-42.4259],[-64.5726,-42.427],[-64.572,-42.4278],[-64.5705,-42.4288],[-64.5667,-42.4302],[-64.5623,-42.4313],[-64.5594,-42.4319],[-64.5577,-42.432],[-64.5562,-42.432],[-64.5543,-42.4309],[-64.5526,-42.4295],[-64.5507,-42.4288],[-64.5495,-42.4281],[-64.5488,-42.4275],[-64.548,-42.4271],[-64.5471,-42.4267],[-64.5453,-42.4264],[-64.5436,-42.426],[-64.543,-42.4257],[-64.5425,-42.4248],[-64.5423,-42.4237],[-64.5419,-42.4226],[-64.5417,-42.4218],[-64.5416,-42.4211],[-64.5418,-42.4201],[-64.5415,-42.4196],[-64.5411,-42.4193],[-64.5403,-42.4193],[-64.5398,-42.4193],[-64.5397,-42.4197],[-64.5401,-42.4202],[-64.5403,-42.4205],[-64.5405,-42.421],[-64.5404,-42.4215],[-64.5401,-42.4218],[-64.5397,-42.422],[-64.5389,-42.4226],[-64.5386,-42.4238],[-64.5379,-42.425],[-64.5364,-42.4257],[-64.5328,-42.4269],[-64.5308,-42.4274],[-64.5281,-42.4281],[-64.5266,-42.4282],[-64.5243,-42.4281],[-64.5224,-42.4281],[-64.5193,-42.4281],[-64.5164,-42.428],[-64.5161,-42.4279],[-64.5146,-42.4282],[-64.5104,-42.4293],[-64.5071,-42.4299],[-64.5031,-42.4303],[-64.4983,-42.4302],[-64.4964,-42.43],[-64.4953,-42.4298],[-64.4951,-42.4298],[-64.4934,-42.4293],[-64.4927,-42.4291],[-64.4914,-42.4281],[-64.4911,-42.4275],[-64.491,-42.4268],[-64.4916,-42.4259],[-64.4917,-42.4246],[-64.4916,-42.4237],[-64.4917,-42.4225],[-64.4917,-42.4214],[-64.4913,-42.4202],[-64.4901,-42.4193],[-64.4889,-42.4183],[-64.4877,-42.4181],[-64.4872,-42.4174],[-64.4865,-42.4164],[-64.4861,-42.4157],[-64.4856,-42.4155],[-64.4849,-42.4158],[-64.484,-42.4167],[-64.4839,-42.4168],[-64.4827,-42.4175],[-64.4822,-42.4184],[-64.4822,-42.4189],[-64.4822,-42.419],[-64.4819,-42.42],[-64.4819,-42.4204],[-64.482,-42.4211],[-64.4824,-42.4221],[-64.4828,-42.4233],[-64.4831,-42.4239],[-64.4837,-42.4245],[-64.4846,-42.4255],[-64.4852,-42.4266],[-64.4854,-42.4283],[-64.4853,-42.43],[-64.4853,-42.4304],[-64.4851,-42.4313],[-64.4839,-42.433],[-64.4811,-42.4351],[-64.4792,-42.4366],[-64.478,-42.4376],[-64.4773,-42.4383],[-64.4759,-42.4386],[-64.4749,-42.4384],[-64.4749,-42.4383],[-64.4722,-42.4383],[-64.468,-42.4387],[-64.4678,-42.4388],[-64.4674,-42.4387],[-64.466,-42.4384],[-64.4641,-42.4375],[-64.4625,-42.4376],[-64.4616,-42.4373],[-64.4603,-42.4371],[-64.4584,-42.4368],[-64.4559,-42.4365],[-64.4543,-42.4355],[-64.4533,-42.4353],[-64.4522,-42.4356],[-64.4516,-42.4361],[-64.4515,-42.4363],[-64.4509,-42.437],[-64.4498,-42.4382],[-64.4487,-42.4386],[-64.447,-42.4391],[-64.4435,-42.4397],[-64.4385,-42.4398],[-64.4335,-42.4399],[-64.4282,-42.4395],[-64.4225,-42.4372],[-64.4191,-42.4359],[-64.4181,-42.4349],[-64.4178,-42.4346],[-64.4174,-42.4335],[-64.4174,-42.4334],[-64.4168,-42.4328],[-64.4153,-42.4327],[-64.4128,-42.4325],[-64.4127,-42.4325],[-64.4113,-42.4321],[-64.4106,-42.4309],[-64.4107,-42.4305],[-64.4109,-42.4297],[-64.4101,-42.4289],[-64.4101,-42.4301],[-64.4092,-42.4308],[-64.4072,-42.4309],[-64.4052,-42.4311],[-64.4024,-42.4305],[-64.4014,-42.4301],[-64.4007,-42.4298],[-64.3997,-42.4299],[-64.3979,-42.4301],[-64.3956,-42.4302],[-64.3926,-42.4287],[-64.3912,-42.4284],[-64.3894,-42.4286],[-64.3892,-42.4293],[-64.3868,-42.4293],[-64.3845,-42.4292],[-64.382,-42.4287],[-64.3805,-42.4281],[-64.38,-42.4273],[-64.3797,-42.4268],[-64.3796,-42.4268],[-64.3787,-42.4266],[-64.3783,-42.4261],[-64.3781,-42.4253],[-64.3775,-42.4246],[-64.377,-42.4248],[-64.3746,-42.4242],[-64.3729,-42.4238],[-64.3716,-42.4235],[-64.3705,-42.4232],[-64.3702,-42.4226],[-64.37,-42.4222],[-64.3693,-42.4222],[-64.3689,-42.4224],[-64.3686,-42.4226],[-64.3686,-42.423],[-64.3681,-42.4235],[-64.3673,-42.4246],[-64.3655,-42.4254],[-64.3638,-42.4259],[-64.3625,-42.4261],[-64.3622,-42.4261],[-64.3612,-42.4261],[-64.3612,-42.4261],[-64.3601,-42.4266],[-64.3592,-42.4265],[-64.3586,-42.4265],[-64.3575,-42.4267],[-64.3548,-42.4263],[-64.3517,-42.4257],[-64.3508,-42.4248],[-64.3505,-42.4245],[-64.3502,-42.4242],[-64.3496,-42.424],[-64.3481,-42.4236],[-64.3453,-42.4235],[-64.3419,-42.4227],[-64.3374,-42.4211],[-64.3336,-42.4196],[-64.3317,-42.4182],[-64.3312,-42.4174],[-64.3313,-42.417],[-64.3314,-42.4166],[-64.3322,-42.4154],[-64.3324,-42.4149],[-64.3323,-42.4148],[-64.3316,-42.4144],[-64.3305,-42.4143],[-64.3291,-42.4141],[-64.3284,-42.4135],[-64.328,-42.4132],[-64.3281,-42.4127],[-64.3282,-42.4123],[-64.3274,-42.4121],[-64.3266,-42.4121],[-64.3262,-42.4121],[-64.3242,-42.4119],[-64.3226,-42.4117],[-64.3214,-42.4116],[-64.3206,-42.412],[-64.3201,-42.4121],[-64.3197,-42.4125],[-64.3196,-42.4131],[-64.3174,-42.413],[-64.3143,-42.412],[-64.3117,-42.411],[-64.3097,-42.4096],[-64.3084,-42.4079],[-64.3068,-42.4061],[-64.3061,-42.4054],[-64.3054,-42.405],[-64.3045,-42.4048],[-64.3032,-42.4045],[-64.3021,-42.4042],[-64.3015,-42.4039],[-64.3004,-42.404],[-64.2999,-42.4043],[-64.2993,-42.4052],[-64.2985,-42.4061],[-64.2977,-42.4069],[-64.2974,-42.4077],[-64.2967,-42.4087],[-64.2961,-42.4093],[-64.2954,-42.4106],[-64.2945,-42.4114],[-64.2943,-42.4121],[-64.2937,-42.4136],[-64.2933,-42.4138],[-64.2929,-42.414],[-64.2927,-42.414],[-64.2926,-42.4144],[-64.292,-42.4147],[-64.2894,-42.4151],[-64.2868,-42.4151],[-64.2846,-42.4151],[-64.2834,-42.4151],[-64.2823,-42.415],[-64.2814,-42.4153],[-64.2775,-42.4155],[-64.2766,-42.4154],[-64.2752,-42.4155],[-64.2726,-42.4153],[-64.2703,-42.415],[-64.2686,-42.4149],[-64.2672,-42.4146],[-64.266,-42.4144],[-64.2656,-42.4146],[-64.2651,-42.415],[-64.2641,-42.4153],[-64.2635,-42.4157],[-64.2626,-42.416],[-64.2622,-42.4163],[-64.2606,-42.4165],[-64.2578,-42.4164],[-64.255,-42.4159],[-64.2533,-42.4155],[-64.2525,-42.4159],[-64.2511,-42.4159],[-64.2478,-42.4152],[-64.2476,-42.4151],[-64.2473,-42.4149],[-64.2468,-42.4151],[-64.2463,-42.4154],[-64.2453,-42.4162],[-64.2432,-42.4174],[-64.2418,-42.4175],[-64.2404,-42.4181],[-64.2392,-42.4182],[-64.2376,-42.4181],[-64.2358,-42.4181],[-64.235,-42.4181],[-64.2332,-42.4184],[-64.2307,-42.4182],[-64.2273,-42.4174],[-64.2256,-42.4174],[-64.2241,-42.4175],[-64.2228,-42.4179],[-64.2218,-42.4181],[-64.2204,-42.4192],[-64.2194,-42.4204],[-64.2175,-42.4215],[-64.2153,-42.4221],[-64.213,-42.4221],[-64.208,-42.4214],[-64.2045,-42.4205],[-64.2002,-42.4194],[-64.1992,-42.4189],[-64.1984,-42.4179],[-64.1979,-42.4178],[-64.197,-42.4179],[-64.1958,-42.4182],[-64.1951,-42.4177],[-64.1943,-42.4176],[-64.1934,-42.4168],[-64.1925,-42.4165],[-64.1914,-42.4158],[-64.1905,-42.4161],[-64.1904,-42.4167],[-64.1903,-42.4177],[-64.1889,-42.4191],[-64.187,-42.4194],[-64.1854,-42.4194],[-64.1832,-42.4189],[-64.182,-42.4188],[-64.1815,-42.4187],[-64.1813,-42.4185],[-64.181,-42.4184],[-64.1807,-42.4183],[-64.1802,-42.4179],[-64.1795,-42.4177],[-64.1787,-42.418],[-64.1778,-42.4177],[-64.1769,-42.4178],[-64.1766,-42.4183],[-64.176,-42.4185],[-64.1753,-42.4187],[-64.1742,-42.4187],[-64.1734,-42.4187],[-64.1721,-42.4188],[-64.1701,-42.4187],[-64.1701,-42.4193],[-64.17,-42.4199],[-64.1697,-42.4207],[-64.1687,-42.4214],[-64.1668,-42.4218],[-64.165,-42.4219],[-64.1632,-42.4216],[-64.1626,-42.4216],[-64.1616,-42.4217],[-64.161,-42.4224],[-64.1594,-42.4229],[-64.1562,-42.4229],[-64.1531,-42.4228],[-64.1508,-42.4227],[-64.1494,-42.4229],[-64.1479,-42.4238],[-64.1467,-42.4241],[-64.1453,-42.4244],[-64.144,-42.4251],[-64.1431,-42.4254],[-64.1421,-42.4254],[-64.1419,-42.4253],[-64.1412,-42.4251],[-64.141,-42.4256],[-64.1411,-42.4258],[-64.1412,-42.4264],[-64.1409,-42.4272],[-64.1404,-42.4281],[-64.1383,-42.4283],[-64.1364,-42.4283],[-64.1349,-42.4287],[-64.1333,-42.429],[-64.1321,-42.429],[-64.1298,-42.4287],[-64.1293,-42.4287],[-64.1276,-42.4287],[-64.1267,-42.4292],[-64.1259,-42.4297],[-64.1242,-42.4297],[-64.1225,-42.4291],[-64.1219,-42.4282],[-64.1211,-42.4281],[-64.1203,-42.4283],[-64.119,-42.4275],[-64.1183,-42.4267],[-64.1182,-42.4261],[-64.1182,-42.4257],[-64.1175,-42.4254],[-64.1171,-42.4249],[-64.116,-42.4246],[-64.1151,-42.4239],[-64.1144,-42.4231],[-64.113,-42.4214],[-64.1119,-42.4198],[-64.11,-42.4178],[-64.1082,-42.4162],[-64.1082,-42.4161],[-64.1068,-42.4142],[-64.1059,-42.4121],[-64.1056,-42.4119],[-64.105,-42.4113],[-64.1044,-42.4106],[-64.1024,-42.4093],[-64.1012,-42.4076],[-64.1008,-42.4071],[-64.1,-42.4051],[-64.0991,-42.4039],[-64.0971,-42.4032],[-64.0943,-42.4022],[-64.0934,-42.4012],[-64.0923,-42.4002],[-64.0905,-42.3997],[-64.0902,-42.3996],[-64.089,-42.3994],[-64.0862,-42.3989],[-64.0855,-42.3985],[-64.0852,-42.3984],[-64.0841,-42.3978],[-64.0819,-42.396],[-64.079,-42.3932],[-64.0777,-42.3918],[-64.0775,-42.3908],[-64.0761,-42.3908],[-64.0753,-42.3907],[-64.0737,-42.3903],[-64.0715,-42.3885],[-64.0703,-42.3872],[-64.0685,-42.386],[-64.0679,-42.3852],[-64.067,-42.3849],[-64.0662,-42.3849],[-64.0645,-42.3848],[-64.0626,-42.3847],[-64.0608,-42.3846],[-64.0588,-42.3839],[-64.0577,-42.3832],[-64.0572,-42.3829],[-64.0568,-42.3827],[-64.054,-42.3786],[-64.053,-42.3766],[-64.0528,-42.3761],[-64.0519,-42.3744],[-64.0507,-42.3705],[-64.0505,-42.3698],[-64.0503,-42.3685],[-64.0497,-42.367],[-64.0495,-42.3656],[-64.0495,-42.3646],[-64.0487,-42.3638],[-64.0483,-42.3633],[-64.0479,-42.3614],[-64.0477,-42.3603],[-64.0475,-42.3591],[-64.047,-42.3587],[-64.0468,-42.3586],[-64.0456,-42.3573],[-64.0448,-42.3559],[-64.0445,-42.3541],[-64.0438,-42.353],[-64.043,-42.3513],[-64.0424,-42.3488],[-64.0426,-42.3465],[-64.0432,-42.3453],[-64.0435,-42.3447],[-64.0439,-42.3441],[-64.0444,-42.3431],[-64.0453,-42.3418],[-64.0472,-42.3418],[-64.0472,-42.3419],[-64.0477,-42.3426],[-64.0486,-42.3428],[-64.0489,-42.3425],[-64.0494,-42.3418],[-64.0506,-42.3419],[-64.0513,-42.3416],[-64.0523,-42.3413],[-64.0525,-42.3412],[-64.0532,-42.3405],[-64.0542,-42.34],[-64.0542,-42.34],[-64.0558,-42.3395],[-64.0566,-42.339],[-64.0569,-42.3383],[-64.057,-42.3379],[-64.0573,-42.3365],[-64.0579,-42.3356],[-64.0585,-42.3349],[-64.0598,-42.3346],[-64.0605,-42.3342],[-64.0613,-42.3339],[-64.0628,-42.3334],[-64.0636,-42.3334],[-64.0648,-42.3336],[-64.0649,-42.3337],[-64.0658,-42.3339],[-64.0665,-42.3337],[-64.0668,-42.3336],[-64.0671,-42.3335],[-64.0694,-42.3334],[-64.0695,-42.3334],[-64.07,-42.3334],[-64.0702,-42.3331],[-64.0699,-42.3329],[-64.0697,-42.3326],[-64.0692,-42.3324],[-64.0696,-42.3318],[-64.0696,-42.3317],[-64.0695,-42.3317],[-64.069,-42.3316],[-64.0685,-42.3311],[-64.068,-42.3307],[-64.0684,-42.3305],[-64.0686,-42.3302],[-64.0688,-42.3299],[-64.0689,-42.3296],[-64.0686,-42.3291],[-64.0677,-42.3294],[-64.0676,-42.3294],[-64.0668,-42.3293],[-64.0659,-42.3297],[-64.065,-42.3301],[-64.0629,-42.3303],[-64.061,-42.3301],[-64.06,-42.3294],[-64.0588,-42.3276],[-64.0586,-42.3269],[-64.0586,-42.3268],[-64.0585,-42.3267],[-64.0578,-42.3261],[-64.0562,-42.3259],[-64.0549,-42.326],[-64.0544,-42.3262],[-64.0533,-42.3264],[-64.0529,-42.3262],[-64.0529,-42.3258],[-64.0518,-42.3251],[-64.0515,-42.3249],[-64.0514,-42.3249],[-64.0497,-42.3242],[-64.0494,-42.3237],[-64.0491,-42.323],[-64.0488,-42.3224],[-64.0489,-42.3208],[-64.0487,-42.3188],[-64.0487,-42.3183],[-64.0491,-42.3174],[-64.0491,-42.3172],[-64.049,-42.3169],[-64.0487,-42.3169],[-64.0477,-42.3168],[-64.0459,-42.3168],[-64.0448,-42.3154],[-64.0448,-42.315],[-64.0446,-42.3141],[-64.0444,-42.3129],[-64.045,-42.3063],[-64.0463,-42.3005],[-64.0467,-42.2994],[-64.0475,-42.2973],[-64.0487,-42.2938],[-64.0487,-42.2937],[-64.049,-42.293],[-64.0495,-42.2918],[-64.0517,-42.2877],[-64.0547,-42.2818],[-64.057,-42.2783],[-64.059,-42.2753],[-64.0604,-42.2743],[-64.061,-42.2739],[-64.0619,-42.2736],[-64.0632,-42.2736],[-64.0635,-42.2736],[-64.0641,-42.2735],[-64.0646,-42.2726],[-64.0664,-42.2706],[-64.067,-42.27],[-64.0701,-42.2663],[-64.0704,-42.2659],[-64.0721,-42.2638],[-64.0723,-42.2635],[-64.0726,-42.2632],[-64.0734,-42.2626],[-64.0748,-42.2616],[-64.0761,-42.2612],[-64.0774,-42.2612],[-64.0777,-42.2613],[-64.0783,-42.2615],[-64.0797,-42.2612],[-64.0815,-42.2594],[-64.0838,-42.2574],[-64.0866,-42.2556],[-64.0884,-42.2543],[-64.089,-42.2538],[-64.0898,-42.2534],[-64.0906,-42.2532],[-64.0911,-42.2532],[-64.0921,-42.2532],[-64.0934,-42.2525],[-64.0942,-42.2522],[-64.0957,-42.2516],[-64.0982,-42.251],[-64.0996,-42.2506],[-64.1002,-42.2506],[-64.1017,-42.2509],[-64.1028,-42.2513],[-64.1036,-42.2516],[-64.1048,-42.2517],[-64.105,-42.2517],[-64.105,-42.2516],[-64.1062,-42.2512],[-64.1073,-42.2511],[-64.1078,-42.2511],[-64.1079,-42.2511],[-64.109,-42.2505],[-64.11,-42.2496],[-64.1104,-42.2493],[-64.1119,-42.2485],[-64.1138,-42.2474],[-64.1151,-42.2471],[-64.1167,-42.2466],[-64.1187,-42.2455],[-64.1204,-42.2443],[-64.1216,-42.2435],[-64.1244,-42.2421],[-64.1286,-42.2407],[-64.1319,-42.2399],[-64.133,-42.2396],[-64.1349,-42.2393],[-64.1353,-42.2394],[-64.1367,-42.2395],[-64.1369,-42.2396],[-64.1381,-42.24],[-64.1386,-42.2404],[-64.1389,-42.2411],[-64.1388,-42.2419],[-64.1391,-42.2427],[-64.1392,-42.2428],[-64.1394,-42.2429],[-64.1402,-42.2433],[-64.1413,-42.2431],[-64.1417,-42.243],[-64.1429,-42.2425],[-64.1446,-42.2417],[-64.1465,-42.2411],[-64.1473,-42.2408],[-64.1488,-42.2404],[-64.1495,-42.2402],[-64.1508,-42.2398],[-64.1516,-42.2397],[-64.1532,-42.2394],[-64.155,-42.2393],[-64.1562,-42.2394],[-64.1574,-42.2396],[-64.1587,-42.24],[-64.1599,-42.2406],[-64.1608,-42.2414],[-64.1614,-42.2423],[-64.1617,-42.2427],[-64.1617,-42.2427],[-64.1619,-42.2428],[-64.1626,-42.2433],[-64.1633,-42.2434],[-64.1636,-42.2434],[-64.1656,-42.2437],[-64.1676,-42.244],[-64.1678,-42.2441],[-64.169,-42.2443],[-64.1695,-42.2446],[-64.1697,-42.2447],[-64.1706,-42.2451],[-64.1719,-42.2453],[-64.1721,-42.2453],[-64.1735,-42.2455],[-64.1748,-42.2454],[-64.1751,-42.2454],[-64.1773,-42.2456],[-64.1774,-42.2456],[-64.1789,-42.2456],[-64.1801,-42.2458],[-64.1806,-42.2462],[-64.1806,-42.2462],[-64.1809,-42.2465],[-64.1817,-42.2467],[-64.182,-42.2468],[-64.1826,-42.2471],[-64.183,-42.2479],[-64.183,-42.2479],[-64.1838,-42.2483],[-64.1839,-42.2483],[-64.185,-42.2485],[-64.1861,-42.2483],[-64.1876,-42.2473],[-64.189,-42.2465],[-64.19,-42.246],[-64.1909,-42.246],[-64.1911,-42.2457],[-64.1923,-42.2447],[-64.1935,-42.2443],[-64.1947,-42.2441],[-64.1955,-42.2443],[-64.1959,-42.2449],[-64.1962,-42.2451],[-64.1966,-42.2454],[-64.1971,-42.2453],[-64.1977,-42.2446],[-64.1977,-42.2446],[-64.1987,-42.2441],[-64.2,-42.2434],[-64.2018,-42.2428],[-64.2028,-42.2425],[-64.2035,-42.2427],[-64.2052,-42.2423],[-64.2061,-42.2423],[-64.2062,-42.2423],[-64.2073,-42.242],[-64.2074,-42.242],[-64.2081,-42.242],[-64.2095,-42.2423],[-64.2095,-42.2423],[-64.2104,-42.2429],[-64.2111,-42.2431],[-64.2119,-42.2431],[-64.2126,-42.243],[-64.2136,-42.2433],[-64.2146,-42.2436],[-64.2152,-42.2437],[-64.2158,-42.2435],[-64.2163,-42.2429],[-64.2181,-42.2423],[-64.2182,-42.2423],[-64.2199,-42.2419],[-64.2222,-42.2418],[-64.2238,-42.2419],[-64.2246,-42.2421],[-64.2257,-42.242],[-64.2273,-42.2425],[-64.2279,-42.2433],[-64.228,-42.244],[-64.2276,-42.2445],[-64.2281,-42.2447],[-64.2289,-42.2448],[-64.2293,-42.2455],[-64.2294,-42.2455],[-64.2298,-42.2457],[-64.2299,-42.2456],[-64.2307,-42.2453],[-64.231,-42.2452],[-64.2313,-42.2451],[-64.2316,-42.2447],[-64.2312,-42.2445],[-64.2309,-42.2444],[-64.2303,-42.2438],[-64.23,-42.2433],[-64.2294,-42.2429],[-64.2293,-42.2422],[-64.2296,-42.2412],[-64.2305,-42.2407],[-64.2347,-42.2382],[-64.239,-42.236],[-64.2421,-42.2348],[-64.2421,-42.2347],[-64.2451,-42.2341],[-64.2469,-42.2342],[-64.2479,-42.2347],[-64.2484,-42.2355],[-64.2494,-42.2354],[-64.2525,-42.2353],[-64.2542,-42.2355],[-64.2551,-42.2362],[-64.2552,-42.2374],[-64.2551,-42.238],[-64.2561,-42.2388],[-64.2571,-42.2389],[-64.2583,-42.2389],[-64.2596,-42.2389],[-64.2616,-42.2383],[-64.263,-42.2381],[-64.2639,-42.2383],[-64.265,-42.2384],[-64.2691,-42.2389],[-64.2708,-42.2392],[-64.2715,-42.2395],[-64.2723,-42.2399],[-64.2728,-42.2403],[-64.273,-42.2405],[-64.2735,-42.2409],[-64.2741,-42.2417],[-64.2741,-42.2424],[-64.2741,-42.2432],[-64.2736,-42.2438],[-64.2728,-42.2443],[-64.272,-42.2444],[-64.2717,-42.245],[-64.2718,-42.2455],[-64.2723,-42.246],[-64.2733,-42.2465],[-64.2747,-42.2466],[-64.2759,-42.2464],[-64.2782,-42.2458],[-64.279,-42.2455],[-64.2801,-42.2452],[-64.2812,-42.2454],[-64.2816,-42.2458],[-64.2819,-42.246],[-64.2823,-42.2462],[-64.2828,-42.2459],[-64.2834,-42.2456],[-64.2839,-42.2454],[-64.2849,-42.2452],[-64.2856,-42.2451],[-64.2866,-42.2449],[-64.2879,-42.2445],[-64.2891,-42.2444],[-64.2897,-42.2444],[-64.2901,-42.2444],[-64.2902,-42.2444],[-64.2915,-42.2446],[-64.2926,-42.245],[-64.2931,-42.246],[-64.2939,-42.2466],[-64.2947,-42.247],[-64.2957,-42.2473],[-64.2965,-42.2475],[-64.2972,-42.2478],[-64.2978,-42.2481],[-64.2982,-42.2487],[-64.2989,-42.2492],[-64.2991,-42.2491],[-64.2997,-42.2491],[-64.3004,-42.249],[-64.3014,-42.2491],[-64.3027,-42.2491],[-64.3039,-42.2489],[-64.3053,-42.2488],[-64.3066,-42.2486],[-64.3078,-42.2487],[-64.3085,-42.2489],[-64.3095,-42.2493],[-64.3101,-42.2496],[-64.3105,-42.25],[-64.3105,-42.2505],[-64.3111,-42.2511],[-64.3113,-42.2516],[-64.3115,-42.2519],[-64.3119,-42.252],[-64.3121,-42.2519],[-64.3124,-42.2521],[-64.3126,-42.2521],[-64.313,-42.2521],[-64.314,-42.2516],[-64.3145,-42.2514],[-64.3158,-42.2511],[-64.3177,-42.2505],[-64.3187,-42.2501],[-64.3188,-42.2501],[-64.3192,-42.25],[-64.3198,-42.2499],[-64.3208,-42.2499],[-64.3219,-42.2496],[-64.323,-42.2495],[-64.3241,-42.2496],[-64.3251,-42.2493],[-64.3258,-42.2492],[-64.3264,-42.2491],[-64.3273,-42.249],[-64.3274,-42.249],[-64.3284,-42.2492],[-64.329,-42.2493],[-64.3295,-42.2496],[-64.3299,-42.2499],[-64.3305,-42.2495],[-64.3313,-42.2495],[-64.3314,-42.2495],[-64.3327,-42.2492],[-64.3335,-42.2488],[-64.3343,-42.2483],[-64.3348,-42.2478],[-64.335,-42.2477],[-64.3366,-42.2469],[-64.3377,-42.2465],[-64.3393,-42.246],[-64.3405,-42.2457],[-64.3421,-42.2457],[-64.3437,-42.2454],[-64.3445,-42.2452],[-64.3458,-42.2449],[-64.3473,-42.2444],[-64.3482,-42.2443],[-64.349,-42.2445],[-64.3499,-42.2446],[-64.3508,-42.2446],[-64.351,-42.2446],[-64.3517,-42.2446],[-64.3526,-42.2444],[-64.3533,-42.2441],[-64.3544,-42.2441],[-64.3546,-42.2441],[-64.3553,-42.2442],[-64.3562,-42.2444],[-64.3576,-42.2445],[-64.3586,-42.2444],[-64.3597,-42.244],[-64.3598,-42.2439],[-64.3601,-42.2435],[-64.3605,-42.2431],[-64.3607,-42.243],[-64.3616,-42.2424],[-64.3629,-42.2413],[-64.3649,-42.2404],[-64.3667,-42.2393],[-64.3681,-42.2388],[-64.3684,-42.2387],[-64.37,-42.2383],[-64.3713,-42.2382],[-64.3725,-42.2381],[-64.3731,-42.2382],[-64.3736,-42.2386],[-64.3743,-42.2387],[-64.3749,-42.2387],[-64.3756,-42.2389],[-64.3761,-42.2391],[-64.3771,-42.2391],[-64.3783,-42.2391],[-64.3791,-42.2389],[-64.3788,-42.2384],[-64.3788,-42.2383],[-64.378,-42.2383],[-64.377,-42.238],[-64.376,-42.2375],[-64.3757,-42.237],[-64.3754,-42.2367],[-64.375,-42.2367],[-64.3749,-42.2366],[-64.374,-42.2363],[-64.3721,-42.2367],[-64.3707,-42.2367],[-64.3701,-42.236],[-64.3696,-42.2353],[-64.3693,-42.2352],[-64.3687,-42.2353],[-64.3663,-42.2347],[-64.3635,-42.2342],[-64.3611,-42.2338],[-64.3594,-42.2333],[-64.3584,-42.2327],[-64.358,-42.2328],[-64.357,-42.2327],[-64.3546,-42.2322],[-64.3534,-42.2322],[-64.3523,-42.2318],[-64.3514,-42.2317],[-64.35,-42.2314],[-64.3494,-42.2312],[-64.3449,-42.2303],[-64.3399,-42.2294],[-64.3365,-42.2288],[-64.3328,-42.2281],[-64.3308,-42.2276],[-64.3284,-42.2271],[-64.3229,-42.2262],[-64.3207,-42.2257],[-64.3172,-42.225],[-64.3139,-42.2244],[-64.3127,-42.2242],[-64.3117,-42.2239],[-64.3099,-42.2234],[-64.3073,-42.2231],[-64.3035,-42.2224],[-64.2995,-42.2218],[-64.2978,-42.2217],[-64.2933,-42.2209],[-64.2911,-42.2206],[-64.2887,-42.2203],[-64.2858,-42.2199],[-64.2839,-42.2196],[-64.2814,-42.2193],[-64.2781,-42.2188],[-64.2749,-42.2182],[-64.2716,-42.218],[-64.2672,-42.2174],[-64.2629,-42.2169],[-64.2566,-42.2159],[-64.2533,-42.2155],[-64.2503,-42.215],[-64.2466,-42.2143],[-64.2456,-42.2142],[-64.2422,-42.2136],[-64.238,-42.2129],[-64.2354,-42.2125],[-64.2303,-42.2115],[-64.2259,-42.2108],[-64.2211,-42.2098],[-64.2187,-42.2094],[-64.2165,-42.2092],[-64.2114,-42.2082],[-64.2076,-42.2076],[-64.2024,-42.2066],[-64.1979,-42.2057],[-64.1933,-42.2051],[-64.1893,-42.2046],[-64.1847,-42.2036],[-64.1826,-42.2033],[-64.1743,-42.2017],[-64.1671,-42.2004],[-64.1597,-42.199],[-64.1559,-42.1986],[-64.1511,-42.1978],[-64.148,-42.1974],[-64.1436,-42.1966],[-64.1405,-42.1958],[-64.1404,-42.1958],[-64.1387,-42.1954],[-64.1348,-42.1944],[-64.1302,-42.193],[-64.1267,-42.192],[-64.1249,-42.1915],[-64.1247,-42.1909],[-64.1225,-42.1907],[-64.118,-42.1893],[-64.1167,-42.1887],[-64.1165,-42.1882],[-64.1164,-42.1878],[-64.1159,-42.188],[-64.1157,-42.188],[-64.1113,-42.1867],[-64.1095,-42.1859],[-64.1081,-42.1854],[-64.1078,-42.1847],[-64.1065,-42.1842],[-64.1064,-42.1842],[-64.1058,-42.1842],[-64.1058,-42.1842],[-64.1058,-42.1842],[-64.1057,-42.1835],[-64.1053,-42.1832],[-64.1046,-42.1835],[-64.1039,-42.1837],[-64.1033,-42.1838],[-64.1019,-42.1838],[-64.1001,-42.1838],[-64.0976,-42.1834],[-64.0961,-42.1825],[-64.0943,-42.1821],[-64.0938,-42.1819],[-64.0925,-42.1814],[-64.0908,-42.1808],[-64.0907,-42.1808],[-64.0881,-42.1799],[-64.0872,-42.1797],[-64.0862,-42.179],[-64.0857,-42.1786],[-64.0852,-42.1791],[-64.0841,-42.1793],[-64.0824,-42.1802],[-64.0818,-42.1799],[-64.081,-42.1795],[-64.0793,-42.1793],[-64.0771,-42.1788],[-64.0751,-42.1783],[-64.071,-42.1765],[-64.069,-42.1758],[-64.0644,-42.1737],[-64.0636,-42.1731],[-64.0637,-42.1725],[-64.0628,-42.1727],[-64.062,-42.1723],[-64.0613,-42.1717],[-64.0616,-42.1707],[-64.0618,-42.1699],[-64.0609,-42.1699],[-64.0606,-42.1694],[-64.0603,-42.1686],[-64.0586,-42.1682],[-64.0572,-42.1676],[-64.057,-42.1675],[-64.0561,-42.1668],[-64.0558,-42.1662],[-64.0562,-42.1654],[-64.0564,-42.165],[-64.0568,-42.1641],[-64.0566,-42.1634],[-64.0563,-42.1634],[-64.0556,-42.1635],[-64.0546,-42.163],[-64.0541,-42.1631],[-64.0538,-42.164],[-64.0535,-42.1649],[-64.0528,-42.1653],[-64.052,-42.1652],[-64.0505,-42.1651],[-64.0503,-42.1655],[-64.0496,-42.1656],[-64.0491,-42.1657],[-64.0484,-42.1662],[-64.0466,-42.1659],[-64.0438,-42.1652],[-64.0414,-42.1645],[-64.0393,-42.1632],[-64.0383,-42.1625],[-64.0378,-42.1615],[-64.0371,-42.1614],[-64.0364,-42.1609],[-64.0357,-42.1604],[-64.0355,-42.1599],[-64.0352,-42.1593],[-64.0354,-42.1588],[-64.0357,-42.1583],[-64.0357,-42.1583],[-64.0361,-42.1581],[-64.0353,-42.1574],[-64.0352,-42.1574],[-64.0345,-42.157],[-64.0343,-42.156],[-64.0345,-42.1554],[-64.0346,-42.1553],[-64.0355,-42.1545],[-64.0364,-42.1537],[-64.036,-42.1538],[-64.0356,-42.1539],[-64.0344,-42.1547],[-64.0338,-42.1551],[-64.0334,-42.1553],[-64.0321,-42.1551],[-64.0308,-42.1545],[-64.0301,-42.1541],[-64.0269,-42.1524],[-64.0259,-42.1517],[-64.0255,-42.1512],[-64.0254,-42.1501],[-64.0256,-42.1498],[-64.026,-42.1492],[-64.0266,-42.1486],[-64.0273,-42.1476],[-64.0269,-42.1477],[-64.0259,-42.1477],[-64.024,-42.1478],[-64.0229,-42.148],[-64.0224,-42.1476],[-64.0224,-42.1475],[-64.0224,-42.1476],[-64.0218,-42.1481],[-64.0209,-42.1483],[-64.0201,-42.1482],[-64.019,-42.1479],[-64.0184,-42.1476],[-64.0173,-42.1474],[-64.0159,-42.1476],[-64.015,-42.1475],[-64.0138,-42.1472],[-64.0114,-42.1462],[-64.0096,-42.1454],[-64.0076,-42.1447],[-64.0066,-42.1441],[-64.0057,-42.1435],[-64.0056,-42.1432],[-64.0052,-42.1429],[-64.0051,-42.1425],[-64.0051,-42.1422],[-64.0052,-42.1421],[-64.0046,-42.142],[-64.0023,-42.1416],[-64.001,-42.1413],[-63.9986,-42.1403],[-63.9968,-42.1403],[-63.9955,-42.1403],[-63.9944,-42.1402],[-63.993,-42.1399],[-63.9909,-42.1392],[-63.9875,-42.1374],[-63.9868,-42.1368],[-63.9864,-42.1365],[-63.9862,-42.1356],[-63.9825,-42.1341],[-63.9818,-42.1336],[-63.9814,-42.1327],[-63.9812,-42.1323],[-63.9809,-42.1315],[-63.9797,-42.1312],[-63.9794,-42.131],[-63.9788,-42.1302],[-63.9787,-42.13],[-63.9783,-42.1289],[-63.9783,-42.1286],[-63.9784,-42.1276],[-63.9782,-42.1276],[-63.9777,-42.1278],[-63.9763,-42.1274],[-63.9761,-42.1266],[-63.9763,-42.1265],[-63.9768,-42.1263],[-63.9768,-42.126],[-63.9767,-42.1251],[-63.9755,-42.1242],[-63.9755,-42.1242],[-63.9755,-42.1242],[-63.975,-42.124],[-63.9743,-42.1238],[-63.9742,-42.1238],[-63.9734,-42.1239],[-63.972,-42.1233],[-63.9719,-42.1232],[-63.9718,-42.1232],[-63.9708,-42.1231],[-63.9701,-42.1226],[-63.9697,-42.1221],[-63.9697,-42.1211],[-63.9695,-42.1202],[-63.9698,-42.1196],[-63.9699,-42.1194],[-63.9698,-42.1183],[-63.9686,-42.1174],[-63.968,-42.1171],[-63.9678,-42.117],[-63.9676,-42.1168],[-63.9671,-42.1159],[-63.9663,-42.1156],[-63.9656,-42.1153],[-63.9648,-42.1146],[-63.9638,-42.1145],[-63.9633,-42.1149],[-63.9624,-42.1154],[-63.9607,-42.1154],[-63.9593,-42.1148],[-63.9583,-42.1153],[-63.9576,-42.1157],[-63.9565,-42.1159],[-63.955,-42.1159],[-63.9531,-42.1154],[-63.9518,-42.1144],[-63.9502,-42.1138],[-63.949,-42.1139],[-63.9478,-42.1139],[-63.9463,-42.114],[-63.9449,-42.114],[-63.9441,-42.1138],[-63.9433,-42.1138],[-63.9429,-42.1137],[-63.9427,-42.1134],[-63.9421,-42.1131],[-63.9416,-42.1132],[-63.9408,-42.1126],[-63.9401,-42.1119],[-63.9385,-42.1103],[-63.9381,-42.1097],[-63.9379,-42.1092],[-63.9378,-42.1089],[-63.9384,-42.1079],[-63.9386,-42.1075],[-63.9391,-42.1067],[-63.9389,-42.1059],[-63.9382,-42.1054],[-63.9378,-42.1046],[-63.9376,-42.1047],[-63.9368,-42.105],[-63.9353,-42.1049],[-63.9353,-42.1043],[-63.9353,-42.1042],[-63.935,-42.1033],[-63.9346,-42.1039],[-63.9346,-42.104],[-63.9338,-42.1043],[-63.9313,-42.1041],[-63.9294,-42.1035],[-63.9281,-42.1026],[-63.9266,-42.102],[-63.9255,-42.1017],[-63.9242,-42.1014],[-63.9233,-42.1012],[-63.9197,-42.0998],[-63.9173,-42.0987],[-63.9161,-42.0981],[-63.9154,-42.0977],[-63.9134,-42.097],[-63.9129,-42.0969],[-63.9114,-42.0963],[-63.9094,-42.0954],[-63.9076,-42.0948],[-63.9053,-42.0947],[-63.9026,-42.0939],[-63.9011,-42.0936],[-63.8994,-42.0925],[-63.8981,-42.0914],[-63.8967,-42.0907],[-63.8963,-42.0905],[-63.8895,-42.0877],[-63.8842,-42.0864],[-63.8794,-42.085],[-63.8761,-42.0841],[-63.8737,-42.0839],[-63.8706,-42.0835],[-63.8685,-42.0831],[-63.867,-42.0831],[-63.8651,-42.0827],[-63.8632,-42.082],[-63.8583,-42.0811],[-63.8569,-42.0808],[-63.8546,-42.0798],[-63.8474,-42.0782],[-63.8452,-42.078],[-63.8424,-42.0776],[-63.8407,-42.0777],[-63.8396,-42.0778],[-63.8384,-42.078],[-63.8331,-42.0771],[-63.8264,-42.0759],[-63.8219,-42.0748],[-63.8175,-42.0739],[-63.8154,-42.0734],[-63.81,-42.073],[-63.8078,-42.0728],[-63.8063,-42.0726],[-63.8047,-42.0724],[-63.8016,-42.0722],[-63.8007,-42.0721],[-63.7976,-42.0721],[-63.7946,-42.0727],[-63.7899,-42.0737],[-63.7824,-42.0743],[-63.7789,-42.0738],[-63.7768,-42.0737],[-63.7756,-42.0737],[-63.7731,-42.0735],[-63.7707,-42.0737],[-63.7703,-42.0738],[-63.7703,-42.0738],[-63.7703,-42.0738],[-63.7688,-42.0742],[-63.7679,-42.0745],[-63.7637,-42.0754],[-63.7614,-42.0761],[-63.7599,-42.0761],[-63.7595,-42.0761],[-63.759,-42.0764],[-63.759,-42.0764],[-63.7578,-42.0771],[-63.7569,-42.0784],[-63.7564,-42.079],[-63.7552,-42.0808],[-63.754,-42.0817],[-63.7531,-42.0822],[-63.7501,-42.0851],[-63.7496,-42.0866],[-63.7479,-42.0881],[-63.7463,-42.09],[-63.7441,-42.0923],[-63.7426,-42.0939],[-63.7408,-42.0963],[-63.7391,-42.0978],[-63.7384,-42.0995],[-63.7371,-42.1018],[-63.7359,-42.1034],[-63.7336,-42.1096],[-63.7314,-42.1136],[-63.7295,-42.1172],[-63.7281,-42.1207],[-63.7271,-42.1226],[-63.7237,-42.1313],[-63.7203,-42.1406],[-63.7161,-42.1509],[-63.7128,-42.1564],[-63.7091,-42.16],[-63.7075,-42.162],[-63.706,-42.1641],[-63.7046,-42.1663],[-63.7036,-42.1687],[-63.7033,-42.172],[-63.7023,-42.1753],[-63.7012,-42.1781],[-63.6998,-42.1817],[-63.6974,-42.1866],[-63.6935,-42.1932],[-63.6902,-42.1984],[-63.6862,-42.2051],[-63.6849,-42.2073],[-63.6769,-42.2187],[-63.671,-42.2257],[-63.6639,-42.2337],[-63.6527,-42.2451],[-63.6489,-42.249],[-63.6458,-42.2525],[-63.6377,-42.2615],[-63.6314,-42.2695],[-63.6266,-42.2755],[-63.62,-42.2839],[-63.6168,-42.2885],[-63.6129,-42.295],[-63.6114,-42.2973],[-63.6086,-42.3023],[-63.6067,-42.3065],[-63.6046,-42.3114],[-63.6038,-42.3134],[-63.603,-42.3154],[-63.6025,-42.3174],[-63.6013,-42.3216],[-63.5999,-42.3271],[-63.5986,-42.3302],[-63.5984,-42.334],[-63.5989,-42.3379],[-63.5994,-42.3413],[-63.5996,-42.3442],[-63.5994,-42.3491],[-63.5996,-42.3548],[-63.5996,-42.3581],[-63.6003,-42.3604],[-63.6014,-42.3638],[-63.603,-42.3687],[-63.6036,-42.3723],[-63.6051,-42.3783],[-63.6069,-42.3953],[-63.6071,-42.3966],[-63.6071,-42.3973],[-63.6075,-42.4026],[-63.6085,-42.41],[-63.6085,-42.4138],[-63.6087,-42.4186],[-63.6088,-42.4247],[-63.6087,-42.4307],[-63.6086,-42.4364],[-63.6083,-42.4426],[-63.6073,-42.4517],[-63.6069,-42.4547],[-63.6061,-42.4634],[-63.6058,-42.4706],[-63.6058,-42.4783],[-63.6057,-42.4788],[-63.6053,-42.4824],[-63.6047,-42.4863],[-63.6046,-42.489],[-63.6046,-42.4892],[-63.605,-42.4911],[-63.6054,-42.4918],[-63.6054,-42.4926],[-63.6039,-42.4944],[-63.6034,-42.4959],[-63.6046,-42.4989],[-63.6038,-42.501],[-63.6027,-42.5018],[-63.6024,-42.5021],[-63.6,-42.5034],[-63.599,-42.5059],[-63.5993,-42.5084],[-63.5993,-42.5102],[-63.5993,-42.5104],[-63.599,-42.5123],[-63.5995,-42.5139],[-63.6007,-42.5158],[-63.6016,-42.5166],[-63.6028,-42.5185],[-63.6035,-42.5199],[-63.6037,-42.5223],[-63.6041,-42.5251],[-63.6041,-42.5283],[-63.6043,-42.531],[-63.6038,-42.5335],[-63.6035,-42.5352],[-63.6036,-42.5368],[-63.6037,-42.5375],[-63.6042,-42.5412],[-63.6043,-42.5446],[-63.6041,-42.5472],[-63.603,-42.5494],[-63.6021,-42.5523],[-63.6009,-42.5541],[-63.5996,-42.5563],[-63.599,-42.559],[-63.5981,-42.562],[-63.5966,-42.5647],[-63.5945,-42.5675],[-63.5922,-42.5693],[-63.59,-42.5707],[-63.5899,-42.5717],[-63.5895,-42.5725],[-63.5896,-42.5745],[-63.5893,-42.576],[-63.5889,-42.5774],[-63.5891,-42.5784],[-63.5895,-42.5804],[-63.5895,-42.5823],[-63.5892,-42.5844],[-63.5886,-42.5866],[-63.5881,-42.5888],[-63.5878,-42.5896],[-63.5862,-42.5911],[-63.5855,-42.5923],[-63.5849,-42.5934],[-63.5848,-42.5942],[-63.5853,-42.595],[-63.5859,-42.596],[-63.5861,-42.597],[-63.5868,-42.5978],[-63.5869,-42.5985],[-63.5873,-42.5995],[-63.5872,-42.6012],[-63.5867,-42.6026],[-63.5857,-42.604],[-63.5841,-42.6052],[-63.5832,-42.6063],[-63.5828,-42.6073],[-63.5832,-42.6081],[-63.5839,-42.6089],[-63.584,-42.6098],[-63.584,-42.6105],[-63.5843,-42.6111],[-63.5842,-42.6121],[-63.5848,-42.6134],[-63.5857,-42.615],[-63.5873,-42.6158],[-63.5894,-42.6173],[-63.592,-42.6189],[-63.5952,-42.6209],[-63.5985,-42.6231],[-63.6006,-42.6245],[-63.6017,-42.6255],[-63.6039,-42.6275],[-63.6052,-42.6293],[-63.6063,-42.6313],[-63.6066,-42.6327],[-63.607,-42.6349],[-63.6075,-42.6367],[-63.608,-42.6383],[-63.6085,-42.6413],[-63.6095,-42.6435],[-63.6109,-42.6466],[-63.6125,-42.6493],[-63.6133,-42.6502],[-63.6143,-42.6515],[-63.6162,-42.6538],[-63.617,-42.6547],[-63.6181,-42.6566],[-63.6192,-42.6586],[-63.6195,-42.66],[-63.6196,-42.6616],[-63.6192,-42.6624],[-63.6184,-42.663],[-63.618,-42.6635],[-63.6182,-42.6646],[-63.6189,-42.6659],[-63.6196,-42.6669],[-63.6204,-42.6684],[-63.6212,-42.6707],[-63.6217,-42.6724],[-63.6221,-42.6739],[-63.6218,-42.6752],[-63.6223,-42.6761],[-63.6232,-42.6768],[-63.6243,-42.6775],[-63.6258,-42.6784],[-63.6267,-42.68],[-63.6276,-42.6818],[-63.6283,-42.6833],[-63.6292,-42.6847],[-63.6301,-42.6861],[-63.631,-42.6882],[-63.6319,-42.6896],[-63.633,-42.6912],[-63.6354,-42.6935],[-63.637,-42.695],[-63.638,-42.6963],[-63.6388,-42.6974],[-63.6398,-42.6998],[-63.64,-42.701],[-63.6401,-42.7025],[-63.6397,-42.7029],[-63.639,-42.7032],[-63.6388,-42.7034],[-63.6394,-42.7037],[-63.6401,-42.7049],[-63.6405,-42.7062],[-63.6411,-42.7077],[-63.6414,-42.7093],[-63.6416,-42.7106],[-63.6413,-42.712],[-63.6407,-42.7126],[-63.6406,-42.7132],[-63.641,-42.7133],[-63.6408,-42.7143],[-63.6408,-42.7147],[-63.6412,-42.715],[-63.6411,-42.7156],[-63.6406,-42.7161],[-63.6382,-42.7176],[-63.6374,-42.7179],[-63.6376,-42.7182],[-63.6372,-42.7187],[-63.6368,-42.7189],[-63.6366,-42.7191],[-63.6362,-42.7198],[-63.6364,-42.72],[-63.6369,-42.7203],[-63.6372,-42.7209],[-63.6372,-42.722],[-63.6376,-42.7228],[-63.6379,-42.7237],[-63.6379,-42.7244],[-63.638,-42.7257],[-63.6381,-42.7267],[-63.6381,-42.728],[-63.6381,-42.7302],[-63.6376,-42.7312],[-63.6367,-42.732],[-63.6369,-42.7325],[-63.6372,-42.7328],[-63.6371,-42.7338],[-63.6376,-42.7342],[-63.6375,-42.7354],[-63.637,-42.7364],[-63.6369,-42.7366],[-63.6362,-42.7369],[-63.6362,-42.7369],[-63.6353,-42.7369],[-63.6345,-42.7373],[-63.6341,-42.7377],[-63.6339,-42.7382],[-63.6342,-42.7385],[-63.6341,-42.7387],[-63.6341,-42.7392],[-63.6336,-42.7397],[-63.6331,-42.7397],[-63.6327,-42.7397],[-63.6314,-42.7395],[-63.6303,-42.7395],[-63.6303,-42.7399],[-63.6311,-42.7403],[-63.6321,-42.7405],[-63.6333,-42.7405],[-63.6337,-42.7407],[-63.6342,-42.7409],[-63.6344,-42.7411],[-63.6347,-42.7416],[-63.6351,-42.7426],[-63.6351,-42.7433],[-63.6351,-42.7444],[-63.6352,-42.7456],[-63.6351,-42.7469],[-63.6349,-42.7479],[-63.6348,-42.7489],[-63.6347,-42.7498],[-63.6344,-42.7506],[-63.6337,-42.7509],[-63.6331,-42.7511],[-63.6332,-42.7515],[-63.6327,-42.752],[-63.6322,-42.7524],[-63.6319,-42.7531],[-63.631,-42.7538],[-63.6306,-42.7545],[-63.6305,-42.7549],[-63.6303,-42.7557],[-63.6301,-42.757],[-63.6298,-42.7574],[-63.6303,-42.7579],[-63.6306,-42.7585],[-63.6306,-42.7592],[-63.631,-42.7595],[-63.6314,-42.7599],[-63.6324,-42.7607],[-63.6328,-42.7616],[-63.633,-42.7625],[-63.6327,-42.7635],[-63.6319,-42.7636],[-63.6305,-42.7642],[-63.63,-42.7646],[-63.6302,-42.765],[-63.6307,-42.7652],[-63.6317,-42.7652],[-63.6325,-42.7652],[-63.633,-42.7656],[-63.6333,-42.766],[-63.6338,-42.7662],[-63.6339,-42.7661],[-63.6346,-42.7666],[-63.6349,-42.7672],[-63.6352,-42.7674],[-63.6355,-42.7672],[-63.6366,-42.7681],[-63.6367,-42.7685],[-63.6367,-42.7691],[-63.637,-42.7691],[-63.6375,-42.769],[-63.6381,-42.7691],[-63.6389,-42.7695],[-63.6394,-42.7694],[-63.64,-42.7688],[-63.6405,-42.7689],[-63.6411,-42.7687],[-63.6422,-42.7694],[-63.6436,-42.7696],[-63.646,-42.77],[-63.6481,-42.7711],[-63.6493,-42.7722],[-63.6504,-42.773],[-63.6514,-42.7744],[-63.6527,-42.7758],[-63.653,-42.7772],[-63.6534,-42.7781],[-63.6549,-42.7786],[-63.6568,-42.7783],[-63.6587,-42.7777],[-63.6603,-42.7774],[-63.6613,-42.7773],[-63.6624,-42.7778],[-63.6632,-42.7785],[-63.6634,-42.7786],[-63.664,-42.7791],[-63.6645,-42.7802],[-63.6652,-42.7814],[-63.6657,-42.7828],[-63.6663,-42.7834],[-63.6663,-42.7835],[-63.6677,-42.784],[-63.6697,-42.7843],[-63.6712,-42.7848],[-63.6724,-42.7855],[-63.6729,-42.7857],[-63.6738,-42.7863],[-63.6745,-42.7866],[-63.6756,-42.7872],[-63.6758,-42.7879],[-63.6764,-42.7882],[-63.6774,-42.7886],[-63.6779,-42.7893],[-63.678,-42.7899],[-63.678,-42.7904],[-63.678,-42.7906],[-63.6777,-42.7914],[-63.6773,-42.792],[-63.6779,-42.7923],[-63.6788,-42.7928],[-63.6796,-42.7926],[-63.6808,-42.7923],[-63.6821,-42.7923],[-63.6858,-42.7926],[-63.6883,-42.793],[-63.6911,-42.7941],[-63.6922,-42.7947],[-63.6935,-42.7949],[-63.6951,-42.7951],[-63.6966,-42.7953],[-63.6984,-42.7957],[-63.7005,-42.7964],[-63.7025,-42.7976],[-63.704,-42.7988],[-63.7045,-42.7997],[-63.7052,-42.8009],[-63.7066,-42.8018],[-63.708,-42.8027],[-63.7097,-42.8038],[-63.7117,-42.804],[-63.7131,-42.8035],[-63.7143,-42.8031],[-63.7162,-42.8034],[-63.7187,-42.8043],[-63.7207,-42.8056],[-63.7215,-42.8066],[-63.7227,-42.8075],[-63.7236,-42.8081],[-63.7242,-42.8087],[-63.7251,-42.8097],[-63.7256,-42.8104],[-63.7265,-42.8109],[-63.7274,-42.8111],[-63.7286,-42.811],[-63.7296,-42.8109],[-63.7307,-42.8114],[-63.7317,-42.8119],[-63.7323,-42.8125],[-63.7329,-42.8128],[-63.7345,-42.8127],[-63.7363,-42.8129],[-63.7382,-42.813],[-63.7392,-42.8131],[-63.7393,-42.8125],[-63.7395,-42.8117],[-63.7405,-42.8111],[-63.7428,-42.8106],[-63.7437,-42.8103],[-63.7453,-42.8102],[-63.7464,-42.8099],[-63.7483,-42.8099],[-63.7506,-42.8097],[-63.7527,-42.8099],[-63.7547,-42.8101],[-63.7564,-42.81],[-63.7578,-42.8104],[-63.7597,-42.8103],[-63.7613,-42.8104],[-63.7629,-42.8109],[-63.764,-42.8112],[-63.7649,-42.8117],[-63.7668,-42.812],[-63.771,-42.8125],[-63.7731,-42.8123],[-63.7747,-42.8122],[-63.7778,-42.8125],[-63.7801,-42.813],[-63.7824,-42.813],[-63.7852,-42.8133],[-63.7882,-42.8137],[-63.7905,-42.8141],[-63.7921,-42.8146],[-63.7942,-42.815],[-63.7959,-42.8153],[-63.7975,-42.8156],[-63.7979,-42.8163],[-63.7979,-42.8163],[-63.7981,-42.8164],[-63.7993,-42.8167],[-63.7999,-42.8173],[-63.8009,-42.8174],[-63.803,-42.8178],[-63.8048,-42.8184],[-63.807,-42.8188],[-63.808,-42.8192],[-63.8092,-42.8196],[-63.8102,-42.8202],[-63.8109,-42.8207],[-63.8107,-42.8217],[-63.8107,-42.8218],[-63.8105,-42.8225],[-63.8108,-42.823],[-63.811,-42.8231],[-63.8114,-42.8234],[-63.8125,-42.823],[-63.814,-42.8226],[-63.8148,-42.8226],[-63.8159,-42.8228],[-63.8169,-42.8224],[-63.8176,-42.8223],[-63.8182,-42.8224],[-63.8191,-42.8222],[-63.8196,-42.8225],[-63.8205,-42.8231],[-63.8212,-42.8234],[-63.8221,-42.8232],[-63.8235,-42.8234],[-63.826,-42.8246],[-63.8268,-42.8243],[-63.8278,-42.8236],[-63.83,-42.8237],[-63.8307,-42.8238],[-63.8317,-42.8237],[-63.8327,-42.8237],[-63.8344,-42.8241],[-63.8358,-42.8244],[-63.8376,-42.8249],[-63.8397,-42.8256],[-63.8413,-42.8262],[-63.8423,-42.8271],[-63.8428,-42.8279],[-63.8444,-42.8285],[-63.8465,-42.828],[-63.8481,-42.828],[-63.8501,-42.8277],[-63.852,-42.8281],[-63.8544,-42.8283],[-63.857,-42.8289],[-63.8591,-42.8293],[-63.8622,-42.8301],[-63.8659,-42.8309],[-63.8684,-42.8314],[-63.8704,-42.832],[-63.8721,-42.833],[-63.8738,-42.8342],[-63.8751,-42.835],[-63.876,-42.8353],[-63.877,-42.8351],[-63.8781,-42.8347],[-63.8797,-42.8346],[-63.8833,-42.8352],[-63.8859,-42.8353],[-63.8895,-42.8357],[-63.8918,-42.8362],[-63.8944,-42.8362],[-63.8977,-42.8361],[-63.9014,-42.8365],[-63.9041,-42.8367],[-63.905,-42.8364],[-63.9053,-42.8366],[-63.9054,-42.837],[-63.9063,-42.8371],[-63.907,-42.8367],[-63.9079,-42.8369],[-63.9088,-42.8374],[-63.9091,-42.8379],[-63.9089,-42.8384],[-63.909,-42.8387],[-63.9091,-42.839],[-63.9096,-42.8394],[-63.9105,-42.8395],[-63.9106,-42.8395],[-63.9117,-42.8397],[-63.9125,-42.8404],[-63.9126,-42.8406],[-63.9131,-42.8409],[-63.9131,-42.8409],[-63.914,-42.8411],[-63.9148,-42.8414],[-63.9165,-42.8425],[-63.9169,-42.8429],[-63.9187,-42.8437],[-63.9207,-42.8437],[-63.9225,-42.8431],[-63.9244,-42.8423],[-63.9258,-42.8421],[-63.9293,-42.8421],[-63.9324,-42.842],[-63.9337,-42.8419],[-63.9351,-42.8422],[-63.9364,-42.8421],[-63.9384,-42.8421],[-63.94,-42.8425],[-63.9421,-42.8429],[-63.9438,-42.8432],[-63.946,-42.8434],[-63.9479,-42.8435],[-63.9505,-42.844],[-63.9522,-42.8445],[-63.9534,-42.8445],[-63.9549,-42.8448],[-63.9571,-42.8455],[-63.9589,-42.8461],[-63.961,-42.8467],[-63.9627,-42.8469],[-63.9633,-42.847],[-63.9641,-42.8472],[-63.9649,-42.8477],[-63.9653,-42.8482],[-63.9656,-42.8491],[-63.9662,-42.8497],[-63.9668,-42.8502],[-63.9677,-42.8502],[-63.9682,-42.8495],[-63.9689,-42.8491],[-63.9705,-42.8489],[-63.9726,-42.8491],[-63.9744,-42.8494],[-63.9756,-42.8496],[-63.9787,-42.85],[-63.9806,-42.8502],[-63.9837,-42.851],[-63.9862,-42.8516],[-63.99,-42.8524],[-63.9921,-42.8534],[-63.9937,-42.8547],[-63.9944,-42.855],[-63.9961,-42.8547],[-63.998,-42.8547],[-64.0001,-42.8552],[-64.0014,-42.8556],[-64.0022,-42.8561],[-64.0028,-42.8569],[-64.003,-42.8571],[-64.0033,-42.8573],[-64.0041,-42.8576],[-64.0046,-42.8578],[-64.0061,-42.8582],[-64.0068,-42.8587],[-64.0086,-42.8596],[-64.0099,-42.8601],[-64.0109,-42.8605],[-64.0131,-42.8605],[-64.0152,-42.8604],[-64.0175,-42.8609],[-64.0202,-42.8619],[-64.0223,-42.8624],[-64.024,-42.8631],[-64.0253,-42.863],[-64.0272,-42.8628],[-64.0296,-42.863],[-64.031,-42.8631],[-64.0319,-42.8632],[-64.0331,-42.8634],[-64.0349,-42.8635],[-64.0361,-42.8636],[-64.0387,-42.864],[-64.0404,-42.864],[-64.0432,-42.8647],[-64.045,-42.8648],[-64.0471,-42.865],[-64.0488,-42.8653],[-64.0507,-42.8657],[-64.0522,-42.8659],[-64.0545,-42.8666],[-64.0566,-42.8668],[-64.0588,-42.8669],[-64.0607,-42.8674],[-64.0624,-42.8677],[-64.0648,-42.868],[-64.0659,-42.8683],[-64.0672,-42.8686],[-64.0688,-42.8692],[-64.0705,-42.8696],[-64.0714,-42.8697],[-64.0728,-42.8698],[-64.0738,-42.8702],[-64.0751,-42.8704],[-64.0765,-42.8706],[-64.0779,-42.8714],[-64.0791,-42.8719],[-64.0812,-42.8724],[-64.0823,-42.8727],[-64.0832,-42.8734],[-64.0847,-42.8737],[-64.0868,-42.8736],[-64.0881,-42.8732],[-64.091,-42.8735],[-64.0935,-42.8743],[-64.0948,-42.8751],[-64.0961,-42.8762],[-64.0971,-42.8767],[-64.0984,-42.8765],[-64.0992,-42.8764],[-64.1002,-42.8764],[-64.1016,-42.8767],[-64.103,-42.8771],[-64.1041,-42.8777],[-64.1055,-42.8782],[-64.107,-42.8785],[-64.108,-42.8784],[-64.1096,-42.8788],[-64.1105,-42.8789],[-64.1122,-42.8782],[-64.1129,-42.8783],[-64.115,-42.8779],[-64.116,-42.8777],[-64.1176,-42.8777],[-64.1194,-42.8775],[-64.1214,-42.8768],[-64.123,-42.8768],[-64.1247,-42.8773],[-64.1268,-42.8773],[-64.1289,-42.8773],[-64.1299,-42.8767],[-64.1312,-42.8764],[-64.1328,-42.8759],[-64.1337,-42.8758],[-64.1343,-42.8758],[-64.1352,-42.8756],[-64.1363,-42.8752],[-64.1375,-42.8748],[-64.1381,-42.8746],[-64.14,-42.8746],[-64.1415,-42.8744],[-64.1432,-42.8742],[-64.1443,-42.874],[-64.1452,-42.8738],[-64.1456,-42.8729],[-64.1458,-42.8725],[-64.1462,-42.8719],[-64.1463,-42.8711],[-64.147,-42.8706],[-64.1476,-42.8697],[-64.1482,-42.8687],[-64.1493,-42.8678],[-64.15,-42.8672],[-64.1509,-42.8665],[-64.1517,-42.8663],[-64.1532,-42.8658],[-64.1543,-42.8654],[-64.155,-42.8647],[-64.1555,-42.8637],[-64.1557,-42.8628],[-64.1563,-42.8616],[-64.1567,-42.8605],[-64.1564,-42.8599],[-64.1567,-42.8589],[-64.1577,-42.858],[-64.1582,-42.8574],[-64.1592,-42.8569],[-64.1597,-42.8567],[-64.1608,-42.8562],[-64.1623,-42.8552],[-64.1637,-42.8545],[-64.1654,-42.8538],[-64.1663,-42.8535],[-64.1675,-42.8531],[-64.1688,-42.8523],[-64.1701,-42.8503],[-64.1713,-42.8491],[-64.173,-42.8485],[-64.1744,-42.8478],[-64.1759,-42.8471],[-64.1772,-42.8465],[-64.1778,-42.8457],[-64.1787,-42.8445],[-64.1799,-42.8436],[-64.1809,-42.8429],[-64.1822,-42.8424],[-64.1837,-42.8416],[-64.1841,-42.8409],[-64.1852,-42.8394],[-64.1869,-42.8377],[-64.1881,-42.8368],[-64.1893,-42.8363],[-64.1903,-42.8351],[-64.1916,-42.834],[-64.1924,-42.8333],[-64.1937,-42.8327],[-64.1941,-42.8328],[-64.1939,-42.8318],[-64.1939,-42.8306],[-64.1944,-42.8281],[-64.1952,-42.8263],[-64.1973,-42.8249],[-64.1983,-42.824],[-64.1997,-42.8224],[-64.2008,-42.8211],[-64.2022,-42.8205],[-64.2034,-42.8197],[-64.204,-42.8183],[-64.205,-42.8164],[-64.2062,-42.8149],[-64.2071,-42.814],[-64.2082,-42.8127],[-64.209,-42.8112],[-64.21,-42.8102],[-64.2113,-42.8089],[-64.2133,-42.8076],[-64.2152,-42.8063],[-64.2161,-42.8053],[-64.2172,-42.8037],[-64.2191,-42.8019],[-64.2209,-42.8008],[-64.2239,-42.7989],[-64.2256,-42.7979],[-64.2277,-42.7967],[-64.2296,-42.7951],[-64.2343,-42.7912],[-64.2369,-42.7889],[-64.2399,-42.7857],[-64.242,-42.7832],[-64.2437,-42.7807],[-64.2454,-42.7777],[-64.2466,-42.7763],[-64.2486,-42.7739],[-64.2505,-42.771],[-64.2526,-42.7674],[-64.2536,-42.7652],[-64.2559,-42.7579],[-64.2582,-42.7519],[-64.26,-42.747],[-64.2604,-42.744],[-64.2591,-42.7398],[-64.2566,-42.7366],[-64.2535,-42.7316],[-64.2511,-42.7263],[-64.2484,-42.7206],[-64.2462,-42.7159],[-64.2454,-42.7129],[-64.2452,-42.7125],[-64.2448,-42.7086],[-64.245,-42.7045],[-64.2451,-42.7014],[-64.2452,-42.6981],[-64.2458,-42.6946],[-64.2465,-42.691],[-64.2469,-42.6878],[-64.2475,-42.6851],[-64.2481,-42.6837],[-64.2492,-42.6832],[-64.2494,-42.683],[-64.2485,-42.6826],[-64.2486,-42.6819],[-64.2479,-42.6804],[-64.2463,-42.6781],[-64.2455,-42.6774],[-64.2445,-42.6762],[-64.2433,-42.6758],[-64.2424,-42.6753],[-64.2411,-42.6743],[-64.2396,-42.6707],[-64.2388,-42.6686],[-64.2383,-42.6673],[-64.238,-42.6655],[-64.238,-42.6643],[-64.2369,-42.6637],[-64.2349,-42.663],[-64.2331,-42.6621],[-64.2315,-42.661],[-64.2304,-42.6597],[-64.229,-42.6565],[-64.2288,-42.6549],[-64.2287,-42.6537],[-64.2279,-42.6519],[-64.2267,-42.6509],[-64.2264,-42.6506],[-64.226,-42.6505],[-64.2242,-42.6501],[-64.2229,-42.6486],[-64.222,-42.6448],[-64.2209,-42.6421],[-64.2202,-42.6406],[-64.219,-42.6387],[-64.2171,-42.6365],[-64.2144,-42.6343],[-64.2121,-42.6324],[-64.2112,-42.6308],[-64.2107,-42.6289],[-64.2106,-42.627],[-64.2111,-42.6254],[-64.2122,-42.6239],[-64.2138,-42.6219],[-64.2149,-42.6214],[-64.2157,-42.6208],[-64.217,-42.6196],[-64.2204,-42.6174],[-64.2207,-42.6171],[-64.2234,-42.6158],[-64.2269,-42.6146],[-64.23,-42.6143],[-64.234,-42.6141],[-64.2379,-42.614],[-64.2399,-42.614],[-64.2405,-42.6139],[-64.2416,-42.6138],[-64.2427,-42.6136],[-64.2446,-42.6137],[-64.2462,-42.6143],[-64.2487,-42.6152],[-64.2512,-42.6159],[-64.2526,-42.6166],[-64.2533,-42.6174],[-64.2538,-42.6181],[-64.2555,-42.6185],[-64.257,-42.6185],[-64.2585,-42.6186],[-64.2597,-42.6184],[-64.2605,-42.618],[-64.2622,-42.6179],[-64.2644,-42.6175],[-64.2658,-42.6179],[-64.2674,-42.6185],[-64.2676,-42.6196],[-64.2675,-42.6198],[-64.2675,-42.6199],[-64.2675,-42.62],[-64.2679,-42.6202],[-64.2682,-42.6198],[-64.2688,-42.6197],[-64.2687,-42.6189],[-64.2691,-42.6183],[-64.2697,-42.6182],[-64.2703,-42.6178],[-64.2708,-42.6178],[-64.2719,-42.6178],[-64.2729,-42.6178],[-64.2734,-42.6177],[-64.2727,-42.6164],[-64.2724,-42.6154],[-64.2718,-42.6147],[-64.2718,-42.6136],[-64.271,-42.6128],[-64.2706,-42.6123],[-64.2688,-42.6119],[-64.2676,-42.611],[-64.2668,-42.6098],[-64.2662,-42.6085],[-64.2656,-42.6058],[-64.2646,-42.6038],[-64.2639,-42.6031],[-64.263,-42.6022],[-64.2615,-42.601],[-64.2608,-42.6004],[-64.26,-42.5997],[-64.2588,-42.5993],[-64.2581,-42.5989],[-64.258,-42.5983],[-64.2582,-42.5979],[-64.2575,-42.5975],[-64.2568,-42.5965],[-64.2569,-42.5962],[-64.2571,-42.595],[-64.2582,-42.5923],[-64.2596,-42.5897],[-64.2628,-42.5856],[-64.2654,-42.5831],[-64.2689,-42.5804],[-64.2701,-42.5795],[-64.2714,-42.5786],[-64.273,-42.578],[-64.2745,-42.5776],[-64.2754,-42.5776],[-64.2767,-42.5779],[-64.2771,-42.5777],[-64.2767,-42.577],[-64.2766,-42.5763],[-64.2767,-42.5754],[-64.2778,-42.5746],[-64.2782,-42.5745],[-64.2797,-42.574],[-64.2815,-42.5735],[-64.2825,-42.5733],[-64.284,-42.5733],[-64.284,-42.5737],[-64.2845,-42.5749],[-64.2849,-42.5754],[-64.2854,-42.5751],[-64.2859,-42.5748],[-64.2874,-42.575],[-64.2886,-42.5753],[-64.2904,-42.5757],[-64.2914,-42.5761],[-64.2915,-42.5762],[-64.2926,-42.5767],[-64.2937,-42.5775],[-64.2942,-42.578],[-64.2941,-42.5787],[-64.2941,-42.5788],[-64.2938,-42.5794],[-64.2937,-42.5795],[-64.2935,-42.58],[-64.2938,-42.5803],[-64.2943,-42.5805],[-64.2947,-42.5805],[-64.2948,-42.5805],[-64.2949,-42.5798],[-64.2951,-42.5796],[-64.2959,-42.5797],[-64.2972,-42.5801],[-64.2978,-42.5803],[-64.2986,-42.5806],[-64.299,-42.581],[-64.2991,-42.5817],[-64.2993,-42.5819],[-64.2996,-42.5821],[-64.3001,-42.5821],[-64.3008,-42.5822],[-64.3011,-42.5819],[-64.3015,-42.5819],[-64.3017,-42.5821],[-64.3018,-42.5825],[-64.3017,-42.583],[-64.3016,-42.5833],[-64.3018,-42.5835],[-64.3021,-42.5834],[-64.3022,-42.5834],[-64.3028,-42.5839],[-64.3032,-42.5844],[-64.3038,-42.5849],[-64.3046,-42.5846],[-64.3053,-42.5848],[-64.3059,-42.5853],[-64.3062,-42.5855],[-64.3067,-42.5858],[-64.3076,-42.586],[-64.309,-42.5859],[-64.3089,-42.5857],[-64.3087,-42.5855],[-64.3088,-42.5852],[-64.3089,-42.585],[-64.3096,-42.5848],[-64.31,-42.5847],[-64.3095,-42.5844],[-64.3095,-42.5841],[-64.3096,-42.5836],[-64.3099,-42.5833],[-64.3102,-42.5831],[-64.3106,-42.5829],[-64.3108,-42.5828],[-64.3102,-42.5827],[-64.3098,-42.5825],[-64.3099,-42.5822],[-64.3102,-42.5818],[-64.3106,-42.5815],[-64.3106,-42.5812],[-64.3105,-42.5807],[-64.3102,-42.5804],[-64.3096,-42.58],[-64.3094,-42.5797],[-64.3093,-42.5791],[-64.3095,-42.5786],[-64.3094,-42.5783],[-64.3093,-42.5774],[-64.3095,-42.577],[-64.3097,-42.5765],[-64.3097,-42.5762],[-64.3091,-42.576],[-64.3093,-42.5757],[-64.3094,-42.575],[-64.3096,-42.5745],[-64.3099,-42.5743],[-64.3097,-42.5737],[-64.3095,-42.5732],[-64.3095,-42.573],[-64.3096,-42.573],[-64.3092,-42.5725],[-64.309,-42.572],[-64.3092,-42.5716],[-64.3095,-42.5716],[-64.3097,-42.5718],[-64.3099,-42.572],[-64.3103,-42.5721],[-64.3105,-42.572],[-64.3104,-42.5715],[-64.31,-42.5713],[-64.31,-42.5709],[-64.3099,-42.5706],[-64.3102,-42.5698],[-64.3106,-42.5695],[-64.3112,-42.5692],[-64.3113,-42.5688],[-64.3116,-42.5685],[-64.3122,-42.568],[-64.3123,-42.5678],[-64.313,-42.5678],[-64.3136,-42.5678],[-64.3139,-42.5678],[-64.3136,-42.5676],[-64.3132,-42.5672],[-64.3131,-42.5669],[-64.3123,-42.5665],[-64.3117,-42.5661],[-64.3116,-42.5653],[-64.3115,-42.5649],[-64.3117,-42.5646],[-64.3118,-42.5645],[-64.3114,-42.5644],[-64.3109,-42.5643],[-64.3099,-42.564],[-64.3089,-42.5634],[-64.3085,-42.5628],[-64.3085,-42.5625],[-64.3087,-42.5623],[-64.3087,-42.5622],[-64.3092,-42.5619],[-64.3094,-42.5617],[-64.3087,-42.5613],[-64.3085,-42.561],[-64.3086,-42.5605],[-64.3089,-42.5602],[-64.3086,-42.5598],[-64.309,-42.559],[-64.3098,-42.5573],[-64.3105,-42.5558],[-64.314,-42.5515],[-64.3173,-42.5481],[-64.3221,-42.5438],[-64.3265,-42.5402],[-64.3299,-42.5379],[-64.3315,-42.537],[-64.3316,-42.537],[-64.334,-42.5357],[-64.3366,-42.5342],[-64.3399,-42.5328],[-64.3437,-42.5315],[-64.3458,-42.531],[-64.3477,-42.5306],[-64.3485,-42.5307],[-64.3497,-42.5309],[-64.3508,-42.5311],[-64.3508,-42.5311],[-64.3519,-42.5309],[-64.3542,-42.5307],[-64.356,-42.5308],[-64.3567,-42.531],[-64.3575,-42.5315],[-64.358,-42.5321],[-64.3583,-42.5327],[-64.3585,-42.5333],[-64.3588,-42.5336],[-64.3594,-42.534],[-64.3603,-42.5342],[-64.3608,-42.534],[-64.3614,-42.534],[-64.3622,-42.5337],[-64.3629,-42.5333],[-64.3638,-42.5328],[-64.365,-42.5323],[-64.3658,-42.532],[-64.3661,-42.5318],[-64.367,-42.5316],[-64.3674,-42.5316],[-64.3678,-42.5315],[-64.3678,-42.5312],[-64.368,-42.5311],[-64.3686,-42.5309],[-64.3692,-42.5307],[-64.37,-42.5302],[-64.3708,-42.5297],[-64.3717,-42.5295],[-64.3722,-42.5292],[-64.3725,-42.529],[-64.3729,-42.5289],[-64.3732,-42.5289],[-64.3734,-42.5286],[-64.3738,-42.5284],[-64.3744,-42.5282],[-64.3748,-42.528],[-64.375,-42.5277],[-64.3754,-42.5273],[-64.3762,-42.5272],[-64.3766,-42.5271],[-64.3769,-42.5269],[-64.3776,-42.5265],[-64.3787,-42.5261],[-64.3796,-42.5259],[-64.3803,-42.5256],[-64.3808,-42.5255],[-64.3814,-42.5252],[-64.3824,-42.525],[-64.383,-42.5247],[-64.3837,-42.5243],[-64.3841,-42.524],[-64.385,-42.5235],[-64.3869,-42.5228],[-64.3888,-42.5221],[-64.39,-42.5216],[-64.3916,-42.521],[-64.3933,-42.5202],[-64.3956,-42.5193],[-64.3976,-42.5184],[-64.401,-42.5172],[-64.4025,-42.5167],[-64.4046,-42.5162],[-64.4066,-42.5156],[-64.4078,-42.5153],[-64.4092,-42.5149],[-64.4099,-42.5148],[-64.4101,-42.5149],[-64.4103,-42.5152],[-64.4104,-42.5156],[-64.4108,-42.5154],[-64.4112,-42.5151],[-64.4124,-42.5146],[-64.4136,-42.5143],[-64.4149,-42.5139],[-64.4173,-42.5133],[-64.419,-42.5128],[-64.421,-42.5125],[-64.4236,-42.512],[-64.4247,-42.5118],[-64.4262,-42.5115],[-64.427,-42.5113],[-64.4283,-42.5111],[-64.4292,-42.5109],[-64.4306,-42.5103],[-64.432,-42.5101],[-64.4348,-42.5097],[-64.4363,-42.5096],[-64.437,-42.5096],[-64.4374,-42.5098],[-64.4379,-42.51],[-64.4386,-42.5099],[-64.4396,-42.5098],[-64.4406,-42.5096],[-64.4417,-42.5095],[-64.4425,-42.5093],[-64.443,-42.509],[-64.4441,-42.5088],[-64.4459,-42.508],[-64.4471,-42.5075],[-64.4484,-42.5074],[-64.4497,-42.5074],[-64.4515,-42.5073],[-64.4528,-42.5071],[-64.4543,-42.5067],[-64.4558,-42.5064],[-64.4579,-42.5059],[-64.4592,-42.5054],[-64.4608,-42.5049],[-64.4626,-42.5043],[-64.4646,-42.5039],[-64.4657,-42.5039],[-64.4677,-42.5037],[-64.4701,-42.5032],[-64.4746,-42.5024],[-64.4781,-42.5021],[-64.4801,-42.5018],[-64.4822,-42.5015],[-64.484,-42.5011],[-64.4866,-42.5008],[-64.4894,-42.5002],[-64.4914,-42.5001],[-64.4935,-42.5003],[-64.4953,-42.5],[-64.4968,-42.4998],[-64.4977,-42.4996],[-64.4992,-42.4994],[-64.4999,-42.4994],[-64.5008,-42.4996],[-64.5017,-42.4995],[-64.5022,-42.4995],[-64.5029,-42.4995],[-64.5033,-42.4996],[-64.5038,-42.4996],[-64.5047,-42.5],[-64.5052,-42.5003],[-64.5063,-42.5001],[-64.5071,-42.4999],[-64.5075,-42.4998],[-64.508,-42.4997],[-64.5083,-42.4995],[-64.5092,-42.4998],[-64.51,-42.4999],[-64.5106,-42.5001],[-64.5109,-42.5003],[-64.5112,-42.5006],[-64.5116,-42.5009],[-64.5122,-42.5012],[-64.5125,-42.5014],[-64.5129,-42.5014],[-64.5132,-42.5013],[-64.5136,-42.5014],[-64.514,-42.5013],[-64.5142,-42.5012],[-64.5144,-42.5014],[-64.5146,-42.5017],[-64.5148,-42.5019],[-64.5151,-42.5017],[-64.5154,-42.5015],[-64.5156,-42.5015],[-64.5162,-42.5015],[-64.5168,-42.5013],[-64.518,-42.5012],[-64.5188,-42.501],[-64.5193,-42.501],[-64.5203,-42.501],[-64.5212,-42.5008],[-64.5229,-42.5003],[-64.5236,-42.5001],[-64.5239,-42.5],[-64.5241,-42.5],[-64.5248,-42.4998],[-64.5249,-42.4994],[-64.5254,-42.4992],[-64.5261,-42.4989],[-64.5265,-42.4989],[-64.5268,-42.499],[-64.5276,-42.4987],[-64.5281,-42.4985],[-64.529,-42.4983],[-64.5294,-42.4982],[-64.5304,-42.498],[-64.5315,-42.4978],[-64.5328,-42.4976],[-64.534,-42.4975],[-64.5356,-42.4973],[-64.5381,-42.4967],[-64.5397,-42.4964],[-64.542,-42.4958],[-64.5448,-42.4951],[-64.5457,-42.4949],[-64.5469,-42.4947],[-64.5497,-42.4941],[-64.5512,-42.4938],[-64.5539,-42.4932],[-64.5555,-42.493],[-64.5562,-42.4929],[-64.5571,-42.4927],[-64.5583,-42.4925],[-64.5597,-42.4921],[-64.5608,-42.4919],[-64.5633,-42.4915],[-64.5641,-42.4911],[-64.5648,-42.4911],[-64.566,-42.4913],[-64.5676,-42.4911],[-64.5693,-42.4911],[-64.57,-42.4907],[-64.5708,-42.4906],[-64.5719,-42.4908],[-64.5728,-42.491],[-64.5749,-42.4909],[-64.577,-42.491],[-64.5778,-42.4909],[-64.5784,-42.4909],[-64.5797,-42.491],[-64.5802,-42.4908],[-64.5808,-42.491],[-64.582,-42.4911],[-64.5825,-42.4911],[-64.5834,-42.4913],[-64.5843,-42.4916],[-64.5856,-42.4918],[-64.5867,-42.492],[-64.5876,-42.4921],[-64.5885,-42.4924],[-64.5895,-42.4926],[-64.59,-42.4928],[-64.5907,-42.493],[-64.591,-42.4932],[-64.5915,-42.4935],[-64.5918,-42.4936],[-64.5922,-42.4938],[-64.5933,-42.4942],[-64.5943,-42.4946],[-64.5948,-42.4951],[-64.5952,-42.4958],[-64.5957,-42.4961],[-64.596,-42.4963],[-64.5963,-42.4965],[-64.5972,-42.4963],[-64.598,-42.4962],[-64.599,-42.4964],[-64.6001,-42.4965],[-64.6013,-42.4965],[-64.602,-42.4966],[-64.6027,-42.4965],[-64.6034,-42.4964],[-64.6048,-42.4964],[-64.6062,-42.4964],[-64.6079,-42.4964],[-64.609,-42.4965],[-64.6101,-42.4965],[-64.6117,-42.4964],[-64.6125,-42.4964],[-64.6139,-42.4965],[-64.6152,-42.4965],[-64.6171,-42.4963],[-64.6185,-42.496],[-64.6202,-42.4958],[-64.6218,-42.4957],[-64.6225,-42.4958],[-64.6236,-42.4958],[-64.6265,-42.496],[-64.6292,-42.4963],[-64.6313,-42.4968],[-64.6339,-42.4975],[-64.6362,-42.4981],[-64.6384,-42.4987],[-64.6399,-42.4993],[-64.6413,-42.4999],[-64.6421,-42.5005],[-64.6425,-42.5009],[-64.6428,-42.5014],[-64.6434,-42.5019],[-64.6438,-42.5024],[-64.6442,-42.5029],[-64.6448,-42.5035],[-64.6452,-42.5037],[-64.6459,-42.5036],[-64.6467,-42.5037],[-64.6475,-42.5037],[-64.6482,-42.5038],[-64.649,-42.5042],[-64.6495,-42.5046],[-64.6497,-42.5051],[-64.6499,-42.5053],[-64.6503,-42.5051],[-64.6509,-42.505],[-64.6513,-42.5048],[-64.6526,-42.5049],[-64.6534,-42.505],[-64.6542,-42.505],[-64.6551,-42.5051],[-64.6558,-42.505],[-64.6566,-42.505],[-64.6582,-42.5053],[-64.6596,-42.5056],[-64.6604,-42.5058],[-64.6613,-42.5059],[-64.6634,-42.5062],[-64.6641,-42.5063],[-64.6652,-42.5064],[-64.6674,-42.5069],[-64.6688,-42.5073],[-64.6695,-42.5073],[-64.6698,-42.5073],[-64.67,-42.5074],[-64.6703,-42.5074],[-64.6706,-42.5075],[-64.6708,-42.5076],[-64.6713,-42.5077],[-64.672,-42.5079],[-64.6736,-42.5085],[-64.6755,-42.5094],[-64.677,-42.5097],[-64.6779,-42.5099],[-64.6784,-42.51],[-64.679,-42.5104],[-64.6803,-42.5109],[-64.6819,-42.5114],[-64.6831,-42.5118],[-64.6836,-42.5119],[-64.6841,-42.512],[-64.6856,-42.5126],[-64.6867,-42.5132],[-64.6879,-42.5138],[-64.6889,-42.5142],[-64.6897,-42.5146],[-64.6907,-42.5151],[-64.6914,-42.5156],[-64.6932,-42.5167],[-64.694,-42.5172],[-64.6948,-42.5178],[-64.696,-42.5185],[-64.6971,-42.5192],[-64.6976,-42.5196],[-64.6986,-42.52],[-64.6992,-42.5203],[-64.6998,-42.5208],[-64.7003,-42.5211],[-64.701,-42.5217],[-64.7021,-42.5224],[-64.7028,-42.5229],[-64.7033,-42.5234],[-64.704,-42.524],[-64.7053,-42.5244],[-64.7068,-42.5249],[-64.7079,-42.5255],[-64.7088,-42.5261],[-64.7099,-42.5267],[-64.7105,-42.527],[-64.7112,-42.5273],[-64.712,-42.5278],[-64.7126,-42.5281],[-64.7139,-42.5287],[-64.7149,-42.5291],[-64.7155,-42.5294],[-64.7162,-42.5296],[-64.7172,-42.5305],[-64.7184,-42.5315],[-64.7191,-42.532],[-64.72,-42.5326],[-64.7208,-42.5332],[-64.7216,-42.5338],[-64.7219,-42.5342],[-64.7223,-42.5344],[-64.7227,-42.5346],[-64.723,-42.5349],[-64.7236,-42.5351],[-64.7243,-42.5354],[-64.7247,-42.5355],[-64.725,-42.5357],[-64.7254,-42.5359],[-64.726,-42.5361],[-64.7266,-42.5365],[-64.7269,-42.5367],[-64.7276,-42.537],[-64.7288,-42.5374],[-64.7298,-42.5375],[-64.7311,-42.5379],[-64.7324,-42.5382],[-64.7331,-42.5381],[-64.7338,-42.5386],[-64.7343,-42.5387],[-64.7351,-42.539],[-64.7366,-42.5396],[-64.7377,-42.5401],[-64.739,-42.5406],[-64.7404,-42.541],[-64.7422,-42.5417],[-64.7442,-42.5425],[-64.7455,-42.5429],[-64.7465,-42.5436],[-64.7475,-42.5441],[-64.749,-42.5449],[-64.751,-42.5459],[-64.7524,-42.5466],[-64.753,-42.5467],[-64.7537,-42.5471],[-64.7538,-42.5473],[-64.7548,-42.5479],[-64.7553,-42.5483],[-64.7557,-42.5485],[-64.7565,-42.5489],[-64.7575,-42.5496],[-64.7583,-42.5501],[-64.7593,-42.5507],[-64.7606,-42.5514],[-64.7614,-42.5519],[-64.7621,-42.5523],[-64.7624,-42.5525],[-64.7631,-42.553],[-64.7637,-42.5534],[-64.7644,-42.5539],[-64.7651,-42.5545],[-64.7659,-42.5551],[-64.7671,-42.5557],[-64.7684,-42.5568],[-64.7695,-42.5576],[-64.7705,-42.5583],[-64.7713,-42.559],[-64.7721,-42.5595],[-64.7731,-42.5601],[-64.774,-42.5608],[-64.7745,-42.5614],[-64.7754,-42.5627],[-64.7763,-42.5631],[-64.7776,-42.5637],[-64.7794,-42.565],[-64.7804,-42.5658],[-64.7812,-42.5668],[-64.7823,-42.5684],[-64.7831,-42.5696],[-64.7837,-42.5703],[-64.7842,-42.5706],[-64.7845,-42.5708],[-64.785,-42.5711],[-64.7855,-42.5717],[-64.7861,-42.5727],[-64.7863,-42.5731],[-64.7864,-42.5731],[-64.7865,-42.5734],[-64.7869,-42.5739],[-64.7869,-42.5739],[-64.7879,-42.575],[-64.7884,-42.576],[-64.7885,-42.5769],[-64.7887,-42.5776],[-64.7891,-42.5783],[-64.7903,-42.5794],[-64.7918,-42.5805],[-64.7934,-42.5814],[-64.7944,-42.5819],[-64.7962,-42.5829],[-64.797,-42.5834],[-64.7977,-42.5837],[-64.7987,-42.5845],[-64.8003,-42.5853],[-64.8019,-42.5861],[-64.8038,-42.5872],[-64.8053,-42.5882],[-64.8068,-42.5892],[-64.8082,-42.5903],[-64.809,-42.5909],[-64.8096,-42.5917],[-64.8104,-42.5929],[-64.8106,-42.5934],[-64.8107,-42.5937],[-64.8109,-42.5942],[-64.8109,-42.5948],[-64.8112,-42.5952],[-64.8116,-42.5954],[-64.8125,-42.5953],[-64.8135,-42.5954],[-64.8153,-42.5958],[-64.8172,-42.5967],[-64.8184,-42.5971],[-64.8195,-42.5974],[-64.821,-42.5983],[-64.8215,-42.5986],[-64.8236,-42.5995],[-64.8256,-42.6007],[-64.8269,-42.6015],[-64.8284,-42.6028],[-64.8295,-42.6038],[-64.8315,-42.6058],[-64.8323,-42.6068],[-64.8332,-42.608],[-64.8337,-42.6088],[-64.8337,-42.6094],[-64.8336,-42.6101],[-64.8334,-42.61],[-64.8334,-42.6101],[-64.8334,-42.6103],[-64.8335,-42.6104],[-64.8336,-42.6105],[-64.8339,-42.6106],[-64.8346,-42.6105],[-64.8353,-42.6102],[-64.836,-42.6101],[-64.8371,-42.6101],[-64.838,-42.6103],[-64.8388,-42.6105],[-64.8404,-42.6112],[-64.8425,-42.6123],[-64.844,-42.6131],[-64.8456,-42.614],[-64.8468,-42.6147],[-64.8477,-42.6155],[-64.8483,-42.616],[-64.849,-42.6164],[-64.8495,-42.6166],[-64.8507,-42.6172],[-64.8519,-42.6172],[-64.8527,-42.6171],[-64.8538,-42.6171],[-64.8545,-42.617],[-64.8554,-42.6172],[-64.8565,-42.6177],[-64.8577,-42.6182],[-64.8591,-42.6187],[-64.86,-42.6188],[-64.8608,-42.6189],[-64.8615,-42.6189],[-64.8622,-42.619],[-64.8629,-42.619],[-64.8632,-42.619],[-64.8639,-42.6188],[-64.8641,-42.6185],[-64.8644,-42.6184],[-64.8645,-42.6182],[-64.8646,-42.618],[-64.8653,-42.6174],[-64.8657,-42.6171],[-64.8664,-42.6166],[-64.867,-42.6163],[-64.8675,-42.6161],[-64.8676,-42.6161],[-64.868,-42.6162],[-64.8683,-42.616],[-64.8688,-42.6159],[-64.8693,-42.6158],[-64.8696,-42.6157],[-64.8698,-42.6158],[-64.8698,-42.6159],[-64.87,-42.6158],[-64.87,-42.6157],[-64.8699,-42.6157],[-64.8699,-42.6156],[-64.87,-42.6156],[-64.8702,-42.6156],[-64.8703,-42.6156],[-64.8703,-42.6156],[-64.8704,-42.6156],[-64.8704,-42.6156],[-64.8705,-42.6156],[-64.8706,-42.6155],[-64.8706,-42.6153],[-64.8709,-42.6154],[-64.871,-42.6154],[-64.8711,-42.6154],[-64.8711,-42.6152],[-64.8711,-42.6151],[-64.8714,-42.615],[-64.8715,-42.6149],[-64.8717,-42.6147],[-64.872,-42.6146],[-64.8727,-42.6144],[-64.8728,-42.6145],[-64.8729,-42.6145],[-64.873,-42.6145],[-64.8731,-42.6144],[-64.8732,-42.6143],[-64.8732,-42.6143],[-64.8734,-42.6143],[-64.8734,-42.6143],[-64.8735,-42.6143],[-64.8736,-42.6143],[-64.8738,-42.6142],[-64.874,-42.6141],[-64.8741,-42.6141],[-64.8744,-42.6141],[-64.8749,-42.614],[-64.8755,-42.6139],[-64.8762,-42.6139],[-64.8768,-42.6138],[-64.8774,-42.6138],[-64.8774,-42.6138],[-64.8778,-42.6137],[-64.8782,-42.6138],[-64.8785,-42.6137],[-64.879,-42.6136],[-64.8794,-42.6135],[-64.8795,-42.6134],[-64.88,-42.6134],[-64.8809,-42.6133],[-64.8818,-42.6133],[-64.8826,-42.6132],[-64.8835,-42.6133],[-64.8839,-42.6133],[-64.8842,-42.6133],[-64.8851,-42.6134],[-64.8868,-42.6136],[-64.8874,-42.6137],[-64.8879,-42.6137],[-64.8892,-42.6138],[-64.8905,-42.6139],[-64.891,-42.6139],[-64.8914,-42.6139],[-64.8928,-42.614],[-64.8942,-42.614],[-64.895,-42.614],[-64.896,-42.6141],[-64.8966,-42.6141],[-64.8974,-42.6141],[-64.8979,-42.6141],[-64.8988,-42.6141],[-64.8993,-42.6142],[-64.8997,-42.6142],[-64.9002,-42.6142],[-64.9014,-42.6142],[-64.9022,-42.6143],[-64.9028,-42.6143],[-64.9032,-42.6144],[-64.9033,-42.6143],[-64.9037,-42.6143],[-64.9047,-42.6143],[-64.9052,-42.6144],[-64.9088,-42.6147],[-64.9104,-42.6149],[-64.9126,-42.6152],[-64.915,-42.6155],[-64.9168,-42.6157],[-64.9183,-42.6159],[-64.9199,-42.6162],[-64.9217,-42.6166],[-64.9229,-42.6168],[-64.9232,-42.6168],[-64.9242,-42.6172],[-64.9249,-42.6174],[-64.9271,-42.6182],[-64.9286,-42.6188],[-64.9296,-42.6192],[-64.9306,-42.6196],[-64.932,-42.6202],[-64.9331,-42.6206],[-64.9344,-42.6213],[-64.9371,-42.6225],[-64.9385,-42.6233],[-64.9403,-42.6243],[-64.9417,-42.6252],[-64.9436,-42.6264],[-64.945,-42.6274],[-64.946,-42.6279],[-64.9468,-42.6284],[-64.9472,-42.6286],[-64.9481,-42.6291],[-64.949,-42.6295],[-64.9501,-42.6303],[-64.951,-42.631],[-64.9514,-42.6313],[-64.9514,-42.6313],[-64.9522,-42.632],[-64.9535,-42.6328],[-64.955,-42.6336],[-64.9566,-42.6344],[-64.9579,-42.6353],[-64.9587,-42.6358],[-64.9595,-42.6362],[-64.9604,-42.637],[-64.9615,-42.6383],[-64.9622,-42.6391],[-64.963,-42.6401],[-64.9639,-42.641],[-64.9649,-42.642],[-64.9659,-42.6427],[-64.9669,-42.6436],[-64.9677,-42.6444],[-64.9683,-42.6449],[-64.9687,-42.6451],[-64.9688,-42.6453],[-64.9688,-42.6455],[-64.9689,-42.6456],[-64.9691,-42.6456],[-64.9692,-42.6456],[-64.9693,-42.6456],[-64.9695,-42.6457],[-64.9698,-42.6458],[-64.9701,-42.6458],[-64.9702,-42.6458],[-64.9703,-42.6458],[-64.9705,-42.6457],[-64.9709,-42.6457],[-64.9711,-42.6457],[-64.9714,-42.6459],[-64.972,-42.6461],[-64.9721,-42.6462],[-64.9726,-42.6463],[-64.9727,-42.6464],[-64.9727,-42.6464],[-64.9732,-42.6465],[-64.9734,-42.6467],[-64.9735,-42.6466],[-64.9736,-42.6468],[-64.9737,-42.6467],[-64.9738,-42.6467],[-64.9738,-42.6468],[-64.9741,-42.6467],[-64.9741,-42.6467],[-64.9742,-42.6467],[-64.9745,-42.6468],[-64.9745,-42.6468],[-64.9746,-42.6469],[-64.9747,-42.6469],[-64.9747,-42.647],[-64.9748,-42.6469],[-64.9748,-42.6469],[-64.9749,-42.6469],[-64.9751,-42.6469],[-64.9754,-42.6469],[-64.9755,-42.647],[-64.9756,-42.6471],[-64.9756,-42.6471],[-64.9757,-42.6471],[-64.9758,-42.6471],[-64.9761,-42.6471],[-64.9764,-42.6472],[-64.9766,-42.6473],[-64.9766,-42.6473],[-64.9766,-42.6474],[-64.9767,-42.6474],[-64.9767,-42.6474],[-64.977,-42.6476],[-64.9773,-42.6477],[-64.9776,-42.6478],[-64.9779,-42.6479],[-64.978,-42.6479],[-64.9783,-42.648],[-64.9788,-42.6483],[-64.979,-42.6485],[-64.9792,-42.6487],[-64.9798,-42.6491],[-64.9803,-42.6497],[-64.9809,-42.6503],[-64.9816,-42.6508],[-64.9822,-42.6514],[-64.983,-42.6521],[-64.9836,-42.6526],[-64.9841,-42.653],[-64.9846,-42.6535],[-64.985,-42.6536],[-64.9858,-42.6547],[-64.9861,-42.6551],[-64.9865,-42.6557],[-64.9869,-42.6562],[-64.9872,-42.6567],[-64.9874,-42.657],[-64.9878,-42.6575],[-64.9879,-42.6577],[-64.9879,-42.6582],[-64.9881,-42.6584],[-64.9883,-42.6587],[-64.9885,-42.6589],[-64.9886,-42.659],[-64.9887,-42.6592],[-64.9889,-42.6595],[-64.9891,-42.6602],[-64.9894,-42.6606],[-64.9896,-42.6615],[-64.9899,-42.6623],[-64.99,-42.663],[-64.9899,-42.6632],[-64.9899,-42.6633],[-64.9898,-42.6634],[-64.9898,-42.6636],[-64.9899,-42.6637],[-64.99,-42.664],[-64.9901,-42.6646],[-64.9901,-42.6648],[-64.9902,-42.6654],[-64.9903,-42.6662],[-64.9905,-42.6668],[-64.9907,-42.6673],[-64.9906,-42.6676],[-64.9903,-42.668],[-64.9902,-42.6683],[-64.99,-42.6685],[-64.9899,-42.6685],[-64.9898,-42.6685],[-64.9896,-42.6686],[-64.9895,-42.6687],[-64.9896,-42.6688],[-64.9895,-42.669],[-64.9894,-42.669],[-64.9894,-42.6691],[-64.9893,-42.6692],[-64.9893,-42.6693],[-64.9892,-42.6694],[-64.9892,-42.6694],[-64.9891,-42.6692],[-64.989,-42.6696],[-64.9888,-42.6698],[-64.9887,-42.67],[-64.9884,-42.6701],[-64.988,-42.6701],[-64.9878,-42.6701],[-64.9878,-42.6704],[-64.9878,-42.6705],[-64.988,-42.6706],[-64.9881,-42.6709],[-64.9883,-42.6711],[-64.9883,-42.6712],[-64.9883,-42.6714],[-64.9884,-42.6715],[-64.9883,-42.6716],[-64.9885,-42.6717],[-64.9885,-42.6717],[-64.9885,-42.672],[-64.9885,-42.6721],[-64.9887,-42.6722],[-64.9888,-42.6723],[-64.9888,-42.6724],[-64.9888,-42.6725],[-64.9888,-42.6726],[-64.9889,-42.6728],[-64.989,-42.673],[-64.9892,-42.6733],[-64.9893,-42.6735],[-64.9894,-42.6738],[-64.9895,-42.674],[-64.9896,-42.6744],[-64.9898,-42.6745],[-64.9898,-42.6745],[-64.9899,-42.6746],[-64.99,-42.6748],[-64.9899,-42.675],[-64.9899,-42.675],[-64.99,-42.6753],[-64.99,-42.6756],[-64.9901,-42.6758],[-64.9902,-42.676],[-64.9902,-42.6761],[-64.9902,-42.6762],[-64.9903,-42.6763],[-64.9903,-42.6765],[-64.9903,-42.6766],[-64.9904,-42.6766],[-64.9905,-42.6767],[-64.9905,-42.6768],[-64.9904,-42.6769],[-64.9905,-42.6771],[-64.9906,-42.6771],[-64.9908,-42.6774],[-64.9908,-42.6776],[-64.991,-42.6778],[-64.9909,-42.678],[-64.9911,-42.6781],[-64.991,-42.6782],[-64.9909,-42.6783],[-64.991,-42.6784],[-64.9911,-42.6786],[-64.9912,-42.6787],[-64.9913,-42.6789],[-64.9912,-42.679],[-64.9912,-42.6791],[-64.9913,-42.6791],[-64.9913,-42.6794],[-64.9914,-42.6795],[-64.9915,-42.6796],[-64.9918,-42.6799],[-64.9919,-42.6803],[-64.9921,-42.6808],[-64.9921,-42.681],[-64.9923,-42.6815],[-64.9923,-42.6818],[-64.9923,-42.682],[-64.9922,-42.6822],[-64.9923,-42.6823],[-64.9923,-42.6823],[-64.9923,-42.6824],[-64.9923,-42.6824],[-64.9923,-42.6825],[-64.9923,-42.6825],[-64.9923,-42.6827],[-64.9924,-42.6827],[-64.9924,-42.6828],[-64.9924,-42.6831],[-64.9925,-42.6833],[-64.9925,-42.6835],[-64.9926,-42.6837],[-64.9927,-42.6839],[-64.9926,-42.684],[-64.9927,-42.6841],[-64.9927,-42.6842],[-64.9927,-42.6842],[-64.9926,-42.6843],[-64.9927,-42.6843],[-64.9928,-42.6843],[-64.9929,-42.6843],[-64.9928,-42.6844],[-64.9927,-42.6844],[-64.9929,-42.6848],[-64.9931,-42.6851],[-64.9933,-42.6852],[-64.9932,-42.6854],[-64.9932,-42.6855],[-64.9933,-42.6857],[-64.9933,-42.6859],[-64.9933,-42.6862],[-64.9932,-42.6862],[-64.9934,-42.6864],[-64.9935,-42.6864],[-64.9936,-42.6866],[-64.9937,-42.6867],[-64.9937,-42.6868],[-64.9938,-42.6869],[-64.9939,-42.687],[-64.9937,-42.6872],[-64.9937,-42.6873],[-64.9938,-42.6874],[-64.9938,-42.6874],[-64.9938,-42.6875],[-64.9939,-42.6876],[-64.9939,-42.6877],[-64.9939,-42.6878],[-64.994,-42.6879],[-64.9941,-42.688],[-64.994,-42.6881],[-64.9941,-42.6882],[-64.9944,-42.6883],[-64.9947,-42.6884],[-64.9944,-42.6885],[-64.9943,-42.6886],[-64.9942,-42.6887],[-64.9943,-42.6888],[-64.9944,-42.689],[-64.9945,-42.6892],[-64.9946,-42.6894],[-64.9946,-42.6896],[-64.9947,-42.6896],[-64.9948,-42.6898],[-64.9949,-42.6899],[-64.9949,-42.6902],[-64.9949,-42.6903],[-64.995,-42.6905],[-64.9952,-42.6906],[-64.9951,-42.6908],[-64.9952,-42.6909],[-64.9954,-42.691],[-64.9954,-42.6911],[-64.9952,-42.6913],[-64.9951,-42.6913],[-64.9952,-42.6915],[-64.9953,-42.6915],[-64.9954,-42.6916],[-64.9953,-42.6917],[-64.9953,-42.6918],[-64.9953,-42.6919],[-64.9954,-42.6919],[-64.9955,-42.692],[-64.9956,-42.692],[-64.9954,-42.6922],[-64.9954,-42.6923],[-64.9954,-42.6925],[-64.9956,-42.6927],[-64.9956,-42.6931],[-64.9956,-42.6937],[-64.9957,-42.6938],[-64.9957,-42.6939],[-64.9956,-42.694],[-64.9956,-42.6942],[-64.9958,-42.6943],[-64.9958,-42.6943],[-64.9958,-42.6943],[-64.9957,-42.6944],[-64.9957,-42.6945],[-64.9957,-42.6946],[-64.9957,-42.6946],[-64.9959,-42.6947],[-64.9959,-42.6949],[-64.9957,-42.6948],[-64.9957,-42.695],[-64.9958,-42.6951],[-64.9958,-42.6953],[-64.9956,-42.6954],[-64.9955,-42.6955],[-64.9955,-42.6956],[-64.9958,-42.6957],[-64.9958,-42.6959],[-64.9957,-42.6961],[-64.9957,-42.6962],[-64.9957,-42.6964],[-64.9957,-42.6966],[-64.9958,-42.6968],[-64.9958,-42.6969],[-64.9959,-42.6971],[-64.9959,-42.6971],[-64.9958,-42.6973],[-64.9958,-42.6974],[-64.9957,-42.6975],[-64.9956,-42.6976],[-64.9955,-42.6977],[-64.9957,-42.6978],[-64.9958,-42.6979],[-64.996,-42.698],[-64.9961,-42.6981],[-64.9964,-42.6983],[-64.9965,-42.6983],[-64.9967,-42.6984],[-64.9969,-42.6985],[-64.9971,-42.6986],[-64.9971,-42.6988],[-64.9972,-42.6991],[-64.9976,-42.6991],[-64.9978,-42.6991],[-64.9982,-42.6992],[-64.9983,-42.6993],[-64.9983,-42.6993],[-64.9985,-42.6992],[-64.9985,-42.6993],[-64.9987,-42.6993],[-64.9989,-42.6995],[-64.9989,-42.6995],[-64.999,-42.6996],[-64.999,-42.6997],[-64.9992,-42.7],[-64.9993,-42.7001],[-64.9993,-42.7004],[-64.9996,-42.7005],[-64.9998,-42.7005],[-65.0001,-42.7004],[-65.0003,-42.7004],[-65.0005,-42.7005],[-65.0005,-42.7007],[-65.0006,-42.7008],[-65.0007,-42.7008],[-65.0007,-42.7008],[-65.0008,-42.7009],[-65.001,-42.701],[-65.0012,-42.7011],[-65.0016,-42.7011],[-65.0018,-42.7011],[-65.002,-42.7011],[-65.0021,-42.7011],[-65.0023,-42.7014],[-65.0024,-42.7015],[-65.0027,-42.7016],[-65.0029,-42.7017],[-65.0029,-42.7019],[-65.0031,-42.702],[-65.0032,-42.702],[-65.0033,-42.7019],[-65.0035,-42.7021],[-65.0037,-42.7021],[-65.0037,-42.7021],[-65.0039,-42.702],[-65.004,-42.7019],[-65.0042,-42.702],[-65.0042,-42.7021],[-65.0044,-42.7022],[-65.0045,-42.7023],[-65.0047,-42.7025],[-65.0049,-42.7025],[-65.0051,-42.7026],[-65.0052,-42.7027],[-65.0056,-42.703],[-65.0059,-42.7032],[-65.0061,-42.7033],[-65.0061,-42.7034],[-65.0061,-42.7035],[-65.0063,-42.7037],[-65.0064,-42.7037],[-65.0065,-42.7037],[-65.0066,-42.7036],[-65.0066,-42.7037],[-65.0066,-42.7037],[-65.0066,-42.7039],[-65.0068,-42.7038],[-65.0068,-42.7038],[-65.007,-42.7039],[-65.007,-42.704],[-65.0071,-42.7041],[-65.0072,-42.7042],[-65.0078,-42.7044],[-65.0079,-42.7045],[-65.0079,-42.7045],[-65.008,-42.7046],[-65.0083,-42.7049],[-65.0085,-42.7052],[-65.0087,-42.7052],[-65.009,-42.7052],[-65.0092,-42.7053],[-65.0094,-42.7056],[-65.0095,-42.7059],[-65.0095,-42.7059],[-65.0099,-42.7063],[-65.0102,-42.7065],[-65.0102,-42.7065],[-65.0102,-42.7068],[-65.0103,-42.7069],[-65.0105,-42.7069],[-65.0108,-42.707],[-65.0109,-42.7069],[-65.0111,-42.7069],[-65.0112,-42.707],[-65.0113,-42.7072],[-65.0115,-42.7073],[-65.0118,-42.7073],[-65.0122,-42.7075],[-65.0126,-42.7076],[-65.0127,-42.7077],[-65.0128,-42.7078],[-65.0129,-42.7078],[-65.0133,-42.708],[-65.0136,-42.7082],[-65.0138,-42.7083],[-65.0141,-42.7087],[-65.0142,-42.7089],[-65.0144,-42.7089],[-65.0146,-42.7089],[-65.0149,-42.709],[-65.015,-42.7092],[-65.0152,-42.7095],[-65.0154,-42.7095],[-65.0156,-42.7095],[-65.0158,-42.7097],[-65.0158,-42.7099],[-65.0161,-42.71],[-65.0164,-42.7101],[-65.0167,-42.7102],[-65.0169,-42.7103],[-65.017,-42.7105],[-65.0172,-42.7106],[-65.0174,-42.7107],[-65.0176,-42.7108],[-65.0177,-42.7109],[-65.0179,-42.7111],[-65.0179,-42.7111],[-65.018,-42.7113],[-65.0182,-42.7114],[-65.0183,-42.7114],[-65.0185,-42.7115],[-65.0185,-42.7116],[-65.0186,-42.7119],[-65.0188,-42.7121],[-65.0191,-42.7122],[-65.0192,-42.7124],[-65.0194,-42.7126],[-65.0195,-42.7127],[-65.0195,-42.7128],[-65.0197,-42.7129],[-65.0199,-42.713],[-65.02,-42.7131],[-65.0201,-42.7132],[-65.0202,-42.7134],[-65.0202,-42.7135],[-65.0203,-42.7135],[-65.0206,-42.7138],[-65.0209,-42.7139],[-65.0212,-42.7142],[-65.0214,-42.7145],[-65.0213,-42.7146],[-65.0216,-42.7148],[-65.0219,-42.7149],[-65.0221,-42.7151],[-65.0224,-42.7153],[-65.0227,-42.7155],[-65.0231,-42.7158],[-65.0233,-42.7161],[-65.0237,-42.7164],[-65.0239,-42.7166],[-65.024,-42.7168],[-65.0242,-42.7169],[-65.0246,-42.7172],[-65.0249,-42.7175],[-65.0253,-42.7178],[-65.0255,-42.7181],[-65.0258,-42.7185],[-65.0261,-42.7189],[-65.0265,-42.7192],[-65.0269,-42.7194],[-65.0271,-42.7197],[-65.0272,-42.7197],[-65.0274,-42.7197],[-65.0277,-42.7199],[-65.0278,-42.7199],[-65.0281,-42.7202],[-65.0285,-42.7205],[-65.0288,-42.7207],[-65.0291,-42.7212],[-65.0292,-42.7212],[-65.0292,-42.7214],[-65.0294,-42.7215],[-65.0296,-42.7218],[-65.0298,-42.7221],[-65.0301,-42.7223],[-65.0303,-42.7225],[-65.0305,-42.7227],[-65.0306,-42.7229],[-65.0309,-42.7231],[-65.0311,-42.7233],[-65.0315,-42.7235],[-65.0319,-42.7239],[-65.0322,-42.7241],[-65.0326,-42.7245],[-65.0331,-42.725],[-65.0336,-42.7257],[-65.0342,-42.7266],[-65.0345,-42.7272],[-65.035,-42.7282],[-65.0355,-42.7293],[-65.0357,-42.7299],[-65.0361,-42.7306],[-65.0363,-42.7314],[-65.0365,-42.7323],[-65.0366,-42.7336],[-65.0367,-42.7346],[-65.0367,-42.7361],[-65.0367,-42.7367],[-65.0367,-42.7372],[-65.0367,-42.7379],[-65.0367,-42.7381],[-65.0368,-42.7386],[-65.037,-42.7392],[-65.0369,-42.7402],[-65.0368,-42.7409],[-65.0368,-42.7411],[-65.0367,-42.7418],[-65.0367,-42.7423],[-65.0367,-42.7433],[-65.0365,-42.7438],[-65.0366,-42.7442],[-65.0365,-42.7444],[-65.0365,-42.7444],[-65.0364,-42.7448],[-65.0365,-42.745],[-65.0365,-42.7451],[-65.0365,-42.7455],[-65.0366,-42.7458],[-65.0365,-42.7462],[-65.0365,-42.7466],[-65.0365,-42.7472],[-65.0366,-42.7491],[-65.0367,-42.7498],[-65.0366,-42.7504],[-65.0367,-42.7508],[-65.0367,-42.7513],[-65.0367,-42.7517],[-65.0367,-42.7521],[-65.0366,-42.7524],[-65.0367,-42.7532],[-65.0365,-42.754],[-65.0364,-42.7544],[-65.0363,-42.7552],[-65.0361,-42.7558],[-65.0362,-42.7565],[-65.0362,-42.7572],[-65.0362,-42.7574],[-65.0357,-42.7591],[-65.0357,-42.7598],[-65.0354,-42.7612],[-65.0346,-42.7625],[-65.0341,-42.7634],[-65.0323,-42.7664],[-65.0308,-42.7685],[-65.0295,-42.7701],[-65.0276,-42.7719],[-65.0275,-42.772],[-65.0269,-42.7729],[-65.0263,-42.7736],[-65.0251,-42.7744],[-65.0228,-42.7763],[-65.0201,-42.7785],[-65.0181,-42.7799],[-65.0161,-42.7813],[-65.0153,-42.7817],[-65.0129,-42.7829],[-65.0117,-42.7833],[-65.01,-42.7839],[-65.009,-42.784],[-65.0075,-42.7845],[-65.0054,-42.7846],[-65.0034,-42.7843],[-65.002,-42.7836],[-65.0017,-42.783],[-65.0014,-42.7819],[-65.0014,-42.781],[-65.0014,-42.7805],[-65.0014,-42.7804],[-65.0015,-42.7801],[-65.0014,-42.7799],[-65.0005,-42.7798],[-64.9993,-42.7798],[-64.9987,-42.78],[-64.9985,-42.7801],[-64.9979,-42.7803],[-64.9974,-42.7808],[-64.9973,-42.7808],[-64.9972,-42.7809],[-64.9965,-42.7812],[-64.9962,-42.7815],[-64.9961,-42.7816],[-64.9961,-42.7816],[-64.9956,-42.7817],[-64.9944,-42.7823],[-64.9933,-42.7832],[-64.993,-42.7835],[-64.9903,-42.7852],[-64.9886,-42.786],[-64.9856,-42.7875],[-64.984,-42.7883],[-64.9829,-42.7889],[-64.9816,-42.7897],[-64.9804,-42.7901],[-64.9802,-42.7902],[-64.9785,-42.7907],[-64.9767,-42.7915],[-64.9747,-42.7925],[-64.9742,-42.7926],[-64.9727,-42.7931],[-64.9725,-42.7932],[-64.9716,-42.7933],[-64.9696,-42.7937],[-64.9676,-42.7939],[-64.9666,-42.7939],[-64.9657,-42.7937],[-64.965,-42.7934],[-64.9644,-42.7928],[-64.964,-42.7923],[-64.9627,-42.7913],[-64.962,-42.7907],[-64.9617,-42.7903],[-64.9614,-42.7897],[-64.9605,-42.789],[-64.9596,-42.7881],[-64.9588,-42.787],[-64.9582,-42.7862],[-64.9577,-42.7857],[-64.9571,-42.7854],[-64.9568,-42.7854],[-64.9563,-42.7854],[-64.9562,-42.7854],[-64.9559,-42.7853],[-64.9556,-42.7852],[-64.9556,-42.7852],[-64.9556,-42.7852],[-64.9553,-42.7854],[-64.9549,-42.7857],[-64.9545,-42.7856],[-64.9542,-42.7855],[-64.9534,-42.7854],[-64.9531,-42.7856],[-64.9528,-42.7856],[-64.9525,-42.7858],[-64.9524,-42.7859],[-64.9522,-42.7862],[-64.9521,-42.7865],[-64.9521,-42.787],[-64.952,-42.7872],[-64.9517,-42.7876],[-64.9515,-42.788],[-64.9513,-42.7885],[-64.9513,-42.7893],[-64.9511,-42.7898],[-64.9511,-42.7899],[-64.9506,-42.7906],[-64.9493,-42.7917],[-64.9474,-42.7934],[-64.9464,-42.7941],[-64.9459,-42.7944],[-64.9442,-42.7954],[-64.9433,-42.7961],[-64.9398,-42.7987],[-64.9375,-42.8001],[-64.9353,-42.8014],[-64.9331,-42.8027],[-64.9315,-42.8036],[-64.9294,-42.8048],[-64.9283,-42.8054],[-64.9274,-42.8059],[-64.9262,-42.8064],[-64.9247,-42.8072],[-64.9228,-42.8083],[-64.9204,-42.8094],[-64.9177,-42.8106],[-64.9156,-42.8116],[-64.9143,-42.812],[-64.9134,-42.8121],[-64.9127,-42.8125],[-64.9115,-42.8126],[-64.9108,-42.8126],[-64.91,-42.8124],[-64.909,-42.812],[-64.9081,-42.8116],[-64.9078,-42.8117],[-64.9078,-42.8116],[-64.9073,-42.8115],[-64.9069,-42.8111],[-64.9067,-42.8112],[-64.9064,-42.8111],[-64.9061,-42.8111],[-64.9056,-42.811],[-64.9052,-42.8112],[-64.9049,-42.8113],[-64.9046,-42.8114],[-64.9043,-42.8115],[-64.903,-42.811],[-64.9026,-42.8111],[-64.9024,-42.8109],[-64.9022,-42.8109],[-64.9021,-42.8111],[-64.9021,-42.8111],[-64.902,-42.8111],[-64.9019,-42.8112],[-64.9019,-42.8112],[-64.9018,-42.8116],[-64.9014,-42.8121],[-64.901,-42.812],[-64.9007,-42.8124],[-64.9,-42.8126],[-64.8995,-42.8124],[-64.8987,-42.8124],[-64.8981,-42.8123],[-64.8976,-42.8122],[-64.8971,-42.8122],[-64.8969,-42.8126],[-64.8964,-42.8124],[-64.8959,-42.8127],[-64.8953,-42.8127],[-64.8945,-42.8128],[-64.8938,-42.8129],[-64.8934,-42.8127],[-64.8932,-42.8126],[-64.8931,-42.8128],[-64.8927,-42.8126],[-64.8924,-42.8126],[-64.8921,-42.8124],[-64.8916,-42.8124],[-64.8916,-42.8127],[-64.8912,-42.8125],[-64.891,-42.8127],[-64.8908,-42.8129],[-64.8905,-42.8132],[-64.8904,-42.8133],[-64.8902,-42.8134],[-64.8901,-42.8137],[-64.8899,-42.8141],[-64.8899,-42.8141],[-64.8899,-42.8143],[-64.89,-42.8147],[-64.89,-42.8147],[-64.8901,-42.815],[-64.8903,-42.8153],[-64.8904,-42.8156],[-64.8907,-42.8157],[-64.8909,-42.8157],[-64.891,-42.816],[-64.891,-42.8165],[-64.8909,-42.8171],[-64.8905,-42.8176],[-64.8904,-42.8181],[-64.8901,-42.818],[-64.8899,-42.8183],[-64.8897,-42.8184],[-64.8894,-42.8187],[-64.889,-42.8192],[-64.8887,-42.8193],[-64.8881,-42.8198],[-64.8874,-42.8199],[-64.8873,-42.82],[-64.8868,-42.82],[-64.8864,-42.82],[-64.8864,-42.82],[-64.8862,-42.8202],[-64.8864,-42.8204],[-64.8869,-42.8209],[-64.8869,-42.8209],[-64.8871,-42.8212],[-64.8874,-42.8216],[-64.8874,-42.822],[-64.8873,-42.8226],[-64.8868,-42.8235],[-64.8857,-42.8243],[-64.885,-42.8251],[-64.8845,-42.8254],[-64.8838,-42.8257],[-64.8835,-42.8258],[-64.8833,-42.8259],[-64.8832,-42.8262],[-64.8835,-42.8263],[-64.8835,-42.8263],[-64.8838,-42.8264],[-64.8841,-42.8265],[-64.8848,-42.8269],[-64.8851,-42.827],[-64.8854,-42.8271],[-64.8856,-42.8276],[-64.8856,-42.8282],[-64.8855,-42.829],[-64.8849,-42.8298],[-64.884,-42.8308],[-64.8833,-42.8313],[-64.8827,-42.8318],[-64.8813,-42.8326],[-64.881,-42.8328],[-64.8791,-42.8339],[-64.8774,-42.8346],[-64.8762,-42.8351],[-64.8746,-42.8356],[-64.8736,-42.8354],[-64.8726,-42.8351],[-64.871,-42.8347],[-64.8696,-42.8347],[-64.8688,-42.8347],[-64.8685,-42.8347],[-64.8679,-42.8346],[-64.8669,-42.8343],[-64.8661,-42.834],[-64.8655,-42.8337],[-64.8653,-42.8336],[-64.8647,-42.8341],[-64.8632,-42.8346],[-64.8596,-42.8357],[-64.8573,-42.8364],[-64.8583,-42.8364],[-64.8585,-42.8364],[-64.9257,-42.8383],[-64.9257,-42.8383],[-65.016,-42.8408],[-65.0498,-42.8417],[-65.0606,-42.842],[-65.0607,-42.842],[-65.087,-42.8427],[-65.0871,-42.8427],[-65.1147,-42.8434],[-65.1153,-42.8434],[-65.1375,-42.844],[-65.1383,-42.844],[-65.1383,-42.8441],[-65.1384,-42.8441],[-65.2001,-42.8457],[-65.201,-42.8457],[-65.4546,-42.8519],[-65.9427,-42.8623],[-65.9592,-42.4094],[-65.963,-42.3032],[-65.9703,-42.0967],[-65.9735,-42.0067],[-65.9736,-42.0037],[-65.9736,-42.0036],[-65.9737,-42.0034],[-65.9736,-42.0009],[-65.9736,-42.0003],[-65.7281,-42.0003],[-65.5229,-42.0003],[-65.2877,-42.0003],[-65.1197,-42.0003],[-65.0814,-42.0003],[-65.0693,-42.0003],[-65.0693,-42.0003],[-65.0693,-42.0004],[-65.07,-42.0013],[-65.0701,-42.0019],[-65.0706,-42.0048],[-65.0699,-42.0088],[-65.0685,-42.0148],[-65.0662,-42.021],[-65.0637,-42.0259],[-65.0606,-42.0317],[-65.0585,-42.0352],[-65.0524,-42.0449],[-65.048,-42.0521],[-65.0426,-42.0603],[-65.0382,-42.0664],[-65.0322,-42.0737],[-65.0313,-42.0747],[-65.0249,-42.0818],[-65.0173,-42.0898],[-65.014,-42.0934],[-65.0097,-42.0972],[-65.006,-42.1005],[-64.9991,-42.1073],[-64.9975,-42.1086],[-64.9935,-42.1118],[-64.9906,-42.1139],[-64.9906,-42.1139],[-64.9878,-42.1167],[-64.9823,-42.1214],[-64.9764,-42.1257],[-64.9716,-42.1287],[-64.9706,-42.1302],[-64.9693,-42.1312],[-64.9673,-42.1322],[-64.96,-42.1376],[-64.9545,-42.1411],[-64.9478,-42.1451],[-64.9392,-42.1503],[-64.9381,-42.1509],[-64.935,-42.1526],[-64.932,-42.1541],[-64.9305,-42.155],[-64.9281,-42.1563],[-64.9265,-42.1571],[-64.9251,-42.1581],[-64.9241,-42.1587],[-64.9218,-42.1602],[-64.9193,-42.1616],[-64.9191,-42.1617],[-64.9165,-42.1631],[-64.9136,-42.1647],[-64.9131,-42.165],[-64.9102,-42.1667],[-64.9095,-42.1671],[-64.9082,-42.1679],[-64.9062,-42.169],[-64.9053,-42.1696],[-64.9034,-42.1703],[-64.9006,-42.1714],[-64.8976,-42.1729],[-64.8929,-42.1751],[-64.8892,-42.1768],[-64.8853,-42.1787],[-64.883,-42.1796],[-64.8803,-42.1808],[-64.8783,-42.1815],[-64.8757,-42.1826],[-64.8723,-42.1838],[-64.8715,-42.184],[-64.8682,-42.185],[-64.8666,-42.1854],[-64.8653,-42.1857],[-64.8647,-42.1859],[-64.8638,-42.1864],[-64.8622,-42.187],[-64.8597,-42.1879],[-64.857,-42.1888],[-64.8546,-42.1895],[-64.8504,-42.1908],[-64.8495,-42.191],[-64.846,-42.1918]]]]},"geometry_name":"geom","properties":{"departamen":"Biedma","cabecera":"Puerto Madryn","superficie":"12.914,27"},"bbox":[-65.9737,-42.8789,-63.5828,-42.0003]},{"type":"Feature","id":"departamentos.13","geometry":{"type":"MultiPolygon","coordinates":[[[[-65.3455,-43.7777],[-65.3451,-43.7777],[-65.3445,-43.7776],[-65.3443,-43.7775],[-65.344,-43.7776],[-65.3438,-43.7777],[-65.3434,-43.7778],[-65.3428,-43.7779],[-65.3426,-43.7778],[-65.3422,-43.7777],[-65.3419,-43.7776],[-65.3415,-43.7776],[-65.3412,-43.7778],[-65.3408,-43.778],[-65.3406,-43.7782],[-65.3398,-43.7786],[-65.3392,-43.7788],[-65.3386,-43.7789],[-65.3382,-43.779],[-65.3374,-43.7792],[-65.3369,-43.7794],[-65.3362,-43.7796],[-65.3355,-43.7796],[-65.3351,-43.7798],[-65.3343,-43.7801],[-65.3338,-43.7804],[-65.3332,-43.7806],[-65.3327,-43.7807],[-65.3324,-43.7806],[-65.3321,-43.7806],[-65.3317,-43.7807],[-65.331,-43.781],[-65.3305,-43.7812],[-65.3298,-43.7813],[-65.3293,-43.7813],[-65.3284,-43.7811],[-65.3275,-43.7808],[-65.3266,-43.7808],[-65.3261,-43.7809],[-65.3258,-43.7812],[-65.3253,-43.7812],[-65.325,-43.7814],[-65.3242,-43.7817],[-65.3237,-43.7819],[-65.3233,-43.7819],[-65.3229,-43.7821],[-65.3224,-43.7823],[-65.322,-43.7826],[-65.3219,-43.7829],[-65.3217,-43.7834],[-65.3216,-43.7838],[-65.3213,-43.7841],[-65.3209,-43.7846],[-65.3203,-43.785],[-65.3197,-43.7855],[-65.3195,-43.7857],[-65.3193,-43.7859],[-65.3191,-43.7861],[-65.3191,-43.7863],[-65.3191,-43.7867],[-65.3189,-43.7871],[-65.3184,-43.7875],[-65.3181,-43.7878],[-65.3178,-43.788],[-65.3172,-43.7883],[-65.3169,-43.7884],[-65.3165,-43.7887],[-65.3161,-43.789],[-65.3156,-43.7894],[-65.3151,-43.7897],[-65.3145,-43.7899],[-65.3144,-43.7899],[-65.3143,-43.7899],[-65.3143,-43.79],[-65.3143,-43.7902],[-65.3143,-43.7902],[-65.3141,-43.7906],[-65.3139,-43.791],[-65.3134,-43.7916],[-65.3134,-43.7917],[-65.3132,-43.7919],[-65.3131,-43.7921],[-65.313,-43.7923],[-65.3129,-43.7926],[-65.3127,-43.7931],[-65.3124,-43.7937],[-65.3123,-43.7939],[-65.3122,-43.7941],[-65.312,-43.7945],[-65.3118,-43.7946],[-65.3116,-43.7948],[-65.3114,-43.7951],[-65.3113,-43.7953],[-65.3113,-43.7953],[-65.3112,-43.7956],[-65.3112,-43.7957],[-65.3113,-43.7959],[-65.3114,-43.7962],[-65.3115,-43.7965],[-65.3116,-43.7968],[-65.3119,-43.7971],[-65.3122,-43.7974],[-65.3124,-43.7976],[-65.3127,-43.7977],[-65.3128,-43.7979],[-65.3132,-43.7983],[-65.3134,-43.7988],[-65.3134,-43.7988],[-65.3135,-43.7991],[-65.3137,-43.7993],[-65.3138,-43.7993],[-65.314,-43.7994],[-65.3143,-43.7996],[-65.3147,-43.8],[-65.3151,-43.8008],[-65.3153,-43.8016],[-65.3154,-43.8022],[-65.3156,-43.8028],[-65.3157,-43.8029],[-65.3157,-43.803],[-65.3161,-43.8034],[-65.3162,-43.8036],[-65.3163,-43.8037],[-65.3164,-43.8038],[-65.3166,-43.8041],[-65.3168,-43.8044],[-65.3171,-43.8046],[-65.3173,-43.8048],[-65.3175,-43.805],[-65.3177,-43.8052],[-65.3182,-43.8053],[-65.319,-43.8056],[-65.3194,-43.8058],[-65.3199,-43.806],[-65.3209,-43.8063],[-65.3214,-43.8064],[-65.3218,-43.8065],[-65.3221,-43.8067],[-65.3224,-43.8068],[-65.3227,-43.8072],[-65.3229,-43.8076],[-65.3229,-43.8079],[-65.3229,-43.808],[-65.3229,-43.8083],[-65.3227,-43.8085],[-65.3225,-43.8086],[-65.3225,-43.8088],[-65.3223,-43.809],[-65.3222,-43.8092],[-65.3219,-43.8094],[-65.3217,-43.8096],[-65.3217,-43.81],[-65.3218,-43.8104],[-65.3219,-43.8108],[-65.3219,-43.8109],[-65.3219,-43.8114],[-65.322,-43.8118],[-65.3221,-43.8121],[-65.3223,-43.8122],[-65.3226,-43.8125],[-65.3227,-43.8127],[-65.3229,-43.8129],[-65.323,-43.8129],[-65.3231,-43.8129],[-65.3233,-43.813],[-65.3234,-43.8131],[-65.3235,-43.8133],[-65.3235,-43.8135],[-65.3236,-43.8137],[-65.3237,-43.8139],[-65.3238,-43.8142],[-65.3238,-43.8144],[-65.3238,-43.8146],[-65.3237,-43.8149],[-65.3236,-43.8152],[-65.3236,-43.8153],[-65.3236,-43.8155],[-65.3236,-43.8157],[-65.3235,-43.8159],[-65.3235,-43.8162],[-65.3233,-43.8164],[-65.3231,-43.8168],[-65.3228,-43.817],[-65.3226,-43.8172],[-65.3223,-43.8175],[-65.3222,-43.8178],[-65.3221,-43.8183],[-65.322,-43.8185],[-65.3217,-43.8187],[-65.3215,-43.8188],[-65.3214,-43.8188],[-65.3214,-43.8189],[-65.3215,-43.819],[-65.3215,-43.819],[-65.3215,-43.8192],[-65.3215,-43.8194],[-65.3214,-43.8195],[-65.3214,-43.8197],[-65.3212,-43.8199],[-65.3212,-43.8202],[-65.3212,-43.8203],[-65.3212,-43.8204],[-65.3213,-43.8205],[-65.3214,-43.8208],[-65.3216,-43.821],[-65.3217,-43.8213],[-65.3219,-43.8216],[-65.3219,-43.8219],[-65.3221,-43.8223],[-65.3223,-43.8225],[-65.3224,-43.8229],[-65.3226,-43.8232],[-65.3226,-43.8234],[-65.3226,-43.8236],[-65.3226,-43.8236],[-65.3226,-43.8239],[-65.3227,-43.8243],[-65.3227,-43.8246],[-65.3228,-43.8251],[-65.3229,-43.8255],[-65.3231,-43.8259],[-65.3232,-43.826],[-65.3233,-43.8261],[-65.3233,-43.8265],[-65.3234,-43.827],[-65.3234,-43.8271],[-65.3233,-43.8274],[-65.3233,-43.8277],[-65.3234,-43.8278],[-65.3235,-43.828],[-65.3235,-43.8283],[-65.3236,-43.8283],[-65.3237,-43.8284],[-65.3238,-43.8286],[-65.3239,-43.8288],[-65.324,-43.8289],[-65.3241,-43.8291],[-65.3242,-43.8292],[-65.3242,-43.8293],[-65.3243,-43.8295],[-65.3242,-43.8295],[-65.3243,-43.8296],[-65.3244,-43.8296],[-65.3245,-43.8297],[-65.3246,-43.8298],[-65.3248,-43.8299],[-65.3249,-43.8301],[-65.325,-43.8302],[-65.3251,-43.8304],[-65.3254,-43.8305],[-65.3254,-43.8306],[-65.3255,-43.8307],[-65.3255,-43.8309],[-65.3255,-43.8309],[-65.3256,-43.831],[-65.3257,-43.8311],[-65.3257,-43.8312],[-65.3258,-43.8314],[-65.3258,-43.8315],[-65.3259,-43.8316],[-65.3259,-43.8317],[-65.3258,-43.8319],[-65.3259,-43.832],[-65.3259,-43.8321],[-65.326,-43.8322],[-65.326,-43.8323],[-65.326,-43.8325],[-65.326,-43.8326],[-65.3261,-43.8326],[-65.3261,-43.8327],[-65.3262,-43.8329],[-65.3263,-43.8331],[-65.3263,-43.8333],[-65.3262,-43.8334],[-65.3263,-43.8335],[-65.3263,-43.8336],[-65.3263,-43.8337],[-65.3264,-43.8338],[-65.3264,-43.8339],[-65.3264,-43.8341],[-65.3265,-43.8342],[-65.3265,-43.8343],[-65.3264,-43.8345],[-65.3264,-43.8345],[-65.3265,-43.8346],[-65.3265,-43.8348],[-65.3265,-43.8351],[-65.3264,-43.8354],[-65.3265,-43.8356],[-65.3265,-43.8358],[-65.3264,-43.836],[-65.3264,-43.8362],[-65.3264,-43.8363],[-65.3263,-43.8365],[-65.3262,-43.8366],[-65.3263,-43.8366],[-65.3262,-43.8369],[-65.3261,-43.8372],[-65.326,-43.8375],[-65.3258,-43.8378],[-65.3258,-43.8381],[-65.3258,-43.8382],[-65.3258,-43.8385],[-65.3257,-43.8389],[-65.3257,-43.8392],[-65.3257,-43.8397],[-65.3258,-43.8401],[-65.3259,-43.8403],[-65.326,-43.8403],[-65.326,-43.8404],[-65.3261,-43.8406],[-65.3262,-43.8409],[-65.3264,-43.8412],[-65.3265,-43.8414],[-65.3267,-43.8418],[-65.3269,-43.842],[-65.3271,-43.8421],[-65.3273,-43.8423],[-65.3275,-43.8425],[-65.3278,-43.8427],[-65.3279,-43.8428],[-65.328,-43.843],[-65.328,-43.843],[-65.3281,-43.8431],[-65.3281,-43.8432],[-65.3281,-43.8433],[-65.3282,-43.8434],[-65.3284,-43.8435],[-65.3284,-43.8437],[-65.3285,-43.8438],[-65.3285,-43.8439],[-65.3285,-43.844],[-65.3285,-43.8442],[-65.3285,-43.8444],[-65.3285,-43.8445],[-65.3284,-43.8445],[-65.3285,-43.8447],[-65.3285,-43.8451],[-65.3286,-43.8452],[-65.3286,-43.8454],[-65.3286,-43.8457],[-65.3286,-43.8459],[-65.3285,-43.8461],[-65.3285,-43.8462],[-65.3284,-43.8463],[-65.3283,-43.8464],[-65.3282,-43.8467],[-65.328,-43.8471],[-65.3278,-43.8474],[-65.3277,-43.8477],[-65.3276,-43.8479],[-65.3276,-43.848],[-65.3275,-43.8481],[-65.3274,-43.8484],[-65.3273,-43.8485],[-65.3272,-43.8487],[-65.3271,-43.849],[-65.3269,-43.8494],[-65.3269,-43.8497],[-65.3267,-43.8499],[-65.3266,-43.8502],[-65.3266,-43.8505],[-65.3266,-43.8509],[-65.3265,-43.8513],[-65.3265,-43.8517],[-65.3263,-43.852],[-65.3262,-43.8524],[-65.326,-43.8528],[-65.3252,-43.8537],[-65.3248,-43.8542],[-65.3243,-43.8547],[-65.3243,-43.8548],[-65.3239,-43.8554],[-65.3234,-43.8561],[-65.3231,-43.8564],[-65.323,-43.8566],[-65.323,-43.8568],[-65.3229,-43.8571],[-65.3228,-43.8572],[-65.3227,-43.8574],[-65.3222,-43.8578],[-65.3218,-43.8579],[-65.3214,-43.8581],[-65.321,-43.8581],[-65.3207,-43.8582],[-65.3205,-43.8584],[-65.3203,-43.8586],[-65.32,-43.859],[-65.3197,-43.8591],[-65.3195,-43.8593],[-65.3194,-43.8595],[-65.319,-43.8599],[-65.3188,-43.8604],[-65.3183,-43.8608],[-65.3177,-43.8611],[-65.3176,-43.8611],[-65.3175,-43.8612],[-65.3174,-43.8614],[-65.3171,-43.8614],[-65.3169,-43.8616],[-65.3168,-43.8618],[-65.3164,-43.8621],[-65.3166,-43.8622],[-65.3166,-43.8624],[-65.3166,-43.8627],[-65.3167,-43.8631],[-65.3167,-43.8633],[-65.3167,-43.8637],[-65.3168,-43.8639],[-65.3167,-43.8643],[-65.3167,-43.8645],[-65.3167,-43.8652],[-65.3168,-43.8655],[-65.3167,-43.8658],[-65.3167,-43.8662],[-65.3169,-43.8666],[-65.3169,-43.8669],[-65.3171,-43.8672],[-65.3172,-43.8676],[-65.3173,-43.8678],[-65.3172,-43.8681],[-65.3172,-43.8688],[-65.3172,-43.8694],[-65.3172,-43.8695],[-65.3172,-43.8699],[-65.317,-43.8703],[-65.3169,-43.8706],[-65.3168,-43.8708],[-65.3165,-43.8712],[-65.3162,-43.8718],[-65.3161,-43.8722],[-65.3161,-43.8726],[-65.316,-43.873],[-65.3161,-43.8735],[-65.316,-43.874],[-65.3161,-43.8744],[-65.3161,-43.8748],[-65.316,-43.8752],[-65.316,-43.8755],[-65.3159,-43.8759],[-65.3158,-43.8764],[-65.3158,-43.8768],[-65.3156,-43.8773],[-65.3154,-43.8778],[-65.3146,-43.8798],[-65.3141,-43.8808],[-65.3138,-43.8815],[-65.3133,-43.8828],[-65.3128,-43.8837],[-65.3127,-43.8839],[-65.3121,-43.8853],[-65.3118,-43.886],[-65.3117,-43.8865],[-65.3113,-43.8879],[-65.311,-43.8882],[-65.3108,-43.8884],[-65.3107,-43.889],[-65.3107,-43.8896],[-65.3109,-43.8899],[-65.311,-43.8901],[-65.3111,-43.8906],[-65.3107,-43.8913],[-65.3099,-43.8923],[-65.3097,-43.893],[-65.309,-43.894],[-65.3089,-43.8951],[-65.3088,-43.8959],[-65.3088,-43.896],[-65.3087,-43.8967],[-65.3087,-43.8968],[-65.3087,-43.8973],[-65.3085,-43.898],[-65.3076,-43.8983],[-65.3072,-43.8987],[-65.3067,-43.8991],[-65.3065,-43.8999],[-65.3062,-43.9007],[-65.3063,-43.9012],[-65.3062,-43.902],[-65.3062,-43.9026],[-65.3058,-43.9031],[-65.3061,-43.9034],[-65.3062,-43.9039],[-65.3058,-43.9045],[-65.3056,-43.9047],[-65.3056,-43.9047],[-65.3055,-43.905],[-65.3058,-43.9052],[-65.3061,-43.9055],[-65.3063,-43.906],[-65.3062,-43.9064],[-65.3061,-43.9067],[-65.3058,-43.907],[-65.3055,-43.9074],[-65.305,-43.9081],[-65.3046,-43.9087],[-65.3044,-43.9094],[-65.3044,-43.9095],[-65.3042,-43.9103],[-65.3036,-43.9109],[-65.3036,-43.9109],[-65.3034,-43.9113],[-65.3033,-43.9116],[-65.3033,-43.9116],[-65.3026,-43.9121],[-65.302,-43.9124],[-65.3025,-43.913],[-65.3024,-43.9135],[-65.3023,-43.9137],[-65.3017,-43.9141],[-65.3015,-43.9142],[-65.3013,-43.9142],[-65.3018,-43.9147],[-65.302,-43.915],[-65.3021,-43.9153],[-65.3021,-43.9157],[-65.3023,-43.9162],[-65.3025,-43.9163],[-65.303,-43.9167],[-65.3028,-43.9178],[-65.3021,-43.9191],[-65.302,-43.9199],[-65.301,-43.9204],[-65.3007,-43.9216],[-65.3006,-43.923],[-65.3004,-43.9266],[-65.3005,-43.9277],[-65.3005,-43.9279],[-65.3004,-43.9294],[-65.3002,-43.93],[-65.2999,-43.931],[-65.2999,-43.9312],[-65.2995,-43.932],[-65.2996,-43.9327],[-65.2994,-43.9334],[-65.299,-43.9342],[-65.2984,-43.9351],[-65.2983,-43.9351],[-65.298,-43.9357],[-65.2977,-43.936],[-65.2973,-43.9364],[-65.2969,-43.9368],[-65.2959,-43.9376],[-65.2954,-43.9384],[-65.2946,-43.9389],[-65.2937,-43.939],[-65.2934,-43.9389],[-65.2934,-43.9389],[-65.2929,-43.9388],[-65.2929,-43.9394],[-65.2931,-43.9396],[-65.2932,-43.9397],[-65.2935,-43.9404],[-65.2932,-43.9409],[-65.2925,-43.9415],[-65.2911,-43.9425],[-65.2908,-43.9433],[-65.2904,-43.9441],[-65.2902,-43.9449],[-65.2901,-43.9451],[-65.2898,-43.946],[-65.2889,-43.9468],[-65.2885,-43.9476],[-65.2884,-43.9483],[-65.2887,-43.9488],[-65.289,-43.9494],[-65.2888,-43.9497],[-65.2885,-43.9503],[-65.2879,-43.9514],[-65.2872,-43.9525],[-65.2868,-43.9535],[-65.2868,-43.9542],[-65.2867,-43.9547],[-65.2867,-43.9549],[-65.2863,-43.9556],[-65.2853,-43.9566],[-65.2853,-43.9567],[-65.2852,-43.9567],[-65.2843,-43.958],[-65.2839,-43.9585],[-65.2831,-43.9597],[-65.2832,-43.9604],[-65.2831,-43.9607],[-65.2831,-43.9614],[-65.2831,-43.9619],[-65.2831,-43.9621],[-65.2826,-43.9624],[-65.2815,-43.9633],[-65.2804,-43.9641],[-65.2787,-43.9648],[-65.2781,-43.9651],[-65.2773,-43.966],[-65.2768,-43.9666],[-65.2759,-43.9667],[-65.2749,-43.9674],[-65.2734,-43.9684],[-65.2723,-43.969],[-65.2713,-43.9694],[-65.2695,-43.9698],[-65.2677,-43.9694],[-65.2668,-43.9687],[-65.2662,-43.9682],[-65.2655,-43.968],[-65.2642,-43.9672],[-65.2638,-43.9671],[-65.2634,-43.9676],[-65.2632,-43.9676],[-65.263,-43.9682],[-65.2623,-43.9683],[-65.2619,-43.9681],[-65.2615,-43.9685],[-65.2603,-43.9689],[-65.2585,-43.9694],[-65.2568,-43.9698],[-65.256,-43.9706],[-65.2546,-43.9715],[-65.2538,-43.9716],[-65.2526,-43.9716],[-65.2513,-43.9711],[-65.2509,-43.9708],[-65.25,-43.9703],[-65.2491,-43.9697],[-65.249,-43.9689],[-65.2486,-43.9688],[-65.2472,-43.9692],[-65.2463,-43.9696],[-65.2456,-43.9696],[-65.2448,-43.9696],[-65.2442,-43.9691],[-65.2438,-43.969],[-65.2426,-43.9694],[-65.2415,-43.9704],[-65.2407,-43.9711],[-65.2397,-43.9717],[-65.2384,-43.9718],[-65.2375,-43.9718],[-65.2367,-43.9714],[-65.2362,-43.9711],[-65.2359,-43.9711],[-65.2354,-43.9708],[-65.2344,-43.9705],[-65.2339,-43.9708],[-65.2333,-43.971],[-65.2325,-43.9713],[-65.2323,-43.9715],[-65.2317,-43.972],[-65.2311,-43.9727],[-65.2309,-43.9734],[-65.2313,-43.9733],[-65.2322,-43.9728],[-65.2325,-43.9731],[-65.2324,-43.9732],[-65.2326,-43.9735],[-65.2326,-43.9736],[-65.2326,-43.9737],[-65.2326,-43.9738],[-65.2326,-43.9738],[-65.2326,-43.974],[-65.2327,-43.9742],[-65.2327,-43.9746],[-65.2325,-43.9748],[-65.2323,-43.975],[-65.2319,-43.9756],[-65.2318,-43.9761],[-65.2316,-43.9762],[-65.2312,-43.9764],[-65.2308,-43.9763],[-65.2305,-43.9766],[-65.2307,-43.9769],[-65.2306,-43.9772],[-65.2308,-43.9774],[-65.2314,-43.9773],[-65.2316,-43.9772],[-65.2319,-43.9774],[-65.2321,-43.9775],[-65.232,-43.9776],[-65.2319,-43.9778],[-65.2316,-43.9779],[-65.2316,-43.9783],[-65.232,-43.9784],[-65.2322,-43.9782],[-65.2324,-43.9781],[-65.2324,-43.9781],[-65.2329,-43.9777],[-65.233,-43.9782],[-65.2328,-43.9785],[-65.2326,-43.9787],[-65.2325,-43.9789],[-65.2326,-43.9793],[-65.233,-43.9796],[-65.2337,-43.9795],[-65.2339,-43.9792],[-65.2342,-43.9792],[-65.2342,-43.9791],[-65.2344,-43.979],[-65.2347,-43.9788],[-65.235,-43.9782],[-65.2353,-43.9776],[-65.2357,-43.9771],[-65.2366,-43.9769],[-65.2369,-43.9769],[-65.2377,-43.9772],[-65.2378,-43.9773],[-65.2381,-43.9775],[-65.2383,-43.9783],[-65.2384,-43.9789],[-65.2387,-43.9793],[-65.239,-43.9799],[-65.2395,-43.9801],[-65.2405,-43.9802],[-65.2413,-43.9802],[-65.2424,-43.9799],[-65.2426,-43.9796],[-65.2427,-43.9794],[-65.2434,-43.979],[-65.244,-43.9788],[-65.2449,-43.9784],[-65.2457,-43.9784],[-65.2468,-43.9785],[-65.2469,-43.9787],[-65.247,-43.9788],[-65.2477,-43.9796],[-65.2479,-43.9801],[-65.2484,-43.9803],[-65.2487,-43.9803],[-65.2496,-43.9806],[-65.2508,-43.9812],[-65.252,-43.9819],[-65.2523,-43.9822],[-65.2527,-43.9826],[-65.2535,-43.9834],[-65.2539,-43.9843],[-65.254,-43.9843],[-65.254,-43.9843],[-65.2541,-43.9848],[-65.2541,-43.9849],[-65.2541,-43.9854],[-65.254,-43.9861],[-65.2539,-43.9868],[-65.2539,-43.9868],[-65.2539,-43.9868],[-65.2535,-43.9872],[-65.2533,-43.9875],[-65.2534,-43.9882],[-65.2538,-43.9887],[-65.254,-43.9887],[-65.2543,-43.9889],[-65.2553,-43.9893],[-65.256,-43.9898],[-65.2569,-43.9909],[-65.2569,-43.9909],[-65.2573,-43.9918],[-65.2575,-43.9934],[-65.2576,-43.9944],[-65.2577,-43.9948],[-65.2576,-43.9956],[-65.2571,-43.9965],[-65.2566,-43.9969],[-65.2563,-43.9971],[-65.256,-43.9979],[-65.2556,-43.9986],[-65.2549,-44.0002],[-65.2548,-44.0006],[-65.254,-44.0009],[-65.2535,-44.0011],[-65.2526,-44.0014],[-65.2518,-44.0021],[-65.2517,-44.003],[-65.2519,-44.0036],[-65.2511,-44.0047],[-65.251,-44.005],[-65.2507,-44.0056],[-65.2502,-44.0058],[-65.2496,-44.0052],[-65.2491,-44.0048],[-65.2484,-44.005],[-65.2481,-44.0052],[-65.2477,-44.0055],[-65.2473,-44.0058],[-65.2475,-44.0061],[-65.2476,-44.0065],[-65.2473,-44.0071],[-65.2473,-44.0076],[-65.247,-44.008],[-65.2465,-44.0084],[-65.2466,-44.0087],[-65.2468,-44.0089],[-65.2473,-44.0092],[-65.2467,-44.0094],[-65.2467,-44.0094],[-65.2466,-44.0096],[-65.2468,-44.0097],[-65.2469,-44.0097],[-65.2472,-44.0096],[-65.2478,-44.0094],[-65.2483,-44.0095],[-65.2486,-44.0095],[-65.2486,-44.0098],[-65.2485,-44.0101],[-65.2487,-44.0105],[-65.2489,-44.011],[-65.2491,-44.0112],[-65.2496,-44.0115],[-65.2501,-44.0115],[-65.2509,-44.0117],[-65.2513,-44.012],[-65.2521,-44.0123],[-65.2527,-44.0129],[-65.2532,-44.0131],[-65.2532,-44.0137],[-65.2528,-44.014],[-65.2526,-44.0145],[-65.253,-44.0149],[-65.2535,-44.0151],[-65.2537,-44.0154],[-65.2536,-44.0157],[-65.2537,-44.0161],[-65.254,-44.0165],[-65.2537,-44.0173],[-65.2533,-44.0182],[-65.2533,-44.0189],[-65.2528,-44.0194],[-65.2528,-44.0197],[-65.2529,-44.0204],[-65.2528,-44.021],[-65.2527,-44.0217],[-65.2524,-44.0224],[-65.2519,-44.0228],[-65.2513,-44.0229],[-65.2508,-44.0231],[-65.2509,-44.0237],[-65.2508,-44.0241],[-65.2509,-44.0244],[-65.2512,-44.0246],[-65.2516,-44.0246],[-65.2519,-44.025],[-65.2521,-44.0256],[-65.252,-44.0264],[-65.2519,-44.0271],[-65.2516,-44.0276],[-65.2511,-44.0279],[-65.2503,-44.0282],[-65.2496,-44.0285],[-65.2492,-44.0288],[-65.2485,-44.029],[-65.2481,-44.0295],[-65.248,-44.0295],[-65.2476,-44.0299],[-65.2466,-44.0307],[-65.2457,-44.0316],[-65.2442,-44.0333],[-65.242,-44.0353],[-65.2405,-44.0363],[-65.2389,-44.0373],[-65.2376,-44.0382],[-65.2362,-44.0394],[-65.2346,-44.0406],[-65.2328,-44.0416],[-65.2319,-44.042],[-65.2308,-44.0426],[-65.2286,-44.0438],[-65.2268,-44.0446],[-65.2248,-44.0453],[-65.2238,-44.0454],[-65.2228,-44.0452],[-65.2225,-44.0448],[-65.222,-44.0445],[-65.2214,-44.0444],[-65.2211,-44.0441],[-65.2211,-44.0439],[-65.221,-44.0436],[-65.2201,-44.0438],[-65.219,-44.0441],[-65.2183,-44.0443],[-65.2171,-44.0442],[-65.2169,-44.0439],[-65.2163,-44.0435],[-65.2164,-44.0433],[-65.2165,-44.0431],[-65.216,-44.0428],[-65.2158,-44.043],[-65.2155,-44.0431],[-65.2148,-44.0426],[-65.2136,-44.0427],[-65.2127,-44.0422],[-65.2125,-44.0413],[-65.2127,-44.0408],[-65.2124,-44.0403],[-65.2119,-44.0403],[-65.2114,-44.0396],[-65.2111,-44.039],[-65.2105,-44.0382],[-65.2093,-44.0381],[-65.2076,-44.0382],[-65.206,-44.038],[-65.2041,-44.0378],[-65.2022,-44.0378],[-65.2009,-44.0381],[-65.1988,-44.038],[-65.1974,-44.0375],[-65.1959,-44.0373],[-65.1945,-44.0368],[-65.1937,-44.0367],[-65.1923,-44.0367],[-65.1908,-44.0358],[-65.1901,-44.0357],[-65.1893,-44.0352],[-65.1884,-44.0353],[-65.1879,-44.0355],[-65.1879,-44.0358],[-65.188,-44.0358],[-65.1883,-44.0361],[-65.1886,-44.036],[-65.1888,-44.0359],[-65.1892,-44.0362],[-65.1897,-44.0365],[-65.19,-44.037],[-65.1895,-44.0372],[-65.1897,-44.0377],[-65.1897,-44.0378],[-65.1897,-44.0378],[-65.1897,-44.0378],[-65.1901,-44.0379],[-65.1903,-44.038],[-65.1907,-44.0382],[-65.1913,-44.038],[-65.1914,-44.038],[-65.192,-44.0376],[-65.1924,-44.0378],[-65.1924,-44.0382],[-65.1924,-44.0383],[-65.1926,-44.0384],[-65.1934,-44.0386],[-65.1939,-44.0387],[-65.1951,-44.039],[-65.1953,-44.0399],[-65.1949,-44.0404],[-65.1952,-44.0405],[-65.1959,-44.0405],[-65.196,-44.0408],[-65.1965,-44.041],[-65.1972,-44.041],[-65.1976,-44.041],[-65.1981,-44.0412],[-65.1984,-44.041],[-65.1985,-44.0408],[-65.199,-44.0409],[-65.1994,-44.0412],[-65.1996,-44.0413],[-65.2,-44.0411],[-65.2005,-44.0413],[-65.2009,-44.0415],[-65.2015,-44.0413],[-65.202,-44.0412],[-65.2023,-44.0414],[-65.2024,-44.0414],[-65.2026,-44.0413],[-65.203,-44.0412],[-65.2032,-44.0412],[-65.2036,-44.0414],[-65.2044,-44.0412],[-65.2045,-44.0411],[-65.2051,-44.0408],[-65.2057,-44.0406],[-65.2061,-44.0407],[-65.2071,-44.0407],[-65.2079,-44.0408],[-65.2087,-44.0411],[-65.2094,-44.0415],[-65.2095,-44.0421],[-65.2092,-44.0427],[-65.2091,-44.0433],[-65.2087,-44.0436],[-65.2083,-44.0437],[-65.2077,-44.0438],[-65.2074,-44.044],[-65.2078,-44.0441],[-65.208,-44.0445],[-65.2074,-44.0446],[-65.2075,-44.0448],[-65.2079,-44.0449],[-65.2081,-44.0453],[-65.2079,-44.0456],[-65.2072,-44.0454],[-65.208,-44.0461],[-65.2088,-44.0464],[-65.2096,-44.0469],[-65.2107,-44.0472],[-65.2121,-44.0478],[-65.2128,-44.0478],[-65.2136,-44.0478],[-65.2139,-44.0478],[-65.2148,-44.048],[-65.2154,-44.0482],[-65.2165,-44.0488],[-65.2169,-44.0493],[-65.2181,-44.05],[-65.2182,-44.0503],[-65.2185,-44.0509],[-65.219,-44.0516],[-65.2192,-44.0526],[-65.2195,-44.0541],[-65.2194,-44.0552],[-65.2192,-44.056],[-65.2183,-44.0563],[-65.2182,-44.0564],[-65.2177,-44.0569],[-65.2176,-44.0578],[-65.2182,-44.0583],[-65.2186,-44.0588],[-65.2195,-44.0591],[-65.2199,-44.0592],[-65.2205,-44.0595],[-65.221,-44.0599],[-65.2224,-44.061],[-65.2235,-44.0618],[-65.224,-44.0622],[-65.2258,-44.0627],[-65.2272,-44.0629],[-65.2286,-44.0635],[-65.2303,-44.0648],[-65.2311,-44.0653],[-65.2315,-44.0655],[-65.2325,-44.0659],[-65.2336,-44.0668],[-65.2346,-44.0675],[-65.2359,-44.0685],[-65.2366,-44.0693],[-65.2372,-44.0704],[-65.2374,-44.0711],[-65.2379,-44.0721],[-65.2395,-44.0748],[-65.2401,-44.0756],[-65.2406,-44.0769],[-65.2411,-44.0778],[-65.2418,-44.0803],[-65.2421,-44.083],[-65.242,-44.0858],[-65.2416,-44.0883],[-65.2405,-44.0911],[-65.2397,-44.0927],[-65.2383,-44.0944],[-65.2363,-44.0956],[-65.2353,-44.0958],[-65.2345,-44.0961],[-65.2341,-44.0967],[-65.2342,-44.0974],[-65.2348,-44.0987],[-65.2352,-44.0991],[-65.2362,-44.0995],[-65.2367,-44.1002],[-65.2365,-44.101],[-65.2357,-44.1017],[-65.2353,-44.1022],[-65.2351,-44.1025],[-65.2356,-44.1034],[-65.2356,-44.1038],[-65.2355,-44.1043],[-65.236,-44.1046],[-65.2361,-44.1051],[-65.2363,-44.1056],[-65.2363,-44.1064],[-65.2367,-44.1068],[-65.2368,-44.1072],[-65.2368,-44.1079],[-65.2367,-44.1087],[-65.2364,-44.1091],[-65.2358,-44.1096],[-65.235,-44.1098],[-65.2347,-44.1102],[-65.2346,-44.1109],[-65.2344,-44.1113],[-65.2342,-44.1118],[-65.2335,-44.1123],[-65.2322,-44.1126],[-65.2319,-44.1133],[-65.2316,-44.1138],[-65.2315,-44.1145],[-65.2315,-44.1149],[-65.2319,-44.115],[-65.2326,-44.1152],[-65.2332,-44.1153],[-65.2337,-44.1157],[-65.2338,-44.1163],[-65.2336,-44.1168],[-65.2331,-44.1175],[-65.2327,-44.1181],[-65.2324,-44.1189],[-65.2315,-44.1193],[-65.2309,-44.1195],[-65.2303,-44.1197],[-65.2295,-44.1203],[-65.2288,-44.1206],[-65.2281,-44.1205],[-65.2277,-44.1205],[-65.2271,-44.1207],[-65.227,-44.1209],[-65.227,-44.1214],[-65.2271,-44.1217],[-65.2272,-44.1221],[-65.227,-44.1223],[-65.2268,-44.1229],[-65.2262,-44.1228],[-65.2259,-44.1224],[-65.2256,-44.1222],[-65.225,-44.122],[-65.2246,-44.1216],[-65.2243,-44.1214],[-65.2239,-44.1215],[-65.2234,-44.1216],[-65.2231,-44.1216],[-65.2229,-44.1219],[-65.2227,-44.1221],[-65.2222,-44.1224],[-65.2218,-44.1224],[-65.2211,-44.1225],[-65.2208,-44.1226],[-65.2204,-44.1224],[-65.2201,-44.1221],[-65.2197,-44.1219],[-65.2191,-44.1223],[-65.2182,-44.1225],[-65.2184,-44.1227],[-65.2185,-44.1229],[-65.218,-44.1231],[-65.2182,-44.1234],[-65.2187,-44.1231],[-65.2191,-44.1231],[-65.2192,-44.1231],[-65.2193,-44.1233],[-65.2194,-44.1235],[-65.2193,-44.1237],[-65.2189,-44.1236],[-65.219,-44.1239],[-65.2188,-44.1242],[-65.2183,-44.1242],[-65.2178,-44.1245],[-65.2181,-44.1246],[-65.2181,-44.1249],[-65.2179,-44.1251],[-65.2172,-44.1252],[-65.2164,-44.1253],[-65.2159,-44.1258],[-65.2163,-44.1257],[-65.2165,-44.1256],[-65.2169,-44.1255],[-65.2171,-44.1257],[-65.2169,-44.126],[-65.2166,-44.1263],[-65.2165,-44.1265],[-65.2167,-44.1265],[-65.2171,-44.1265],[-65.2174,-44.1262],[-65.2178,-44.1262],[-65.218,-44.1265],[-65.2182,-44.1267],[-65.218,-44.1272],[-65.218,-44.1274],[-65.2174,-44.1277],[-65.2173,-44.1279],[-65.2173,-44.1281],[-65.2173,-44.1282],[-65.2172,-44.1285],[-65.2167,-44.1283],[-65.2164,-44.1285],[-65.2164,-44.1286],[-65.2167,-44.1287],[-65.217,-44.1288],[-65.2173,-44.1289],[-65.2174,-44.1286],[-65.2175,-44.1285],[-65.2175,-44.1285],[-65.2178,-44.1284],[-65.2182,-44.1285],[-65.2184,-44.1286],[-65.2188,-44.1286],[-65.2191,-44.1285],[-65.2194,-44.1286],[-65.2193,-44.1289],[-65.2192,-44.1291],[-65.2195,-44.1294],[-65.2196,-44.1295],[-65.22,-44.1295],[-65.2204,-44.1296],[-65.2203,-44.13],[-65.2203,-44.1305],[-65.2202,-44.1311],[-65.2197,-44.1316],[-65.2193,-44.1321],[-65.2194,-44.1323],[-65.2191,-44.1325],[-65.2188,-44.1326],[-65.2186,-44.1329],[-65.2188,-44.1332],[-65.219,-44.1335],[-65.2195,-44.1336],[-65.2198,-44.1339],[-65.2199,-44.1338],[-65.2202,-44.1338],[-65.2207,-44.1339],[-65.2207,-44.1341],[-65.2209,-44.1342],[-65.2211,-44.1343],[-65.2212,-44.1345],[-65.2215,-44.1348],[-65.2214,-44.135],[-65.2214,-44.1352],[-65.2213,-44.1356],[-65.2211,-44.1359],[-65.2209,-44.1362],[-65.2208,-44.1362],[-65.2205,-44.1364],[-65.2204,-44.1368],[-65.2207,-44.1371],[-65.2212,-44.1371],[-65.2213,-44.1374],[-65.2216,-44.1374],[-65.2219,-44.1376],[-65.2222,-44.1377],[-65.2224,-44.1379],[-65.2225,-44.138],[-65.2225,-44.1382],[-65.2224,-44.1383],[-65.2223,-44.1385],[-65.2225,-44.1386],[-65.2224,-44.1387],[-65.2223,-44.1389],[-65.2222,-44.139],[-65.2223,-44.1392],[-65.2226,-44.139],[-65.2229,-44.139],[-65.223,-44.1391],[-65.2232,-44.1391],[-65.2235,-44.1391],[-65.2239,-44.1393],[-65.224,-44.1395],[-65.2241,-44.1396],[-65.2242,-44.1396],[-65.2245,-44.1397],[-65.2246,-44.1395],[-65.2246,-44.1395],[-65.2247,-44.1394],[-65.2253,-44.1392],[-65.2257,-44.1392],[-65.2261,-44.1393],[-65.2264,-44.1392],[-65.2268,-44.1392],[-65.2271,-44.1394],[-65.2274,-44.1397],[-65.2273,-44.1401],[-65.2274,-44.1403],[-65.2277,-44.1405],[-65.2281,-44.1406],[-65.2288,-44.1405],[-65.2292,-44.1405],[-65.2296,-44.1406],[-65.2298,-44.141],[-65.2296,-44.1413],[-65.2294,-44.1415],[-65.2291,-44.1415],[-65.2292,-44.1417],[-65.2296,-44.1417],[-65.2297,-44.1418],[-65.2301,-44.1419],[-65.2302,-44.1422],[-65.2303,-44.1424],[-65.2309,-44.1424],[-65.231,-44.1426],[-65.2309,-44.1429],[-65.2311,-44.143],[-65.2317,-44.1428],[-65.2323,-44.143],[-65.2325,-44.1434],[-65.2327,-44.1439],[-65.2327,-44.1442],[-65.233,-44.1446],[-65.2332,-44.1449],[-65.2333,-44.1452],[-65.233,-44.1457],[-65.233,-44.1458],[-65.2334,-44.1458],[-65.2336,-44.1457],[-65.2338,-44.1454],[-65.2341,-44.1455],[-65.2345,-44.1452],[-65.2349,-44.1451],[-65.2352,-44.1454],[-65.2354,-44.1456],[-65.2355,-44.1459],[-65.236,-44.1459],[-65.2369,-44.1459],[-65.2377,-44.1459],[-65.2381,-44.1458],[-65.2385,-44.1456],[-65.2389,-44.1456],[-65.2391,-44.1458],[-65.2392,-44.146],[-65.2393,-44.1464],[-65.2395,-44.1464],[-65.2396,-44.1465],[-65.2397,-44.1467],[-65.2398,-44.1469],[-65.24,-44.1466],[-65.24,-44.1469],[-65.2402,-44.147],[-65.2402,-44.147],[-65.2402,-44.147],[-65.2402,-44.147],[-65.2403,-44.147],[-65.2404,-44.147],[-65.2408,-44.1469],[-65.241,-44.147],[-65.241,-44.147],[-65.241,-44.147],[-65.2416,-44.1468],[-65.2418,-44.1467],[-65.2423,-44.1467],[-65.2429,-44.1467],[-65.2436,-44.1465],[-65.244,-44.1465],[-65.2441,-44.1465],[-65.2441,-44.1465],[-65.2449,-44.1463],[-65.2456,-44.1464],[-65.2462,-44.1463],[-65.247,-44.1466],[-65.2474,-44.1466],[-65.2477,-44.1465],[-65.2478,-44.1467],[-65.2481,-44.1468],[-65.2487,-44.1467],[-65.2492,-44.1467],[-65.2497,-44.1468],[-65.2502,-44.147],[-65.2503,-44.147],[-65.2508,-44.147],[-65.2508,-44.147],[-65.2512,-44.1467],[-65.2516,-44.1464],[-65.2519,-44.1461],[-65.2519,-44.1461],[-65.2519,-44.1461],[-65.2521,-44.1455],[-65.2522,-44.1449],[-65.2525,-44.1446],[-65.2529,-44.1445],[-65.2531,-44.1442],[-65.2536,-44.1441],[-65.2542,-44.144],[-65.2549,-44.144],[-65.2556,-44.1442],[-65.2564,-44.1443],[-65.257,-44.1443],[-65.2575,-44.1443],[-65.2582,-44.1442],[-65.2589,-44.1439],[-65.2597,-44.1438],[-65.2607,-44.1438],[-65.2625,-44.1438],[-65.2639,-44.1437],[-65.2648,-44.1438],[-65.2663,-44.144],[-65.2682,-44.1443],[-65.269,-44.1444],[-65.2698,-44.1447],[-65.2707,-44.1449],[-65.2716,-44.145],[-65.2721,-44.1451],[-65.2744,-44.1459],[-65.2755,-44.1464],[-65.2764,-44.1469],[-65.2765,-44.147],[-65.2769,-44.1474],[-65.2773,-44.1479],[-65.2772,-44.1484],[-65.277,-44.1487],[-65.2771,-44.1492],[-65.2773,-44.1495],[-65.2773,-44.1497],[-65.2777,-44.1503],[-65.2777,-44.1503],[-65.2777,-44.1503],[-65.2782,-44.1505],[-65.2787,-44.1507],[-65.279,-44.1509],[-65.2793,-44.1513],[-65.2795,-44.1516],[-65.2798,-44.1521],[-65.2798,-44.1521],[-65.2799,-44.1523],[-65.2801,-44.1523],[-65.2804,-44.1524],[-65.281,-44.1526],[-65.2816,-44.1528],[-65.2822,-44.1535],[-65.2822,-44.1538],[-65.2826,-44.154],[-65.2826,-44.1542],[-65.2828,-44.1547],[-65.2833,-44.1549],[-65.2834,-44.155],[-65.2837,-44.1551],[-65.2838,-44.1549],[-65.2838,-44.1549],[-65.284,-44.1547],[-65.2842,-44.154],[-65.2841,-44.1535],[-65.2848,-44.1534],[-65.2856,-44.1537],[-65.2864,-44.1539],[-65.2877,-44.1548],[-65.2891,-44.1559],[-65.2903,-44.1571],[-65.2913,-44.1581],[-65.2922,-44.159],[-65.2931,-44.1601],[-65.2942,-44.1613],[-65.2949,-44.1624],[-65.2956,-44.1633],[-65.296,-44.164],[-65.2965,-44.1645],[-65.2973,-44.1651],[-65.2978,-44.1653],[-65.2981,-44.1654],[-65.2983,-44.1658],[-65.2982,-44.1664],[-65.2982,-44.1669],[-65.2985,-44.1673],[-65.2992,-44.1682],[-65.3,-44.1693],[-65.3005,-44.1699],[-65.3008,-44.1706],[-65.3012,-44.1711],[-65.3017,-44.172],[-65.302,-44.1727],[-65.3024,-44.1732],[-65.3025,-44.1735],[-65.3028,-44.1739],[-65.3035,-44.175],[-65.3038,-44.1754],[-65.3043,-44.1765],[-65.3047,-44.1773],[-65.3051,-44.178],[-65.3056,-44.1792],[-65.3062,-44.1806],[-65.3066,-44.181],[-65.3067,-44.1816],[-65.307,-44.1823],[-65.3071,-44.1829],[-65.3073,-44.1834],[-65.3077,-44.1843],[-65.3079,-44.1852],[-65.3082,-44.1861],[-65.3085,-44.1869],[-65.3087,-44.1877],[-65.3091,-44.189],[-65.3093,-44.19],[-65.3096,-44.1909],[-65.3098,-44.1918],[-65.3101,-44.1928],[-65.3103,-44.194],[-65.3106,-44.1957],[-65.3108,-44.1966],[-65.3109,-44.1974],[-65.3111,-44.1985],[-65.3112,-44.1993],[-65.3113,-44.2004],[-65.3114,-44.2012],[-65.3116,-44.2028],[-65.3118,-44.2043],[-65.3118,-44.2063],[-65.3119,-44.2089],[-65.3119,-44.2122],[-65.3117,-44.2146],[-65.3117,-44.2169],[-65.3114,-44.2189],[-65.3111,-44.2209],[-65.3108,-44.2221],[-65.3096,-44.227],[-65.3087,-44.2299],[-65.3075,-44.2334],[-65.306,-44.2375],[-65.305,-44.2397],[-65.3031,-44.2435],[-65.3026,-44.2445],[-65.2986,-44.2511],[-65.2964,-44.2543],[-65.2934,-44.2584],[-65.2913,-44.2605],[-65.2891,-44.2626],[-65.2882,-44.2634],[-65.2858,-44.2652],[-65.2796,-44.2695],[-65.2782,-44.2698],[-65.2768,-44.2702],[-65.275,-44.2705],[-65.2732,-44.2702],[-65.2719,-44.27],[-65.2711,-44.2707],[-65.2702,-44.2717],[-65.27,-44.2731],[-65.2707,-44.2751],[-65.2718,-44.2765],[-65.2732,-44.2776],[-65.274,-44.2781],[-65.2746,-44.2792],[-65.2749,-44.2805],[-65.2749,-44.2816],[-65.2748,-44.2837],[-65.2743,-44.2856],[-65.2737,-44.2884],[-65.2727,-44.2913],[-65.2723,-44.2922],[-65.2716,-44.294],[-65.2711,-44.2959],[-65.2712,-44.2974],[-65.2708,-44.2988],[-65.2698,-44.3005],[-65.2681,-44.303],[-65.2669,-44.3043],[-65.2651,-44.3057],[-65.2634,-44.3068],[-65.2614,-44.3076],[-65.2601,-44.3081],[-65.259,-44.3076],[-65.2583,-44.3073],[-65.2571,-44.3079],[-65.2562,-44.3082],[-65.2556,-44.3086],[-65.2544,-44.3085],[-65.2535,-44.3083],[-65.253,-44.3083],[-65.253,-44.3089],[-65.2536,-44.3094],[-65.2544,-44.3099],[-65.2551,-44.3103],[-65.2555,-44.3106],[-65.2563,-44.3112],[-65.2574,-44.3117],[-65.2582,-44.312],[-65.2593,-44.3127],[-65.2605,-44.3136],[-65.2613,-44.3147],[-65.2615,-44.3156],[-65.2616,-44.3172],[-65.2614,-44.3189],[-65.2613,-44.3201],[-65.2611,-44.3211],[-65.2601,-44.3243],[-65.2588,-44.3273],[-65.2548,-44.3324],[-65.252,-44.3349],[-65.2498,-44.3362],[-65.2471,-44.3376],[-65.2451,-44.338],[-65.2426,-44.338],[-65.2416,-44.3376],[-65.2408,-44.3371],[-65.2402,-44.3367],[-65.2395,-44.3365],[-65.239,-44.3367],[-65.238,-44.3369],[-65.2373,-44.337],[-65.2369,-44.3369],[-65.2364,-44.3366],[-65.2359,-44.3366],[-65.2351,-44.3367],[-65.2347,-44.3366],[-65.2339,-44.3357],[-65.2333,-44.3352],[-65.2326,-44.3348],[-65.232,-44.3347],[-65.2303,-44.3341],[-65.2294,-44.334],[-65.2284,-44.3341],[-65.2276,-44.3341],[-65.2274,-44.3341],[-65.2266,-44.3349],[-65.226,-44.3357],[-65.2251,-44.3366],[-65.2247,-44.337],[-65.2245,-44.3373],[-65.2239,-44.3379],[-65.2238,-44.3384],[-65.2241,-44.339],[-65.2246,-44.3392],[-65.2251,-44.3396],[-65.2256,-44.34],[-65.2255,-44.3407],[-65.2249,-44.3415],[-65.2244,-44.3423],[-65.2238,-44.3432],[-65.2236,-44.3438],[-65.2239,-44.3442],[-65.2242,-44.3447],[-65.2249,-44.3452],[-65.2253,-44.3461],[-65.2258,-44.3465],[-65.226,-44.3471],[-65.2262,-44.3478],[-65.2263,-44.3487],[-65.226,-44.3495],[-65.2257,-44.3502],[-65.2253,-44.3504],[-65.225,-44.3505],[-65.2246,-44.3505],[-65.2243,-44.3508],[-65.2241,-44.3513],[-65.224,-44.3519],[-65.224,-44.3522],[-65.2236,-44.3526],[-65.2235,-44.3527],[-65.2235,-44.3532],[-65.2235,-44.354],[-65.2228,-44.3548],[-65.2223,-44.3553],[-65.2217,-44.356],[-65.2218,-44.3565],[-65.2222,-44.3571],[-65.2225,-44.3576],[-65.223,-44.358],[-65.2233,-44.3587],[-65.2238,-44.3593],[-65.2238,-44.3597],[-65.2239,-44.3603],[-65.2237,-44.3607],[-65.2234,-44.361],[-65.2232,-44.3614],[-65.2232,-44.3619],[-65.223,-44.3625],[-65.2226,-44.3628],[-65.2225,-44.3634],[-65.2221,-44.3638],[-65.2216,-44.364],[-65.2206,-44.364],[-65.2196,-44.3641],[-65.2186,-44.3644],[-65.2182,-44.3646],[-65.2178,-44.3653],[-65.2177,-44.3658],[-65.2173,-44.3663],[-65.2167,-44.3663],[-65.2167,-44.3667],[-65.218,-44.3678],[-65.2184,-44.3687],[-65.2189,-44.3694],[-65.2194,-44.3694],[-65.2198,-44.3691],[-65.2202,-44.3692],[-65.2208,-44.3689],[-65.2216,-44.3687],[-65.2231,-44.3685],[-65.224,-44.3687],[-65.2247,-44.3689],[-65.2254,-44.3694],[-65.2256,-44.3698],[-65.2256,-44.3699],[-65.2257,-44.3698],[-65.2257,-44.3696],[-65.2263,-44.3695],[-65.2272,-44.3694],[-65.2281,-44.3694],[-65.229,-44.3695],[-65.2298,-44.3698],[-65.2305,-44.3703],[-65.2315,-44.3709],[-65.2322,-44.3718],[-65.2328,-44.3728],[-65.2332,-44.3739],[-65.2336,-44.3754],[-65.2334,-44.3766],[-65.2329,-44.3774],[-65.2326,-44.3777],[-65.2326,-44.3781],[-65.2329,-44.3784],[-65.2332,-44.379],[-65.2331,-44.3798],[-65.2333,-44.3802],[-65.233,-44.3806],[-65.2333,-44.3809],[-65.2336,-44.3811],[-65.2337,-44.3814],[-65.2338,-44.3817],[-65.2335,-44.3822],[-65.233,-44.3824],[-65.2331,-44.3826],[-65.2334,-44.3827],[-65.2338,-44.3828],[-65.2341,-44.3833],[-65.2338,-44.3836],[-65.2339,-44.3838],[-65.2337,-44.3841],[-65.2335,-44.3844],[-65.2336,-44.3849],[-65.2337,-44.3854],[-65.2338,-44.3855],[-65.2341,-44.3855],[-65.2346,-44.3853],[-65.2351,-44.3852],[-65.2354,-44.3853],[-65.2359,-44.3854],[-65.2361,-44.3858],[-65.236,-44.3863],[-65.2359,-44.3866],[-65.236,-44.3867],[-65.2362,-44.3869],[-65.2367,-44.3867],[-65.2371,-44.3864],[-65.2379,-44.3863],[-65.2382,-44.3862],[-65.2382,-44.3861],[-65.2386,-44.386],[-65.2395,-44.3859],[-65.2399,-44.3861],[-65.2403,-44.3863],[-65.2404,-44.3868],[-65.2404,-44.3869],[-65.2405,-44.3871],[-65.2412,-44.3871],[-65.2419,-44.3865],[-65.2423,-44.3861],[-65.2424,-44.386],[-65.2431,-44.3857],[-65.2437,-44.3855],[-65.2442,-44.3854],[-65.2446,-44.3855],[-65.2449,-44.3858],[-65.2456,-44.3859],[-65.246,-44.3859],[-65.2464,-44.3858],[-65.2467,-44.3861],[-65.247,-44.3862],[-65.2473,-44.3862],[-65.2481,-44.3865],[-65.2486,-44.3867],[-65.2488,-44.3867],[-65.2491,-44.387],[-65.2491,-44.387],[-65.2494,-44.3872],[-65.2495,-44.3871],[-65.2499,-44.3871],[-65.2503,-44.387],[-65.2508,-44.3871],[-65.2511,-44.3874],[-65.2514,-44.3878],[-65.2514,-44.388],[-65.2514,-44.3881],[-65.2517,-44.3881],[-65.252,-44.3882],[-65.253,-44.388],[-65.2536,-44.3877],[-65.2539,-44.3874],[-65.2543,-44.3873],[-65.2545,-44.3871],[-65.2545,-44.3867],[-65.2551,-44.3863],[-65.2552,-44.3863],[-65.2559,-44.386],[-65.2569,-44.386],[-65.258,-44.3863],[-65.2603,-44.3872],[-65.262,-44.3883],[-65.2621,-44.3884],[-65.263,-44.3891],[-65.2641,-44.3902],[-65.2648,-44.3912],[-65.2652,-44.3918],[-65.266,-44.3922],[-65.2666,-44.3929],[-65.2672,-44.3935],[-65.2677,-44.3941],[-65.2679,-44.3948],[-65.2679,-44.3955],[-65.2676,-44.3961],[-65.2673,-44.3963],[-65.2669,-44.3967],[-65.2666,-44.3967],[-65.2662,-44.3971],[-65.2662,-44.3974],[-65.2658,-44.3978],[-65.2656,-44.3979],[-65.2652,-44.3981],[-65.265,-44.3983],[-65.2648,-44.3986],[-65.2648,-44.3987],[-65.2649,-44.3988],[-65.2655,-44.3991],[-65.2658,-44.3993],[-65.2662,-44.3997],[-65.2665,-44.3995],[-65.2669,-44.3996],[-65.2673,-44.3996],[-65.2675,-44.3995],[-65.2677,-44.3993],[-65.268,-44.3993],[-65.2681,-44.3991],[-65.2686,-44.3992],[-65.2691,-44.399],[-65.2695,-44.3992],[-65.2698,-44.3997],[-65.2698,-44.4],[-65.2695,-44.4005],[-65.2691,-44.4009],[-65.2694,-44.4011],[-65.2697,-44.4014],[-65.27,-44.4018],[-65.2695,-44.4023],[-65.269,-44.4025],[-65.2685,-44.4026],[-65.2686,-44.4029],[-65.269,-44.4031],[-65.2692,-44.4034],[-65.2693,-44.4037],[-65.2696,-44.4039],[-65.2699,-44.404],[-65.2699,-44.4041],[-65.2702,-44.4042],[-65.2702,-44.4042],[-65.2704,-44.4043],[-65.2705,-44.4043],[-65.2708,-44.4043],[-65.271,-44.4042],[-65.2714,-44.4041],[-65.2718,-44.404],[-65.2721,-44.4041],[-65.2722,-44.4043],[-65.2724,-44.4046],[-65.2723,-44.4051],[-65.2718,-44.4054],[-65.2709,-44.4056],[-65.2704,-44.4058],[-65.2703,-44.406],[-65.2702,-44.4062],[-65.2697,-44.4062],[-65.2695,-44.4064],[-65.2699,-44.4067],[-65.2702,-44.4068],[-65.2705,-44.4067],[-65.2707,-44.4064],[-65.271,-44.406],[-65.2717,-44.4059],[-65.2724,-44.4057],[-65.2726,-44.4059],[-65.273,-44.4057],[-65.2734,-44.4057],[-65.2737,-44.4057],[-65.2741,-44.4056],[-65.2747,-44.4058],[-65.2752,-44.4062],[-65.2754,-44.4067],[-65.2756,-44.4073],[-65.2759,-44.4077],[-65.2761,-44.4079],[-65.2763,-44.4081],[-65.2766,-44.4084],[-65.2772,-44.4085],[-65.2776,-44.4085],[-65.2785,-44.4086],[-65.2787,-44.4086],[-65.2792,-44.4088],[-65.2794,-44.4091],[-65.28,-44.4092],[-65.2808,-44.4087],[-65.2813,-44.4086],[-65.2822,-44.4086],[-65.2831,-44.4087],[-65.2839,-44.4089],[-65.2844,-44.4091],[-65.2848,-44.4095],[-65.2853,-44.4099],[-65.2855,-44.4109],[-65.2855,-44.4119],[-65.2852,-44.4123],[-65.2849,-44.4126],[-65.2843,-44.4128],[-65.2839,-44.4129],[-65.2834,-44.4133],[-65.2836,-44.4136],[-65.2837,-44.4139],[-65.2839,-44.4141],[-65.284,-44.4143],[-65.2841,-44.4143],[-65.2842,-44.4144],[-65.2845,-44.4144],[-65.2848,-44.4144],[-65.2851,-44.4145],[-65.2855,-44.4148],[-65.2861,-44.4151],[-65.2861,-44.4156],[-65.2857,-44.4161],[-65.2855,-44.4161],[-65.2849,-44.4161],[-65.2844,-44.4163],[-65.2836,-44.4165],[-65.2832,-44.4165],[-65.2828,-44.4169],[-65.2824,-44.4167],[-65.2821,-44.4166],[-65.282,-44.4166],[-65.2819,-44.4169],[-65.2816,-44.4169],[-65.2812,-44.4168],[-65.2811,-44.4171],[-65.2811,-44.4173],[-65.281,-44.4178],[-65.2809,-44.4179],[-65.2806,-44.418],[-65.2799,-44.4182],[-65.2792,-44.4186],[-65.2787,-44.4192],[-65.2785,-44.4195],[-65.2775,-44.4197],[-65.2771,-44.4199],[-65.2772,-44.42],[-65.2776,-44.4201],[-65.2777,-44.4203],[-65.2779,-44.4204],[-65.2781,-44.4207],[-65.2783,-44.4208],[-65.2786,-44.4208],[-65.2785,-44.4206],[-65.2785,-44.4203],[-65.2789,-44.4202],[-65.2792,-44.4201],[-65.2796,-44.4202],[-65.2794,-44.4199],[-65.2795,-44.4197],[-65.2796,-44.4197],[-65.28,-44.4196],[-65.281,-44.4197],[-65.2816,-44.42],[-65.2819,-44.42],[-65.2827,-44.4202],[-65.283,-44.4204],[-65.2827,-44.4208],[-65.2822,-44.4208],[-65.282,-44.4209],[-65.2817,-44.4211],[-65.2812,-44.4212],[-65.2807,-44.4213],[-65.2806,-44.4216],[-65.2808,-44.4218],[-65.2812,-44.4219],[-65.2812,-44.422],[-65.2819,-44.4221],[-65.2824,-44.4224],[-65.2829,-44.4224],[-65.2834,-44.4223],[-65.2838,-44.4224],[-65.2844,-44.4224],[-65.2849,-44.4224],[-65.285,-44.4222],[-65.285,-44.4222],[-65.2853,-44.422],[-65.2866,-44.4221],[-65.2867,-44.4223],[-65.2869,-44.4225],[-65.2874,-44.4227],[-65.2876,-44.4227],[-65.2879,-44.4226],[-65.288,-44.4225],[-65.2879,-44.4221],[-65.2878,-44.422],[-65.2878,-44.4219],[-65.288,-44.4217],[-65.289,-44.4216],[-65.2897,-44.4212],[-65.2911,-44.4214],[-65.2923,-44.422],[-65.2927,-44.4228],[-65.2926,-44.4235],[-65.2921,-44.4239],[-65.2923,-44.4244],[-65.2923,-44.4251],[-65.2922,-44.4263],[-65.2921,-44.4266],[-65.2916,-44.427],[-65.2903,-44.4271],[-65.2895,-44.4274],[-65.2889,-44.4271],[-65.2881,-44.4273],[-65.2874,-44.4275],[-65.2871,-44.4276],[-65.2865,-44.4275],[-65.2857,-44.4276],[-65.2852,-44.4276],[-65.2852,-44.428],[-65.2845,-44.4281],[-65.2837,-44.4279],[-65.2831,-44.4282],[-65.2824,-44.4286],[-65.2825,-44.429],[-65.2826,-44.4292],[-65.2833,-44.4294],[-65.2835,-44.4296],[-65.2836,-44.4301],[-65.2838,-44.4304],[-65.2842,-44.4303],[-65.2847,-44.4304],[-65.2853,-44.4307],[-65.2857,-44.431],[-65.286,-44.4309],[-65.286,-44.4307],[-65.2861,-44.4305],[-65.2866,-44.4306],[-65.2869,-44.4308],[-65.287,-44.4307],[-65.2872,-44.4305],[-65.2875,-44.4305],[-65.2876,-44.4303],[-65.2875,-44.43],[-65.2879,-44.43],[-65.288,-44.43],[-65.2882,-44.4297],[-65.2886,-44.4299],[-65.2888,-44.4301],[-65.2891,-44.4298],[-65.2896,-44.4297],[-65.2902,-44.4297],[-65.2905,-44.43],[-65.2908,-44.43],[-65.2912,-44.43],[-65.2918,-44.4299],[-65.2919,-44.4299],[-65.2923,-44.43],[-65.2925,-44.43],[-65.2932,-44.4294],[-65.294,-44.4292],[-65.2943,-44.429],[-65.2945,-44.4289],[-65.2946,-44.4288],[-65.2948,-44.4289],[-65.295,-44.4289],[-65.2952,-44.4288],[-65.2953,-44.4288],[-65.2954,-44.4286],[-65.2962,-44.4282],[-65.2971,-44.4284],[-65.2974,-44.4287],[-65.2983,-44.4292],[-65.2986,-44.4293],[-65.2988,-44.4294],[-65.2988,-44.4295],[-65.2991,-44.4297],[-65.2993,-44.43],[-65.2995,-44.4298],[-65.2995,-44.4294],[-65.2994,-44.4292],[-65.2992,-44.429],[-65.299,-44.4289],[-65.2989,-44.4284],[-65.2991,-44.4281],[-65.299,-44.4278],[-65.299,-44.4276],[-65.2991,-44.4272],[-65.2991,-44.4272],[-65.2995,-44.4265],[-65.2997,-44.4262],[-65.2996,-44.4259],[-65.2996,-44.4254],[-65.2996,-44.4254],[-65.2996,-44.4252],[-65.3003,-44.4244],[-65.3011,-44.424],[-65.3014,-44.424],[-65.3017,-44.4241],[-65.3023,-44.4241],[-65.3029,-44.4238],[-65.303,-44.4238],[-65.3036,-44.4238],[-65.3044,-44.4237],[-65.3047,-44.4238],[-65.3052,-44.424],[-65.3054,-44.4242],[-65.3057,-44.4249],[-65.3059,-44.4252],[-65.3062,-44.4256],[-65.3062,-44.4258],[-65.306,-44.4262],[-65.3061,-44.4263],[-65.3061,-44.4264],[-65.3062,-44.4264],[-65.3064,-44.4263],[-65.3066,-44.4261],[-65.3073,-44.4261],[-65.3076,-44.4263],[-65.3081,-44.4264],[-65.3083,-44.4268],[-65.3083,-44.427],[-65.3083,-44.4274],[-65.3081,-44.4277],[-65.308,-44.4278],[-65.3081,-44.428],[-65.3085,-44.4278],[-65.3092,-44.4274],[-65.3101,-44.4271],[-65.3104,-44.427],[-65.3109,-44.4269],[-65.3117,-44.4269],[-65.3124,-44.4273],[-65.3133,-44.4279],[-65.3136,-44.4287],[-65.3135,-44.4296],[-65.3133,-44.4298],[-65.3133,-44.4304],[-65.3132,-44.4313],[-65.313,-44.4316],[-65.3126,-44.4317],[-65.3123,-44.4322],[-65.3118,-44.4325],[-65.3114,-44.4327],[-65.3112,-44.433],[-65.3112,-44.4333],[-65.3111,-44.4334],[-65.311,-44.4339],[-65.3111,-44.4341],[-65.3114,-44.4342],[-65.3118,-44.4346],[-65.3118,-44.435],[-65.3119,-44.4355],[-65.3122,-44.436],[-65.3121,-44.4365],[-65.312,-44.4369],[-65.312,-44.4372],[-65.3117,-44.4376],[-65.3114,-44.4379],[-65.3109,-44.4376],[-65.3105,-44.4374],[-65.3096,-44.4371],[-65.3093,-44.4372],[-65.3093,-44.4375],[-65.3089,-44.4377],[-65.3084,-44.4376],[-65.3083,-44.4375],[-65.3077,-44.4375],[-65.308,-44.4379],[-65.3081,-44.4382],[-65.3084,-44.4385],[-65.3086,-44.4387],[-65.3087,-44.439],[-65.3086,-44.4394],[-65.3082,-44.4395],[-65.308,-44.44],[-65.3076,-44.4404],[-65.3077,-44.4408],[-65.308,-44.4413],[-65.3085,-44.4418],[-65.3087,-44.4421],[-65.3088,-44.4424],[-65.3089,-44.4425],[-65.3093,-44.4428],[-65.3096,-44.4431],[-65.3099,-44.443],[-65.3102,-44.4426],[-65.3102,-44.4425],[-65.3108,-44.4423],[-65.3113,-44.4423],[-65.3117,-44.4425],[-65.3118,-44.4425],[-65.312,-44.4426],[-65.3123,-44.4428],[-65.313,-44.4426],[-65.3132,-44.4427],[-65.3137,-44.4425],[-65.3142,-44.4426],[-65.3144,-44.4426],[-65.3146,-44.4426],[-65.3151,-44.4427],[-65.316,-44.4428],[-65.3166,-44.4432],[-65.3169,-44.4438],[-65.317,-44.4441],[-65.3168,-44.4446],[-65.3164,-44.4447],[-65.3165,-44.4451],[-65.3164,-44.4455],[-65.3161,-44.4455],[-65.3159,-44.4452],[-65.3159,-44.4455],[-65.3159,-44.4459],[-65.3158,-44.4461],[-65.3159,-44.4465],[-65.3161,-44.4468],[-65.3165,-44.4469],[-65.3169,-44.4467],[-65.3173,-44.4468],[-65.3172,-44.4472],[-65.3169,-44.4476],[-65.317,-44.4483],[-65.3171,-44.4489],[-65.3171,-44.4494],[-65.3172,-44.4497],[-65.3175,-44.45],[-65.3177,-44.4502],[-65.3182,-44.4504],[-65.3183,-44.4505],[-65.3186,-44.45],[-65.3188,-44.4495],[-65.3191,-44.4495],[-65.3195,-44.4493],[-65.3195,-44.4489],[-65.3198,-44.4486],[-65.3199,-44.4482],[-65.3205,-44.4477],[-65.3209,-44.4473],[-65.3213,-44.4472],[-65.3216,-44.4471],[-65.3226,-44.4472],[-65.3233,-44.4476],[-65.3236,-44.4479],[-65.3243,-44.448],[-65.3251,-44.4481],[-65.3257,-44.4483],[-65.3265,-44.4486],[-65.3274,-44.4487],[-65.3283,-44.4492],[-65.3288,-44.4497],[-65.3289,-44.4506],[-65.3288,-44.4513],[-65.3285,-44.4517],[-65.3283,-44.4518],[-65.3279,-44.4519],[-65.3274,-44.4523],[-65.3275,-44.4524],[-65.3278,-44.4525],[-65.3281,-44.4523],[-65.3281,-44.4522],[-65.3288,-44.4521],[-65.3289,-44.4521],[-65.3295,-44.4522],[-65.3295,-44.4523],[-65.3297,-44.4526],[-65.3304,-44.4529],[-65.331,-44.4529],[-65.3313,-44.453],[-65.3316,-44.4531],[-65.3328,-44.4539],[-65.3333,-44.4542],[-65.3337,-44.4546],[-65.334,-44.4553],[-65.3345,-44.456],[-65.3345,-44.4572],[-65.3345,-44.4588],[-65.3342,-44.4599],[-65.3336,-44.4608],[-65.3327,-44.4623],[-65.3318,-44.4632],[-65.3308,-44.4638],[-65.3297,-44.4639],[-65.3293,-44.4642],[-65.3286,-44.4648],[-65.3275,-44.4659],[-65.3258,-44.4665],[-65.3246,-44.4664],[-65.3242,-44.4661],[-65.324,-44.4655],[-65.324,-44.4652],[-65.3239,-44.4649],[-65.3234,-44.4644],[-65.3232,-44.4644],[-65.3228,-44.4644],[-65.3224,-44.4647],[-65.3219,-44.4653],[-65.3213,-44.4654],[-65.3208,-44.4653],[-65.3208,-44.4651],[-65.3205,-44.4652],[-65.32,-44.4657],[-65.3191,-44.4658],[-65.3184,-44.4659],[-65.3177,-44.4655],[-65.3172,-44.4652],[-65.3168,-44.4656],[-65.3161,-44.4656],[-65.3157,-44.4659],[-65.3154,-44.4664],[-65.3155,-44.4671],[-65.3149,-44.4675],[-65.3144,-44.4676],[-65.3142,-44.4683],[-65.3133,-44.4686],[-65.3127,-44.4683],[-65.3121,-44.4678],[-65.3116,-44.4675],[-65.3111,-44.4674],[-65.3111,-44.468],[-65.3113,-44.4682],[-65.3112,-44.4685],[-65.3116,-44.4688],[-65.3118,-44.4689],[-65.3122,-44.4692],[-65.3121,-44.4694],[-65.3116,-44.4695],[-65.3112,-44.4695],[-65.3109,-44.4699],[-65.3109,-44.4702],[-65.3112,-44.4707],[-65.3112,-44.4711],[-65.3115,-44.4713],[-65.3119,-44.4713],[-65.3122,-44.4712],[-65.3126,-44.471],[-65.3129,-44.4708],[-65.3133,-44.4708],[-65.3135,-44.4711],[-65.3136,-44.4714],[-65.3135,-44.4718],[-65.3131,-44.4719],[-65.312,-44.4719],[-65.3116,-44.4718],[-65.311,-44.4719],[-65.3108,-44.4723],[-65.3109,-44.4726],[-65.3115,-44.4728],[-65.312,-44.4734],[-65.3122,-44.4734],[-65.3126,-44.4732],[-65.3134,-44.4734],[-65.3137,-44.4736],[-65.3139,-44.4738],[-65.3143,-44.4743],[-65.3146,-44.4744],[-65.3146,-44.4747],[-65.3149,-44.475],[-65.3147,-44.4755],[-65.3146,-44.4757],[-65.3149,-44.4759],[-65.3153,-44.4758],[-65.3156,-44.476],[-65.3156,-44.4762],[-65.3155,-44.4766],[-65.3156,-44.4768],[-65.3161,-44.4771],[-65.3159,-44.4777],[-65.3152,-44.4779],[-65.3151,-44.4781],[-65.3153,-44.4782],[-65.3157,-44.4783],[-65.3161,-44.4784],[-65.3163,-44.4786],[-65.3159,-44.4788],[-65.3156,-44.4789],[-65.3159,-44.4792],[-65.3163,-44.4791],[-65.3165,-44.4792],[-65.3166,-44.4798],[-65.3163,-44.48],[-65.3163,-44.4805],[-65.317,-44.4806],[-65.317,-44.4809],[-65.3168,-44.4812],[-65.317,-44.4815],[-65.3177,-44.4815],[-65.3185,-44.4818],[-65.3188,-44.4821],[-65.3186,-44.4825],[-65.3185,-44.4829],[-65.3185,-44.4832],[-65.3188,-44.4834],[-65.3186,-44.4839],[-65.3187,-44.4842],[-65.3187,-44.4843],[-65.3189,-44.4844],[-65.3192,-44.4845],[-65.3194,-44.4843],[-65.3197,-44.4841],[-65.3198,-44.4838],[-65.32,-44.4835],[-65.3207,-44.4832],[-65.3208,-44.4832],[-65.3212,-44.4832],[-65.3215,-44.4833],[-65.322,-44.4836],[-65.3225,-44.4838],[-65.323,-44.4843],[-65.3234,-44.4851],[-65.3236,-44.4858],[-65.3234,-44.4869],[-65.3232,-44.4879],[-65.3224,-44.4888],[-65.3219,-44.4896],[-65.3208,-44.4907],[-65.32,-44.4915],[-65.3184,-44.4927],[-65.3179,-44.493],[-65.3163,-44.4938],[-65.3146,-44.4942],[-65.312,-44.4948],[-65.3106,-44.4946],[-65.3094,-44.4941],[-65.3088,-44.4936],[-65.3084,-44.4929],[-65.3083,-44.4922],[-65.3085,-44.492],[-65.3083,-44.4915],[-65.3076,-44.4915],[-65.3067,-44.4917],[-65.3059,-44.492],[-65.3047,-44.4919],[-65.3041,-44.4915],[-65.3037,-44.4912],[-65.3035,-44.4909],[-65.303,-44.491],[-65.3025,-44.4911],[-65.3021,-44.4914],[-65.3019,-44.4918],[-65.3016,-44.4924],[-65.3005,-44.4928],[-65.2991,-44.4926],[-65.2981,-44.4923],[-65.2979,-44.4919],[-65.2978,-44.4913],[-65.2978,-44.4913],[-65.2979,-44.4909],[-65.298,-44.4905],[-65.298,-44.4898],[-65.2983,-44.4895],[-65.2978,-44.4895],[-65.2975,-44.4895],[-65.2972,-44.4896],[-65.2963,-44.4901],[-65.2957,-44.4901],[-65.2955,-44.4905],[-65.2955,-44.491],[-65.2949,-44.4912],[-65.2944,-44.4912],[-65.2941,-44.4913],[-65.293,-44.4914],[-65.2917,-44.491],[-65.2914,-44.4907],[-65.2912,-44.4912],[-65.2908,-44.4916],[-65.2904,-44.4923],[-65.2905,-44.4927],[-65.2904,-44.493],[-65.29,-44.4932],[-65.2894,-44.4931],[-65.2891,-44.493],[-65.2884,-44.4932],[-65.2879,-44.4934],[-65.2876,-44.4937],[-65.2869,-44.4937],[-65.286,-44.4934],[-65.2857,-44.4932],[-65.2853,-44.4932],[-65.2851,-44.4934],[-65.2849,-44.4936],[-65.2843,-44.4938],[-65.2842,-44.4941],[-65.2842,-44.4944],[-65.2842,-44.4949],[-65.284,-44.4951],[-65.2847,-44.4953],[-65.2849,-44.4954],[-65.2848,-44.4959],[-65.2845,-44.4962],[-65.2843,-44.4965],[-65.2842,-44.4969],[-65.2842,-44.4969],[-65.2842,-44.4969],[-65.2844,-44.4972],[-65.2847,-44.4975],[-65.285,-44.4977],[-65.2854,-44.4978],[-65.2856,-44.4979],[-65.286,-44.4981],[-65.2862,-44.4983],[-65.2859,-44.4984],[-65.2857,-44.4986],[-65.2855,-44.4988],[-65.2854,-44.4989],[-65.2853,-44.4991],[-65.2853,-44.4993],[-65.2855,-44.4994],[-65.2857,-44.4995],[-65.2862,-44.4992],[-65.2867,-44.4994],[-65.2868,-44.4996],[-65.2873,-44.4998],[-65.2877,-44.4999],[-65.288,-44.5],[-65.2886,-44.5001],[-65.2886,-44.5005],[-65.2884,-44.501],[-65.2885,-44.5013],[-65.2892,-44.5013],[-65.2896,-44.5017],[-65.2892,-44.5018],[-65.2895,-44.502],[-65.2895,-44.5023],[-65.2892,-44.5025],[-65.289,-44.5027],[-65.2891,-44.5029],[-65.2895,-44.5029],[-65.2895,-44.5028],[-65.2898,-44.5028],[-65.2905,-44.5029],[-65.2907,-44.5031],[-65.2907,-44.5034],[-65.2906,-44.5036],[-65.2901,-44.5039],[-65.2898,-44.5042],[-65.2894,-44.5045],[-65.2885,-44.5045],[-65.2882,-44.5047],[-65.2879,-44.5051],[-65.2877,-44.5055],[-65.2871,-44.5057],[-65.2868,-44.5057],[-65.2872,-44.5059],[-65.2875,-44.5063],[-65.2873,-44.5067],[-65.2871,-44.5071],[-65.287,-44.5072],[-65.2872,-44.5073],[-65.2873,-44.5075],[-65.2876,-44.5074],[-65.2877,-44.5074],[-65.2884,-44.5073],[-65.2888,-44.5075],[-65.2885,-44.508],[-65.2888,-44.5083],[-65.2889,-44.5084],[-65.2889,-44.5089],[-65.2887,-44.5091],[-65.2883,-44.5093],[-65.288,-44.5092],[-65.288,-44.5096],[-65.288,-44.5099],[-65.2877,-44.5099],[-65.2874,-44.5098],[-65.2871,-44.5098],[-65.2871,-44.51],[-65.2872,-44.5102],[-65.2867,-44.5104],[-65.2865,-44.5101],[-65.2863,-44.5099],[-65.2859,-44.5099],[-65.2854,-44.5102],[-65.285,-44.5102],[-65.2845,-44.5101],[-65.2843,-44.5102],[-65.2839,-44.5101],[-65.2837,-44.51],[-65.2837,-44.51],[-65.2835,-44.5104],[-65.283,-44.5106],[-65.2823,-44.5108],[-65.2817,-44.5113],[-65.2817,-44.5117],[-65.2815,-44.5119],[-65.2811,-44.5119],[-65.2807,-44.5119],[-65.2799,-44.5121],[-65.2793,-44.5119],[-65.2787,-44.5117],[-65.2787,-44.5117],[-65.2783,-44.5118],[-65.2782,-44.512],[-65.2782,-44.5122],[-65.2783,-44.5125],[-65.2784,-44.5128],[-65.2786,-44.5127],[-65.2786,-44.5127],[-65.2787,-44.5125],[-65.279,-44.5125],[-65.2791,-44.5127],[-65.2796,-44.5125],[-65.2798,-44.5125],[-65.2799,-44.5128],[-65.2798,-44.5133],[-65.28,-44.5133],[-65.2802,-44.5134],[-65.2801,-44.5139],[-65.2799,-44.5143],[-65.2799,-44.5147],[-65.2802,-44.5145],[-65.2805,-44.5146],[-65.2804,-44.5148],[-65.2804,-44.5151],[-65.2807,-44.5151],[-65.2809,-44.5152],[-65.2804,-44.5154],[-65.2802,-44.5158],[-65.2799,-44.516],[-65.2796,-44.5162],[-65.2794,-44.5164],[-65.2792,-44.5167],[-65.2793,-44.517],[-65.2791,-44.5173],[-65.2793,-44.5174],[-65.2795,-44.5175],[-65.2796,-44.5175],[-65.2799,-44.5177],[-65.2801,-44.5175],[-65.2803,-44.5175],[-65.2805,-44.5179],[-65.2807,-44.518],[-65.2811,-44.5181],[-65.2812,-44.5179],[-65.2812,-44.5176],[-65.2816,-44.5175],[-65.2818,-44.5177],[-65.2822,-44.5175],[-65.2824,-44.5174],[-65.2823,-44.517],[-65.2819,-44.5167],[-65.282,-44.5163],[-65.2821,-44.5162],[-65.2822,-44.5161],[-65.2828,-44.5158],[-65.2828,-44.5161],[-65.2827,-44.5163],[-65.2826,-44.5163],[-65.2828,-44.5166],[-65.2831,-44.5167],[-65.2835,-44.5166],[-65.2837,-44.5164],[-65.284,-44.5162],[-65.2841,-44.5163],[-65.2841,-44.5164],[-65.2841,-44.5166],[-65.2845,-44.5167],[-65.2851,-44.5164],[-65.2855,-44.5164],[-65.2863,-44.5162],[-65.2864,-44.5159],[-65.286,-44.5156],[-65.2859,-44.5153],[-65.2863,-44.5148],[-65.2861,-44.5145],[-65.2861,-44.5143],[-65.2864,-44.514],[-65.2865,-44.5135],[-65.2867,-44.5133],[-65.2871,-44.5131],[-65.2873,-44.5132],[-65.2873,-44.5136],[-65.2873,-44.5141],[-65.2873,-44.5144],[-65.2873,-44.5145],[-65.2875,-44.5147],[-65.2876,-44.5145],[-65.2877,-44.5144],[-65.2878,-44.5144],[-65.2879,-44.5146],[-65.288,-44.5148],[-65.288,-44.515],[-65.2881,-44.5151],[-65.2884,-44.5151],[-65.2884,-44.5148],[-65.2885,-44.5147],[-65.2886,-44.5144],[-65.2886,-44.5147],[-65.2887,-44.5148],[-65.2889,-44.515],[-65.2889,-44.5151],[-65.2892,-44.5154],[-65.2895,-44.5155],[-65.2896,-44.5153],[-65.2897,-44.5151],[-65.2895,-44.5146],[-65.2895,-44.5146],[-65.2896,-44.5145],[-65.2897,-44.5146],[-65.2898,-44.5147],[-65.2899,-44.5147],[-65.2901,-44.5151],[-65.2902,-44.5153],[-65.2904,-44.5154],[-65.2908,-44.5151],[-65.2909,-44.5147],[-65.291,-44.5144],[-65.2913,-44.5146],[-65.2914,-44.5146],[-65.2916,-44.5145],[-65.2917,-44.5142],[-65.2917,-44.5141],[-65.2919,-44.5139],[-65.292,-44.5141],[-65.292,-44.5142],[-65.2921,-44.5142],[-65.2925,-44.5141],[-65.2923,-44.5146],[-65.2923,-44.5147],[-65.2926,-44.5148],[-65.2929,-44.5145],[-65.293,-44.5144],[-65.2932,-44.5144],[-65.2935,-44.5144],[-65.2937,-44.5144],[-65.294,-44.5144],[-65.2943,-44.5147],[-65.2947,-44.5145],[-65.2947,-44.5151],[-65.2942,-44.5155],[-65.2938,-44.516],[-65.2935,-44.5165],[-65.2933,-44.5171],[-65.2932,-44.5172],[-65.2934,-44.5173],[-65.2938,-44.517],[-65.2939,-44.5169],[-65.2942,-44.5167],[-65.2944,-44.5163],[-65.2947,-44.5155],[-65.295,-44.5154],[-65.2951,-44.5154],[-65.2953,-44.5156],[-65.2955,-44.5154],[-65.2958,-44.5154],[-65.2959,-44.5151],[-65.2957,-44.5148],[-65.2959,-44.5147],[-65.2961,-44.5146],[-65.2961,-44.5143],[-65.2963,-44.5138],[-65.297,-44.5136],[-65.2969,-44.5134],[-65.2965,-44.5135],[-65.2961,-44.5136],[-65.2957,-44.5135],[-65.2955,-44.5132],[-65.2954,-44.5126],[-65.2956,-44.5124],[-65.2959,-44.5119],[-65.2959,-44.5118],[-65.2959,-44.5117],[-65.2958,-44.5114],[-65.2956,-44.511],[-65.2957,-44.5108],[-65.2961,-44.5105],[-65.2965,-44.5103],[-65.2971,-44.5104],[-65.2974,-44.5105],[-65.2978,-44.5104],[-65.298,-44.5102],[-65.2983,-44.5101],[-65.2986,-44.5103],[-65.2988,-44.5101],[-65.2991,-44.51],[-65.2995,-44.51],[-65.2998,-44.5099],[-65.3,-44.5102],[-65.3004,-44.5103],[-65.3008,-44.5102],[-65.3012,-44.5104],[-65.3012,-44.5108],[-65.3011,-44.5111],[-65.3011,-44.5113],[-65.3014,-44.5115],[-65.3014,-44.5118],[-65.3015,-44.5119],[-65.3016,-44.512],[-65.3019,-44.5124],[-65.3023,-44.5124],[-65.3024,-44.5124],[-65.3026,-44.5124],[-65.3031,-44.5125],[-65.3034,-44.5126],[-65.3037,-44.5128],[-65.3039,-44.5132],[-65.304,-44.5136],[-65.3039,-44.5141],[-65.3037,-44.5143],[-65.3033,-44.5144],[-65.3031,-44.5147],[-65.303,-44.515],[-65.303,-44.5154],[-65.303,-44.5154],[-65.303,-44.5158],[-65.3032,-44.5161],[-65.3034,-44.5164],[-65.3038,-44.5164],[-65.304,-44.5163],[-65.304,-44.5157],[-65.3043,-44.5158],[-65.3045,-44.5159],[-65.3048,-44.5158],[-65.3048,-44.5155],[-65.3048,-44.515],[-65.3053,-44.5152],[-65.3057,-44.5153],[-65.306,-44.5153],[-65.3063,-44.515],[-65.3061,-44.5149],[-65.3063,-44.5146],[-65.3065,-44.5147],[-65.3065,-44.5144],[-65.3064,-44.5138],[-65.3066,-44.5132],[-65.3072,-44.513],[-65.3073,-44.513],[-65.3075,-44.5129],[-65.308,-44.5129],[-65.3082,-44.5131],[-65.3084,-44.5133],[-65.3089,-44.5136],[-65.309,-44.5139],[-65.3089,-44.5141],[-65.3093,-44.5143],[-65.3096,-44.5144],[-65.3095,-44.5149],[-65.3091,-44.5149],[-65.3088,-44.515],[-65.3087,-44.5152],[-65.3087,-44.5153],[-65.3087,-44.5155],[-65.3092,-44.5158],[-65.3097,-44.5158],[-65.3101,-44.5158],[-65.3105,-44.5158],[-65.3108,-44.5156],[-65.311,-44.5156],[-65.3111,-44.5155],[-65.3113,-44.5158],[-65.3114,-44.516],[-65.3117,-44.516],[-65.312,-44.5161],[-65.3123,-44.5161],[-65.3127,-44.5162],[-65.3131,-44.5163],[-65.3133,-44.5166],[-65.313,-44.517],[-65.3129,-44.5174],[-65.3127,-44.5177],[-65.3122,-44.5179],[-65.3122,-44.5182],[-65.3126,-44.5183],[-65.3126,-44.5187],[-65.3123,-44.5192],[-65.312,-44.5192],[-65.3116,-44.5195],[-65.3113,-44.5197],[-65.3111,-44.5198],[-65.3111,-44.5205],[-65.3114,-44.521],[-65.3117,-44.5211],[-65.3119,-44.5213],[-65.3119,-44.5217],[-65.3117,-44.5222],[-65.3117,-44.5224],[-65.3117,-44.5226],[-65.3118,-44.5226],[-65.3121,-44.5227],[-65.3123,-44.5229],[-65.3126,-44.5231],[-65.3125,-44.5236],[-65.3127,-44.5238],[-65.3131,-44.5238],[-65.3133,-44.5238],[-65.3135,-44.5241],[-65.3135,-44.5243],[-65.3134,-44.5245],[-65.3134,-44.5247],[-65.3136,-44.5247],[-65.3136,-44.5247],[-65.3139,-44.5245],[-65.3145,-44.5246],[-65.3148,-44.5246],[-65.3152,-44.5251],[-65.3151,-44.5254],[-65.3151,-44.5259],[-65.3152,-44.5261],[-65.3153,-44.5263],[-65.3156,-44.5263],[-65.3157,-44.5263],[-65.316,-44.5266],[-65.3166,-44.5265],[-65.3172,-44.5263],[-65.3173,-44.5267],[-65.3168,-44.5272],[-65.3167,-44.5275],[-65.3165,-44.528],[-65.3166,-44.5285],[-65.3162,-44.5285],[-65.3158,-44.5282],[-65.3158,-44.5286],[-65.316,-44.529],[-65.316,-44.5296],[-65.3158,-44.53],[-65.3157,-44.5305],[-65.3154,-44.5306],[-65.3154,-44.5309],[-65.3159,-44.531],[-65.3163,-44.5312],[-65.3165,-44.5312],[-65.3165,-44.5312],[-65.3167,-44.5309],[-65.317,-44.5309],[-65.3171,-44.5303],[-65.3174,-44.5303],[-65.3177,-44.53],[-65.3179,-44.5299],[-65.3181,-44.5297],[-65.3183,-44.5296],[-65.3185,-44.5297],[-65.3185,-44.5297],[-65.3191,-44.5302],[-65.3193,-44.5305],[-65.3197,-44.5304],[-65.32,-44.5301],[-65.3207,-44.5299],[-65.3212,-44.5299],[-65.3216,-44.5293],[-65.3216,-44.5289],[-65.3219,-44.5285],[-65.3219,-44.5291],[-65.3221,-44.5295],[-65.3224,-44.5295],[-65.3226,-44.529],[-65.3228,-44.5286],[-65.323,-44.5282],[-65.3232,-44.5279],[-65.3234,-44.5274],[-65.3232,-44.5268],[-65.3229,-44.5266],[-65.3228,-44.5266],[-65.3224,-44.5263],[-65.3221,-44.5257],[-65.3221,-44.5251],[-65.3216,-44.5252],[-65.3209,-44.5246],[-65.3208,-44.5238],[-65.3209,-44.5232],[-65.3213,-44.5228],[-65.3218,-44.5228],[-65.3218,-44.5227],[-65.3221,-44.5223],[-65.3219,-44.522],[-65.3219,-44.5219],[-65.3219,-44.5211],[-65.3219,-44.5203],[-65.322,-44.5201],[-65.3218,-44.5199],[-65.3216,-44.5197],[-65.3212,-44.5196],[-65.3205,-44.5191],[-65.3204,-44.5184],[-65.3198,-44.5181],[-65.3192,-44.5176],[-65.3184,-44.517],[-65.3179,-44.5166],[-65.3176,-44.5159],[-65.318,-44.5151],[-65.3188,-44.5142],[-65.3199,-44.5137],[-65.3202,-44.5137],[-65.3207,-44.5137],[-65.3212,-44.5138],[-65.3214,-44.5138],[-65.3216,-44.5138],[-65.3222,-44.5136],[-65.3223,-44.5135],[-65.3222,-44.5132],[-65.3222,-44.5132],[-65.3221,-44.5127],[-65.3224,-44.5125],[-65.3225,-44.5119],[-65.3225,-44.5113],[-65.3226,-44.5107],[-65.3222,-44.5106],[-65.3224,-44.5102],[-65.3231,-44.5097],[-65.3233,-44.5094],[-65.3239,-44.5089],[-65.3249,-44.5087],[-65.3257,-44.5083],[-65.3274,-44.5076],[-65.3295,-44.507],[-65.3309,-44.5066],[-65.334,-44.5061],[-65.3362,-44.5059],[-65.3391,-44.5061],[-65.3401,-44.506],[-65.3409,-44.506],[-65.3432,-44.5064],[-65.3437,-44.5064],[-65.3441,-44.5064],[-65.3459,-44.5071],[-65.3464,-44.5075],[-65.3468,-44.5082],[-65.3469,-44.5086],[-65.3469,-44.5092],[-65.3471,-44.5092],[-65.3473,-44.5099],[-65.3468,-44.5102],[-65.3468,-44.5104],[-65.3468,-44.5105],[-65.3472,-44.5107],[-65.3473,-44.5107],[-65.3475,-44.5107],[-65.3479,-44.5107],[-65.3483,-44.5107],[-65.3485,-44.5104],[-65.3487,-44.5103],[-65.3491,-44.5103],[-65.3489,-44.5097],[-65.3489,-44.5096],[-65.3489,-44.5094],[-65.349,-44.5087],[-65.3495,-44.5081],[-65.3498,-44.508],[-65.3499,-44.508],[-65.3505,-44.5078],[-65.3526,-44.5081],[-65.354,-44.5086],[-65.3549,-44.5093],[-65.3557,-44.5101],[-65.3558,-44.511],[-65.3556,-44.5119],[-65.3555,-44.5122],[-65.355,-44.5128],[-65.3542,-44.5126],[-65.3535,-44.5127],[-65.3531,-44.5131],[-65.3536,-44.5136],[-65.3539,-44.5138],[-65.3543,-44.5145],[-65.355,-44.5144],[-65.3551,-44.5149],[-65.3556,-44.5151],[-65.356,-44.5155],[-65.3566,-44.5157],[-65.3574,-44.5157],[-65.358,-44.5161],[-65.3586,-44.5158],[-65.3589,-44.5157],[-65.3585,-44.5145],[-65.3578,-44.5134],[-65.3578,-44.5129],[-65.3583,-44.5124],[-65.3589,-44.5121],[-65.3595,-44.5117],[-65.3606,-44.5114],[-65.3616,-44.5113],[-65.3622,-44.5112],[-65.3629,-44.5111],[-65.3642,-44.5111],[-65.3655,-44.5111],[-65.3669,-44.5113],[-65.3679,-44.5115],[-65.3684,-44.5118],[-65.3684,-44.5122],[-65.3682,-44.5127],[-65.3685,-44.5128],[-65.3686,-44.513],[-65.3685,-44.5133],[-65.3688,-44.5134],[-65.3686,-44.5138],[-65.3686,-44.5139],[-65.3685,-44.5141],[-65.369,-44.5143],[-65.3692,-44.5142],[-65.3692,-44.5142],[-65.3692,-44.5142],[-65.3696,-44.5145],[-65.3699,-44.5147],[-65.37,-44.5149],[-65.3705,-44.515],[-65.3711,-44.5151],[-65.3712,-44.5151],[-65.3712,-44.5151],[-65.3712,-44.5154],[-65.3715,-44.5154],[-65.372,-44.5155],[-65.3726,-44.5157],[-65.3726,-44.516],[-65.373,-44.5161],[-65.3737,-44.516],[-65.3737,-44.5159],[-65.374,-44.5158],[-65.3745,-44.5159],[-65.3752,-44.5159],[-65.3756,-44.5161],[-65.3762,-44.5168],[-65.3768,-44.5178],[-65.377,-44.5187],[-65.3766,-44.5192],[-65.3764,-44.5199],[-65.376,-44.5207],[-65.3752,-44.5208],[-65.3746,-44.5208],[-65.3735,-44.5208],[-65.3724,-44.5208],[-65.3721,-44.521],[-65.3721,-44.5213],[-65.3723,-44.5214],[-65.3725,-44.5215],[-65.3729,-44.5217],[-65.3734,-44.522],[-65.3739,-44.5223],[-65.3742,-44.5222],[-65.3746,-44.5223],[-65.3748,-44.5225],[-65.3752,-44.5226],[-65.3758,-44.5226],[-65.3764,-44.5225],[-65.3766,-44.5225],[-65.3769,-44.5224],[-65.3772,-44.5227],[-65.3777,-44.5235],[-65.3775,-44.5242],[-65.3771,-44.5249],[-65.3766,-44.5252],[-65.3762,-44.5255],[-65.3753,-44.5255],[-65.3745,-44.5258],[-65.3744,-44.5262],[-65.3747,-44.5264],[-65.3747,-44.5266],[-65.3742,-44.5271],[-65.3736,-44.527],[-65.3733,-44.5274],[-65.3736,-44.5277],[-65.3735,-44.5282],[-65.3732,-44.5284],[-65.3734,-44.5288],[-65.3738,-44.5294],[-65.3738,-44.5297],[-65.3741,-44.5308],[-65.3741,-44.5314],[-65.3734,-44.5321],[-65.3731,-44.5325],[-65.3723,-44.5334],[-65.3715,-44.5334],[-65.3708,-44.5331],[-65.3703,-44.5332],[-65.3697,-44.5332],[-65.369,-44.5331],[-65.3685,-44.5326],[-65.3679,-44.5324],[-65.3672,-44.5326],[-65.3664,-44.533],[-65.3661,-44.5325],[-65.3656,-44.5325],[-65.3651,-44.5329],[-65.3648,-44.5331],[-65.3632,-44.5329],[-65.3626,-44.5328],[-65.3614,-44.533],[-65.3611,-44.5335],[-65.3615,-44.5338],[-65.3616,-44.5342],[-65.3612,-44.5344],[-65.3604,-44.5346],[-65.3602,-44.5349],[-65.3605,-44.5351],[-65.3607,-44.5352],[-65.361,-44.5353],[-65.361,-44.5355],[-65.3609,-44.5357],[-65.3611,-44.536],[-65.3608,-44.536],[-65.3612,-44.5362],[-65.3617,-44.5367],[-65.3612,-44.5368],[-65.3606,-44.5368],[-65.3599,-44.5368],[-65.3595,-44.5371],[-65.3594,-44.5374],[-65.3598,-44.5378],[-65.3598,-44.5378],[-65.3601,-44.5381],[-65.3601,-44.5384],[-65.3605,-44.5387],[-65.3608,-44.5388],[-65.3611,-44.5388],[-65.3611,-44.5393],[-65.3612,-44.5396],[-65.3613,-44.5399],[-65.3619,-44.5401],[-65.3623,-44.5403],[-65.3627,-44.5401],[-65.3631,-44.5397],[-65.3634,-44.5398],[-65.3638,-44.5398],[-65.3639,-44.5397],[-65.3642,-44.5394],[-65.3649,-44.5389],[-65.3653,-44.5388],[-65.3649,-44.5394],[-65.3647,-44.5398],[-65.3654,-44.5399],[-65.3655,-44.54],[-65.3652,-44.5403],[-65.3649,-44.5409],[-65.3649,-44.5412],[-65.3652,-44.5412],[-65.3651,-44.5414],[-65.365,-44.5416],[-65.3653,-44.5415],[-65.3657,-44.5414],[-65.366,-44.541],[-65.3662,-44.5413],[-65.3663,-44.5416],[-65.3668,-44.5421],[-65.3676,-44.5423],[-65.3684,-44.5423],[-65.3688,-44.5422],[-65.369,-44.5421],[-65.3696,-44.5421],[-65.3703,-44.5418],[-65.3703,-44.5418],[-65.3707,-44.5415],[-65.3709,-44.5413],[-65.3711,-44.5409],[-65.3715,-44.5407],[-65.3718,-44.5406],[-65.3721,-44.5405],[-65.3722,-44.54],[-65.3724,-44.5395],[-65.3729,-44.5395],[-65.373,-44.5399],[-65.3736,-44.5404],[-65.3738,-44.5397],[-65.3738,-44.5395],[-65.3738,-44.5395],[-65.3743,-44.5395],[-65.3749,-44.5396],[-65.3751,-44.54],[-65.3753,-44.5403],[-65.3757,-44.5404],[-65.3762,-44.541],[-65.3763,-44.5415],[-65.3768,-44.5421],[-65.3769,-44.5428],[-65.3769,-44.5431],[-65.3769,-44.5432],[-65.3772,-44.5434],[-65.3777,-44.5432],[-65.3779,-44.543],[-65.3782,-44.5427],[-65.3787,-44.5427],[-65.3791,-44.5425],[-65.3793,-44.5422],[-65.3794,-44.5416],[-65.3798,-44.5412],[-65.3801,-44.5409],[-65.3806,-44.5406],[-65.3808,-44.5406],[-65.3813,-44.5404],[-65.382,-44.5404],[-65.3825,-44.5407],[-65.383,-44.5412],[-65.3831,-44.5416],[-65.3835,-44.542],[-65.384,-44.5423],[-65.3848,-44.5424],[-65.3855,-44.5427],[-65.386,-44.5429],[-65.3865,-44.543],[-65.3876,-44.5429],[-65.3882,-44.543],[-65.3885,-44.5432],[-65.3889,-44.5436],[-65.3891,-44.5439],[-65.3891,-44.5444],[-65.3889,-44.5447],[-65.3887,-44.5451],[-65.3888,-44.5453],[-65.3891,-44.5457],[-65.3894,-44.5459],[-65.3893,-44.5464],[-65.3896,-44.5467],[-65.3898,-44.547],[-65.3901,-44.5474],[-65.3903,-44.5476],[-65.391,-44.5478],[-65.3915,-44.5479],[-65.3919,-44.5478],[-65.3923,-44.5476],[-65.3927,-44.5479],[-65.3931,-44.5483],[-65.3936,-44.5499],[-65.3938,-44.5508],[-65.3939,-44.5518],[-65.3941,-44.5525],[-65.3942,-44.5529],[-65.3945,-44.5543],[-65.3945,-44.5553],[-65.3944,-44.5566],[-65.3943,-44.5572],[-65.3943,-44.5579],[-65.3941,-44.5588],[-65.3938,-44.5594],[-65.3933,-44.5596],[-65.393,-44.5602],[-65.3925,-44.5607],[-65.392,-44.5616],[-65.3918,-44.5621],[-65.3913,-44.5625],[-65.3904,-44.5629],[-65.3893,-44.5626],[-65.3885,-44.5629],[-65.3878,-44.5632],[-65.3874,-44.5635],[-65.387,-44.5639],[-65.3864,-44.5638],[-65.386,-44.5639],[-65.3859,-44.564],[-65.3855,-44.5643],[-65.3857,-44.5645],[-65.3856,-44.5649],[-65.3853,-44.5652],[-65.3845,-44.5651],[-65.3842,-44.5654],[-65.3839,-44.5658],[-65.3837,-44.5659],[-65.3833,-44.5661],[-65.3829,-44.5657],[-65.3826,-44.5663],[-65.3823,-44.5667],[-65.3822,-44.5671],[-65.3822,-44.5675],[-65.3818,-44.5677],[-65.3812,-44.5677],[-65.381,-44.5677],[-65.3804,-44.568],[-65.3796,-44.568],[-65.3791,-44.568],[-65.3777,-44.5677],[-65.3773,-44.5674],[-65.3771,-44.5669],[-65.3768,-44.5666],[-65.3764,-44.5662],[-65.3757,-44.5662],[-65.3751,-44.5662],[-65.3746,-44.5661],[-65.3741,-44.566],[-65.374,-44.5663],[-65.3744,-44.5666],[-65.3742,-44.5669],[-65.3739,-44.5672],[-65.3735,-44.5675],[-65.3729,-44.5681],[-65.3722,-44.568],[-65.372,-44.5683],[-65.3712,-44.5686],[-65.3706,-44.5685],[-65.371,-44.5691],[-65.371,-44.5698],[-65.3704,-44.5704],[-65.3691,-44.5704],[-65.3679,-44.5712],[-65.3669,-44.5717],[-65.3658,-44.5721],[-65.365,-44.5724],[-65.3642,-44.5721],[-65.3637,-44.5722],[-65.3625,-44.5722],[-65.3615,-44.5723],[-65.3604,-44.5728],[-65.3591,-44.5733],[-65.3582,-44.5738],[-65.3578,-44.5744],[-65.3577,-44.575],[-65.3582,-44.5756],[-65.3583,-44.576],[-65.3584,-44.5766],[-65.3587,-44.5771],[-65.3589,-44.5771],[-65.3593,-44.5771],[-65.3598,-44.5774],[-65.3599,-44.5773],[-65.3603,-44.5772],[-65.3611,-44.5773],[-65.3614,-44.578],[-65.3614,-44.5788],[-65.3616,-44.5795],[-65.3622,-44.58],[-65.3629,-44.5801],[-65.3634,-44.5803],[-65.3637,-44.5803],[-65.3642,-44.5802],[-65.3645,-44.5801],[-65.3655,-44.5801],[-65.3661,-44.5803],[-65.3666,-44.5806],[-65.3671,-44.5812],[-65.3674,-44.5816],[-65.3675,-44.5817],[-65.3677,-44.5817],[-65.3684,-44.5816],[-65.3693,-44.5816],[-65.3695,-44.5818],[-65.3698,-44.5821],[-65.3701,-44.5826],[-65.3702,-44.5832],[-65.3702,-44.5838],[-65.3701,-44.5845],[-65.3692,-44.5852],[-65.3681,-44.5858],[-65.3669,-44.586],[-65.366,-44.5865],[-65.3658,-44.5868],[-65.3661,-44.5871],[-65.3663,-44.5873],[-65.3663,-44.5873],[-65.3668,-44.5873],[-65.3673,-44.5874],[-65.3674,-44.5873],[-65.3677,-44.5872],[-65.3681,-44.5871],[-65.3682,-44.5875],[-65.3683,-44.5876],[-65.3684,-44.5878],[-65.369,-44.5874],[-65.3693,-44.5872],[-65.3694,-44.587],[-65.3695,-44.5871],[-65.3696,-44.5873],[-65.3701,-44.5874],[-65.3706,-44.587],[-65.3709,-44.5868],[-65.371,-44.5867],[-65.3711,-44.5866],[-65.3712,-44.5867],[-65.3717,-44.5871],[-65.3719,-44.5872],[-65.3729,-44.5872],[-65.3726,-44.5868],[-65.3731,-44.5862],[-65.3732,-44.586],[-65.3733,-44.5858],[-65.3734,-44.5857],[-65.3735,-44.5857],[-65.3738,-44.5857],[-65.3736,-44.5854],[-65.3735,-44.5852],[-65.3724,-44.5847],[-65.372,-44.5844],[-65.372,-44.5837],[-65.3722,-44.5829],[-65.3722,-44.5828],[-65.3726,-44.5822],[-65.3728,-44.5815],[-65.3731,-44.581],[-65.3729,-44.5806],[-65.3729,-44.5805],[-65.3727,-44.5803],[-65.3731,-44.5796],[-65.3734,-44.5798],[-65.3734,-44.5798],[-65.3738,-44.5798],[-65.3742,-44.5795],[-65.3745,-44.5791],[-65.3748,-44.5786],[-65.3747,-44.5785],[-65.3743,-44.578],[-65.3744,-44.5774],[-65.3743,-44.5771],[-65.3744,-44.5769],[-65.3746,-44.5764],[-65.3752,-44.5758],[-65.3753,-44.5757],[-65.3763,-44.5752],[-65.3767,-44.5752],[-65.3775,-44.5751],[-65.3789,-44.575],[-65.3803,-44.575],[-65.3813,-44.5751],[-65.3822,-44.5753],[-65.3825,-44.5754],[-65.3831,-44.5757],[-65.3834,-44.5762],[-65.3834,-44.5762],[-65.3835,-44.5764],[-65.3838,-44.5765],[-65.3847,-44.5768],[-65.3852,-44.5767],[-65.3855,-44.5766],[-65.3858,-44.5769],[-65.3857,-44.5772],[-65.3855,-44.5775],[-65.3856,-44.5781],[-65.3859,-44.5783],[-65.3865,-44.5786],[-65.3872,-44.5786],[-65.3877,-44.5788],[-65.3882,-44.5793],[-65.3884,-44.5798],[-65.3888,-44.5799],[-65.3893,-44.5799],[-65.3895,-44.5804],[-65.3894,-44.5808],[-65.3899,-44.581],[-65.3899,-44.5816],[-65.3898,-44.5819],[-65.3897,-44.5823],[-65.3897,-44.5824],[-65.3899,-44.5825],[-65.3899,-44.5825],[-65.3903,-44.5823],[-65.3906,-44.5825],[-65.391,-44.5829],[-65.3909,-44.5833],[-65.3911,-44.5835],[-65.3915,-44.5837],[-65.391,-44.5839],[-65.3909,-44.5841],[-65.3912,-44.5844],[-65.3915,-44.5846],[-65.3914,-44.5849],[-65.392,-44.5853],[-65.3925,-44.5858],[-65.3922,-44.5863],[-65.392,-44.5865],[-65.3921,-44.587],[-65.3925,-44.5871],[-65.3928,-44.5875],[-65.3925,-44.5879],[-65.3917,-44.5877],[-65.3913,-44.5876],[-65.3911,-44.5878],[-65.3916,-44.588],[-65.3921,-44.5883],[-65.3922,-44.5886],[-65.392,-44.5888],[-65.392,-44.5892],[-65.3921,-44.5896],[-65.392,-44.5899],[-65.392,-44.5903],[-65.3921,-44.5905],[-65.3925,-44.5904],[-65.3926,-44.5908],[-65.3927,-44.5912],[-65.3932,-44.5915],[-65.3934,-44.5919],[-65.3938,-44.5922],[-65.3939,-44.5925],[-65.3941,-44.5928],[-65.3947,-44.5927],[-65.395,-44.5927],[-65.3958,-44.5926],[-65.396,-44.5928],[-65.3964,-44.5927],[-65.3965,-44.5922],[-65.3969,-44.5915],[-65.3973,-44.5909],[-65.397,-44.5907],[-65.397,-44.5901],[-65.3975,-44.5891],[-65.3978,-44.5887],[-65.3979,-44.5885],[-65.398,-44.588],[-65.398,-44.5879],[-65.3983,-44.5872],[-65.3985,-44.5867],[-65.3991,-44.5864],[-65.4007,-44.586],[-65.4015,-44.5857],[-65.4024,-44.5856],[-65.4034,-44.5855],[-65.4038,-44.5857],[-65.4042,-44.5857],[-65.4048,-44.5856],[-65.4052,-44.586],[-65.4063,-44.5856],[-65.4063,-44.5854],[-65.4074,-44.5845],[-65.4077,-44.5852],[-65.4082,-44.5848],[-65.4085,-44.5842],[-65.409,-44.5836],[-65.4089,-44.5827],[-65.4084,-44.5819],[-65.4087,-44.581],[-65.409,-44.5802],[-65.4089,-44.5802],[-65.4085,-44.5798],[-65.4077,-44.5795],[-65.4076,-44.5791],[-65.4077,-44.5788],[-65.4082,-44.5786],[-65.4091,-44.5785],[-65.4097,-44.5786],[-65.4101,-44.5786],[-65.4108,-44.5788],[-65.4109,-44.5788],[-65.411,-44.5788],[-65.4116,-44.5782],[-65.4123,-44.5782],[-65.4123,-44.5782],[-65.4123,-44.5781],[-65.4123,-44.5776],[-65.4127,-44.5766],[-65.4123,-44.5758],[-65.4119,-44.5753],[-65.4122,-44.5746],[-65.4128,-44.574],[-65.414,-44.5732],[-65.4151,-44.5728],[-65.4162,-44.5728],[-65.4169,-44.5729],[-65.4178,-44.5725],[-65.419,-44.5722],[-65.4198,-44.5723],[-65.4203,-44.5724],[-65.421,-44.573],[-65.4218,-44.5735],[-65.4224,-44.5739],[-65.4231,-44.5744],[-65.4232,-44.5744],[-65.4235,-44.5741],[-65.4236,-44.5739],[-65.4237,-44.5736],[-65.4237,-44.5736],[-65.424,-44.5735],[-65.4244,-44.5733],[-65.4247,-44.5733],[-65.4251,-44.5733],[-65.4254,-44.5734],[-65.4259,-44.5732],[-65.4259,-44.573],[-65.426,-44.5727],[-65.4259,-44.5725],[-65.4257,-44.5722],[-65.4255,-44.5719],[-65.4253,-44.5718],[-65.4248,-44.5716],[-65.4247,-44.5713],[-65.4246,-44.5711],[-65.4246,-44.5711],[-65.4252,-44.5703],[-65.4259,-44.57],[-65.4268,-44.5696],[-65.4283,-44.5694],[-65.4294,-44.5694],[-65.4306,-44.5692],[-65.4318,-44.5694],[-65.4324,-44.5695],[-65.434,-44.5696],[-65.4352,-44.5697],[-65.4362,-44.5699],[-65.4369,-44.5701],[-65.4377,-44.5705],[-65.438,-44.5708],[-65.4387,-44.5712],[-65.4392,-44.5721],[-65.4398,-44.5723],[-65.4412,-44.5728],[-65.4415,-44.5728],[-65.4424,-44.5728],[-65.4428,-44.5725],[-65.4433,-44.5721],[-65.4436,-44.572],[-65.4437,-44.572],[-65.4448,-44.5719],[-65.4452,-44.5719],[-65.4459,-44.5722],[-65.4464,-44.5724],[-65.4469,-44.5728],[-65.4474,-44.5734],[-65.4476,-44.5736],[-65.4479,-44.5738],[-65.4479,-44.5741],[-65.4484,-44.5741],[-65.4488,-44.5741],[-65.4492,-44.574],[-65.4496,-44.5742],[-65.4496,-44.5746],[-65.4498,-44.575],[-65.4502,-44.575],[-65.4507,-44.5754],[-65.4508,-44.5756],[-65.4504,-44.5763],[-65.4507,-44.5765],[-65.4511,-44.5759],[-65.4516,-44.5756],[-65.4523,-44.5754],[-65.4529,-44.575],[-65.4537,-44.5747],[-65.4543,-44.5746],[-65.4553,-44.5745],[-65.4566,-44.5746],[-65.4577,-44.5749],[-65.4586,-44.5752],[-65.4598,-44.5754],[-65.4616,-44.5758],[-65.4631,-44.5764],[-65.4644,-44.5768],[-65.4657,-44.5776],[-65.4668,-44.5783],[-65.468,-44.5792],[-65.4688,-44.5802],[-65.4695,-44.581],[-65.4701,-44.582],[-65.4704,-44.583],[-65.4709,-44.5841],[-65.471,-44.5848],[-65.4708,-44.5852],[-65.4704,-44.5855],[-65.4702,-44.5858],[-65.4701,-44.5865],[-65.4695,-44.5868],[-65.4689,-44.5872],[-65.4688,-44.5877],[-65.4688,-44.588],[-65.4688,-44.5887],[-65.4689,-44.5891],[-65.4687,-44.5893],[-65.4687,-44.5897],[-65.4688,-44.5901],[-65.4688,-44.5906],[-65.4685,-44.5912],[-65.4684,-44.5917],[-65.468,-44.592],[-65.4675,-44.5921],[-65.4668,-44.5923],[-65.4661,-44.5922],[-65.4654,-44.5919],[-65.4648,-44.5915],[-65.4648,-44.5908],[-65.4645,-44.5906],[-65.4643,-44.5909],[-65.4643,-44.5915],[-65.4641,-44.5919],[-65.4636,-44.5926],[-65.4637,-44.5927],[-65.4642,-44.5929],[-65.4644,-44.5933],[-65.4648,-44.5936],[-65.465,-44.5939],[-65.4651,-44.5942],[-65.4652,-44.5948],[-65.465,-44.5955],[-65.465,-44.5958],[-65.4652,-44.5965],[-65.4652,-44.5974],[-65.4652,-44.5979],[-65.4654,-44.5987],[-65.4651,-44.5994],[-65.4647,-44.5999],[-65.4642,-44.5999],[-65.4637,-44.5997],[-65.4634,-44.5997],[-65.4634,-44.6002],[-65.464,-44.6004],[-65.4643,-44.6005],[-65.4648,-44.6006],[-65.4653,-44.6006],[-65.4658,-44.6004],[-65.4663,-44.6003],[-65.4672,-44.5997],[-65.4678,-44.5991],[-65.4683,-44.5986],[-65.4694,-44.5982],[-65.4704,-44.598],[-65.4714,-44.5982],[-65.4722,-44.5983],[-65.4728,-44.5985],[-65.4731,-44.5989],[-65.4735,-44.5992],[-65.4738,-44.5993],[-65.4742,-44.5995],[-65.4747,-44.5993],[-65.475,-44.5992],[-65.4752,-44.5991],[-65.476,-44.5989],[-65.4766,-44.5989],[-65.4769,-44.5991],[-65.4774,-44.5993],[-65.4776,-44.5995],[-65.4782,-44.5993],[-65.4789,-44.5994],[-65.4795,-44.5996],[-65.48,-44.5998],[-65.4804,-44.6002],[-65.4807,-44.6005],[-65.481,-44.601],[-65.4811,-44.6013],[-65.4814,-44.6016],[-65.482,-44.6019],[-65.4825,-44.6023],[-65.483,-44.6026],[-65.4833,-44.6032],[-65.4836,-44.6036],[-65.4837,-44.6042],[-65.4836,-44.6047],[-65.4831,-44.605],[-65.4831,-44.6052],[-65.4826,-44.6055],[-65.4831,-44.6056],[-65.4837,-44.6052],[-65.4842,-44.605],[-65.4846,-44.6046],[-65.4852,-44.6045],[-65.4857,-44.6044],[-65.4863,-44.6042],[-65.4871,-44.6041],[-65.4882,-44.6042],[-65.489,-44.6041],[-65.4899,-44.6037],[-65.4905,-44.6034],[-65.4909,-44.603],[-65.4916,-44.6028],[-65.4926,-44.6026],[-65.4929,-44.6031],[-65.4943,-44.6029],[-65.4954,-44.6028],[-65.4961,-44.6028],[-65.498,-44.603],[-65.4997,-44.6033],[-65.501,-44.6036],[-65.502,-44.6038],[-65.5029,-44.6041],[-65.5039,-44.6043],[-65.5048,-44.6048],[-65.506,-44.6054],[-65.5066,-44.6058],[-65.5069,-44.6061],[-65.5072,-44.6066],[-65.5074,-44.6069],[-65.5076,-44.6072],[-65.5082,-44.6073],[-65.5089,-44.6073],[-65.5094,-44.6074],[-65.5098,-44.6076],[-65.5106,-44.6079],[-65.5109,-44.6081],[-65.5117,-44.6083],[-65.5129,-44.6085],[-65.5137,-44.6084],[-65.5144,-44.6082],[-65.5155,-44.6083],[-65.5166,-44.6083],[-65.5181,-44.6086],[-65.5195,-44.6089],[-65.521,-44.6093],[-65.5222,-44.61],[-65.5237,-44.6108],[-65.525,-44.6116],[-65.5266,-44.6122],[-65.5276,-44.6127],[-65.5287,-44.6134],[-65.5306,-44.6142],[-65.5328,-44.6153],[-65.5346,-44.6162],[-65.5355,-44.6166],[-65.5364,-44.6169],[-65.5373,-44.6172],[-65.5386,-44.6179],[-65.5393,-44.6184],[-65.5404,-44.6188],[-65.5417,-44.6195],[-65.5428,-44.6199],[-65.5447,-44.6207],[-65.5455,-44.6213],[-65.5463,-44.6217],[-65.5473,-44.6221],[-65.5482,-44.6226],[-65.5488,-44.6229],[-65.5496,-44.6236],[-65.5507,-44.6246],[-65.5513,-44.6254],[-65.5517,-44.6259],[-65.5522,-44.6266],[-65.5525,-44.6271],[-65.553,-44.6276],[-65.5538,-44.628],[-65.5544,-44.6284],[-65.555,-44.6287],[-65.5557,-44.6295],[-65.5561,-44.6298],[-65.5565,-44.6302],[-65.5574,-44.6304],[-65.5582,-44.631],[-65.5589,-44.6314],[-65.5595,-44.6319],[-65.5605,-44.6326],[-65.562,-44.6335],[-65.5627,-44.6341],[-65.5636,-44.635],[-65.5644,-44.6355],[-65.5652,-44.6358],[-65.5666,-44.6368],[-65.5674,-44.6374],[-65.5687,-44.6384],[-65.5697,-44.6395],[-65.5707,-44.6405],[-65.5714,-44.6414],[-65.572,-44.6426],[-65.5725,-44.6437],[-65.5727,-44.6447],[-65.5727,-44.6457],[-65.5728,-44.646],[-65.5733,-44.6464],[-65.574,-44.6465],[-65.5743,-44.6466],[-65.5749,-44.6472],[-65.5754,-44.6477],[-65.5756,-44.6479],[-65.5758,-44.6481],[-65.5761,-44.6483],[-65.5769,-44.6484],[-65.5778,-44.6482],[-65.5783,-44.6482],[-65.5789,-44.6482],[-65.5796,-44.6481],[-65.5806,-44.648],[-65.5817,-44.6478],[-65.5822,-44.6476],[-65.5822,-44.6472],[-65.582,-44.6466],[-65.582,-44.646],[-65.582,-44.6457],[-65.5815,-44.6453],[-65.5814,-44.6446],[-65.5819,-44.6437],[-65.5833,-44.6427],[-65.585,-44.642],[-65.5874,-44.6416],[-65.5887,-44.6415],[-65.5916,-44.6415],[-65.5936,-44.6419],[-65.5956,-44.6424],[-65.5969,-44.6428],[-65.5981,-44.6432],[-65.5994,-44.6439],[-65.6008,-44.6445],[-65.6015,-44.6448],[-65.6026,-44.6452],[-65.6042,-44.646],[-65.6054,-44.6463],[-65.606,-44.6466],[-65.6068,-44.6469],[-65.6077,-44.6476],[-65.6082,-44.648],[-65.6083,-44.6484],[-65.6085,-44.649],[-65.6085,-44.6496],[-65.6082,-44.6501],[-65.6083,-44.6503],[-65.6085,-44.6501],[-65.6087,-44.6499],[-65.6093,-44.6498],[-65.6099,-44.6498],[-65.6099,-44.6498],[-65.6107,-44.6498],[-65.6116,-44.65],[-65.6127,-44.6505],[-65.6138,-44.6513],[-65.6151,-44.6526],[-65.6169,-44.6539],[-65.6178,-44.6545],[-65.6191,-44.6557],[-65.6207,-44.6572],[-65.622,-44.6586],[-65.6229,-44.6593],[-65.6238,-44.6597],[-65.6252,-44.6601],[-65.627,-44.6607],[-65.6289,-44.6614],[-65.6322,-44.6627],[-65.6343,-44.6636],[-65.6363,-44.6647],[-65.6384,-44.6659],[-65.6401,-44.667],[-65.6424,-44.6685],[-65.6448,-44.6701],[-65.6485,-44.6728],[-65.6509,-44.6747],[-65.6532,-44.6765],[-65.6539,-44.6772],[-65.6544,-44.6778],[-65.6552,-44.6782],[-65.6565,-44.6795],[-65.6582,-44.6809],[-65.6589,-44.6815],[-65.6601,-44.6826],[-65.6611,-44.6833],[-65.6625,-44.6845],[-65.6634,-44.6856],[-65.6643,-44.6864],[-65.6648,-44.687],[-65.6653,-44.6875],[-65.6663,-44.6885],[-65.6668,-44.6893],[-65.6677,-44.6902],[-65.669,-44.6918],[-65.6699,-44.6931],[-65.6704,-44.6941],[-65.6706,-44.6946],[-65.6709,-44.6952],[-65.6711,-44.6957],[-65.671,-44.6964],[-65.6708,-44.6969],[-65.6707,-44.6972],[-65.6709,-44.6979],[-65.6715,-44.6983],[-65.6722,-44.6987],[-65.6737,-44.6994],[-65.6753,-44.7004],[-65.6769,-44.7016],[-65.6789,-44.7033],[-65.6822,-44.7069],[-65.6832,-44.7086],[-65.6835,-44.7089],[-65.6845,-44.7102],[-65.6856,-44.712],[-65.6874,-44.7147],[-65.6886,-44.7166],[-65.6904,-44.7198],[-65.6914,-44.722],[-65.692,-44.723],[-65.693,-44.725],[-65.6941,-44.7281],[-65.695,-44.7309],[-65.6957,-44.7334],[-65.6966,-44.7368],[-65.6969,-44.7397],[-65.6971,-44.7432],[-65.6971,-44.7456],[-65.6967,-44.7469],[-65.6967,-44.748],[-65.6958,-44.7504],[-65.6955,-44.752],[-65.6951,-44.7533],[-65.6949,-44.7549],[-65.695,-44.7561],[-65.6949,-44.757],[-65.695,-44.758],[-65.6949,-44.7593],[-65.6948,-44.76],[-65.695,-44.761],[-65.695,-44.7618],[-65.6949,-44.7633],[-65.6949,-44.765],[-65.6949,-44.7661],[-65.6946,-44.7672],[-65.6946,-44.7687],[-65.6946,-44.7694],[-65.6947,-44.771],[-65.6951,-44.7718],[-65.6959,-44.7728],[-65.6963,-44.7734],[-65.6969,-44.775],[-65.6976,-44.7765],[-65.6979,-44.7777],[-65.6985,-44.7804],[-65.6987,-44.7823],[-65.6988,-44.784],[-65.6987,-44.7849],[-65.6986,-44.7853],[-65.6981,-44.787],[-65.6977,-44.7878],[-65.6977,-44.788],[-65.6984,-44.7883],[-65.6994,-44.7889],[-65.7004,-44.79],[-65.7014,-44.7912],[-65.7025,-44.7934],[-65.7029,-44.7952],[-65.7028,-44.7963],[-65.7027,-44.7971],[-65.7023,-44.7979],[-65.7023,-44.7982],[-65.7024,-44.7986],[-65.7026,-44.7993],[-65.7029,-44.7997],[-65.703,-44.8002],[-65.7027,-44.8007],[-65.7026,-44.8013],[-65.7031,-44.8014],[-65.7037,-44.8015],[-65.7045,-44.8015],[-65.7051,-44.8016],[-65.7059,-44.8019],[-65.7066,-44.8019],[-65.7068,-44.8015],[-65.7071,-44.8013],[-65.7077,-44.8009],[-65.7084,-44.8008],[-65.7095,-44.8009],[-65.7102,-44.8013],[-65.7106,-44.8016],[-65.7108,-44.8019],[-65.7115,-44.8019],[-65.7119,-44.8021],[-65.7122,-44.8022],[-65.7129,-44.802],[-65.7134,-44.802],[-65.714,-44.8021],[-65.7147,-44.8023],[-65.7151,-44.8026],[-65.7156,-44.803],[-65.716,-44.8034],[-65.7163,-44.8036],[-65.7167,-44.8037],[-65.7173,-44.8039],[-65.7178,-44.804],[-65.7182,-44.804],[-65.7186,-44.8042],[-65.7194,-44.8047],[-65.7199,-44.8052],[-65.7208,-44.8059],[-65.7209,-44.8061],[-65.7209,-44.8064],[-65.7211,-44.8064],[-65.7213,-44.8064],[-65.7218,-44.8066],[-65.7226,-44.8069],[-65.7234,-44.8076],[-65.7239,-44.8078],[-65.7247,-44.8078],[-65.7254,-44.8077],[-65.726,-44.8076],[-65.7265,-44.8078],[-65.7273,-44.8083],[-65.728,-44.809],[-65.7284,-44.8101],[-65.7287,-44.8116],[-65.729,-44.8135],[-65.7292,-44.817],[-65.729,-44.8207],[-65.729,-44.8224],[-65.7289,-44.8238],[-65.7285,-44.8256],[-65.728,-44.8271],[-65.727,-44.828],[-65.7265,-44.8289],[-65.7262,-44.8293],[-65.7258,-44.8303],[-65.7255,-44.8315],[-65.7253,-44.8322],[-65.7252,-44.8325],[-65.7247,-44.8335],[-65.7242,-44.8338],[-65.7235,-44.8342],[-65.7225,-44.8344],[-65.7219,-44.8344],[-65.7211,-44.8349],[-65.7201,-44.8362],[-65.7196,-44.837],[-65.7193,-44.8377],[-65.7192,-44.8386],[-65.7196,-44.8391],[-65.7202,-44.8393],[-65.7204,-44.8394],[-65.7206,-44.8395],[-65.7209,-44.839],[-65.721,-44.8386],[-65.7216,-44.8381],[-65.7229,-44.8379],[-65.7239,-44.8382],[-65.7247,-44.8383],[-65.7258,-44.839],[-65.7262,-44.8393],[-65.7271,-44.8405],[-65.728,-44.842],[-65.7287,-44.8435],[-65.729,-44.8452],[-65.7289,-44.8463],[-65.7288,-44.8475],[-65.7288,-44.8484],[-65.7281,-44.8499],[-65.7273,-44.851],[-65.7258,-44.8529],[-65.7256,-44.8531],[-65.7251,-44.854],[-65.7249,-44.8548],[-65.7248,-44.8555],[-65.7245,-44.8565],[-65.7237,-44.8574],[-65.7228,-44.858],[-65.7214,-44.8589],[-65.7203,-44.8597],[-65.7197,-44.8603],[-65.7192,-44.861],[-65.7189,-44.8615],[-65.7186,-44.8623],[-65.7178,-44.8629],[-65.717,-44.8633],[-65.7156,-44.8645],[-65.7153,-44.8651],[-65.7151,-44.8662],[-65.7148,-44.8672],[-65.7142,-44.8685],[-65.7134,-44.8696],[-65.7124,-44.8704],[-65.7108,-44.871],[-65.7101,-44.871],[-65.7096,-44.8711],[-65.7091,-44.8712],[-65.7083,-44.8716],[-65.7079,-44.8719],[-65.7078,-44.8723],[-65.7078,-44.8728],[-65.7073,-44.8731],[-65.7066,-44.8735],[-65.7062,-44.8738],[-65.7058,-44.8743],[-65.7054,-44.8747],[-65.7047,-44.8753],[-65.7038,-44.8756],[-65.7027,-44.8758],[-65.7021,-44.8759],[-65.7013,-44.8762],[-65.7008,-44.8764],[-65.7003,-44.8767],[-65.6998,-44.8769],[-65.6991,-44.8768],[-65.6984,-44.8769],[-65.6975,-44.877],[-65.6969,-44.877],[-65.6966,-44.8768],[-65.6959,-44.8768],[-65.6952,-44.8766],[-65.6949,-44.8763],[-65.6949,-44.876],[-65.6952,-44.8756],[-65.6953,-44.8754],[-65.6954,-44.8753],[-65.6954,-44.8747],[-65.6951,-44.8741],[-65.6949,-44.874],[-65.6949,-44.874],[-65.6944,-44.8742],[-65.694,-44.8741],[-65.6936,-44.8741],[-65.6932,-44.874],[-65.6928,-44.8737],[-65.6923,-44.8734],[-65.6918,-44.8733],[-65.6909,-44.8731],[-65.6904,-44.8732],[-65.6899,-44.8734],[-65.6893,-44.8737],[-65.6885,-44.8741],[-65.6883,-44.8743],[-65.6883,-44.8747],[-65.6884,-44.8754],[-65.688,-44.8761],[-65.688,-44.8764],[-65.6876,-44.877],[-65.6876,-44.8774],[-65.6869,-44.8778],[-65.6875,-44.8782],[-65.6876,-44.8786],[-65.6876,-44.8791],[-65.6874,-44.8793],[-65.6876,-44.8797],[-65.6876,-44.8801],[-65.6869,-44.8806],[-65.686,-44.8811],[-65.6852,-44.8812],[-65.6842,-44.8805],[-65.6833,-44.8802],[-65.6826,-44.88],[-65.682,-44.8801],[-65.6815,-44.8804],[-65.6809,-44.8805],[-65.6799,-44.8805],[-65.6795,-44.8806],[-65.6789,-44.8801],[-65.6783,-44.8795],[-65.6769,-44.8794],[-65.6758,-44.8791],[-65.6747,-44.8794],[-65.6743,-44.8796],[-65.6741,-44.8799],[-65.6739,-44.8801],[-65.6739,-44.8805],[-65.674,-44.8808],[-65.6741,-44.8811],[-65.6742,-44.8814],[-65.6739,-44.8818],[-65.6733,-44.882],[-65.6725,-44.8821],[-65.672,-44.882],[-65.6718,-44.882],[-65.6712,-44.8821],[-65.6707,-44.8819],[-65.6703,-44.8822],[-65.6699,-44.8827],[-65.6701,-44.8829],[-65.6707,-44.883],[-65.6706,-44.8833],[-65.6708,-44.8836],[-65.671,-44.8835],[-65.6712,-44.8835],[-65.6715,-44.8834],[-65.6718,-44.8836],[-65.6719,-44.8837],[-65.6724,-44.8844],[-65.6724,-44.8851],[-65.672,-44.8859],[-65.6718,-44.8863],[-65.6714,-44.8868],[-65.6705,-44.8874],[-65.6691,-44.8885],[-65.6675,-44.8894],[-65.6661,-44.89],[-65.6648,-44.8907],[-65.6631,-44.8909],[-65.6617,-44.8908],[-65.6608,-44.8907],[-65.6606,-44.8903],[-65.6607,-44.8898],[-65.6604,-44.8895],[-65.6601,-44.8897],[-65.6599,-44.8899],[-65.6599,-44.8903],[-65.6599,-44.8905],[-65.6595,-44.8909],[-65.6587,-44.8914],[-65.658,-44.8914],[-65.6569,-44.8913],[-65.6565,-44.8909],[-65.6564,-44.8907],[-65.6564,-44.8904],[-65.6559,-44.8906],[-65.6559,-44.8907],[-65.6555,-44.891],[-65.6551,-44.8911],[-65.6544,-44.8913],[-65.653,-44.8913],[-65.6519,-44.8911],[-65.6514,-44.8908],[-65.6512,-44.8904],[-65.6508,-44.8901],[-65.6506,-44.8899],[-65.6508,-44.8895],[-65.6508,-44.8894],[-65.6509,-44.8892],[-65.6509,-44.8888],[-65.6508,-44.8885],[-65.6508,-44.888],[-65.6504,-44.8886],[-65.6503,-44.8886],[-65.6496,-44.8886],[-65.649,-44.8887],[-65.6482,-44.8886],[-65.6477,-44.8884],[-65.6475,-44.8883],[-65.6473,-44.8879],[-65.6464,-44.8881],[-65.6458,-44.8878],[-65.6455,-44.8875],[-65.6451,-44.8874],[-65.6449,-44.887],[-65.6449,-44.887],[-65.6448,-44.887],[-65.6443,-44.8872],[-65.6438,-44.8871],[-65.6432,-44.8864],[-65.6428,-44.8863],[-65.6422,-44.8859],[-65.6419,-44.8863],[-65.6417,-44.8864],[-65.6416,-44.8863],[-65.6417,-44.886],[-65.6417,-44.8857],[-65.6413,-44.8855],[-65.6409,-44.8854],[-65.6404,-44.8854],[-65.6401,-44.8856],[-65.6396,-44.8857],[-65.6388,-44.8856],[-65.6384,-44.8853],[-65.6383,-44.8851],[-65.6387,-44.8849],[-65.6385,-44.8848],[-65.6384,-44.8846],[-65.6382,-44.8847],[-65.6378,-44.8843],[-65.6374,-44.8843],[-65.6373,-44.8845],[-65.6369,-44.8848],[-65.6368,-44.8847],[-65.6368,-44.8844],[-65.6362,-44.8844],[-65.6361,-44.8846],[-65.6358,-44.8849],[-65.6357,-44.8845],[-65.6357,-44.8843],[-65.6349,-44.8848],[-65.6351,-44.8844],[-65.6349,-44.8843],[-65.6347,-44.8845],[-65.6345,-44.8841],[-65.6343,-44.8841],[-65.6341,-44.8843],[-65.634,-44.8845],[-65.6339,-44.8846],[-65.6338,-44.8849],[-65.6337,-44.885],[-65.6336,-44.8852],[-65.6335,-44.8854],[-65.6336,-44.8856],[-65.6339,-44.8859],[-65.6341,-44.8861],[-65.6343,-44.8862],[-65.6343,-44.8866],[-65.6342,-44.8867],[-65.6338,-44.8866],[-65.6337,-44.8868],[-65.6331,-44.8871],[-65.6326,-44.8873],[-65.632,-44.8874],[-65.6317,-44.8873],[-65.6314,-44.8872],[-65.6314,-44.8869],[-65.6315,-44.8865],[-65.6316,-44.8864],[-65.6315,-44.8861],[-65.6316,-44.8859],[-65.6317,-44.8857],[-65.6316,-44.8854],[-65.6314,-44.885],[-65.631,-44.8849],[-65.6305,-44.8847],[-65.6301,-44.8846],[-65.63,-44.8845],[-65.6298,-44.8849],[-65.6295,-44.885],[-65.6291,-44.885],[-65.6288,-44.8849],[-65.629,-44.8847],[-65.6291,-44.8845],[-65.6291,-44.8842],[-65.6289,-44.8841],[-65.6287,-44.884],[-65.6284,-44.8838],[-65.6281,-44.884],[-65.6277,-44.8841],[-65.6276,-44.8843],[-65.6276,-44.8846],[-65.6277,-44.8847],[-65.6279,-44.8848],[-65.6276,-44.8849],[-65.6272,-44.8849],[-65.6271,-44.8852],[-65.6269,-44.8853],[-65.6267,-44.8854],[-65.6265,-44.8856],[-65.6263,-44.886],[-65.6263,-44.8862],[-65.6265,-44.8862],[-65.6263,-44.8865],[-65.6262,-44.8868],[-65.6265,-44.887],[-65.6262,-44.8872],[-65.626,-44.8875],[-65.626,-44.8878],[-65.626,-44.8881],[-65.6263,-44.8878],[-65.6262,-44.8883],[-65.6263,-44.8887],[-65.6263,-44.8891],[-65.6267,-44.8895],[-65.6267,-44.8897],[-65.6262,-44.8897],[-65.6256,-44.89],[-65.6252,-44.8903],[-65.6251,-44.8906],[-65.6248,-44.8907],[-65.6244,-44.8908],[-65.6239,-44.8911],[-65.6234,-44.8911],[-65.6228,-44.891],[-65.6226,-44.8907],[-65.6226,-44.8904],[-65.6229,-44.8903],[-65.6232,-44.8901],[-65.6233,-44.8898],[-65.6231,-44.8895],[-65.6228,-44.8894],[-65.6224,-44.8891],[-65.6222,-44.8888],[-65.6223,-44.8885],[-65.6225,-44.8883],[-65.6223,-44.8881],[-65.6226,-44.8879],[-65.6226,-44.8877],[-65.6225,-44.8875],[-65.6227,-44.8873],[-65.6227,-44.8869],[-65.6225,-44.8867],[-65.6225,-44.8867],[-65.6224,-44.8864],[-65.622,-44.8864],[-65.6216,-44.8863],[-65.6214,-44.8859],[-65.6212,-44.8857],[-65.621,-44.8862],[-65.6208,-44.8864],[-65.6202,-44.8863],[-65.62,-44.8865],[-65.62,-44.8868],[-65.6198,-44.8865],[-65.6196,-44.8866],[-65.6197,-44.8868],[-65.6198,-44.8872],[-65.6197,-44.8873],[-65.6194,-44.887],[-65.619,-44.8867],[-65.6187,-44.8869],[-65.6186,-44.8871],[-65.6181,-44.8871],[-65.6178,-44.887],[-65.6176,-44.8874],[-65.6171,-44.8876],[-65.6168,-44.8878],[-65.6166,-44.8882],[-65.6164,-44.8884],[-65.6162,-44.8886],[-65.616,-44.8885],[-65.6159,-44.888],[-65.6158,-44.8877],[-65.6154,-44.8879],[-65.6152,-44.8881],[-65.6149,-44.8883],[-65.6148,-44.8887],[-65.6149,-44.8891],[-65.6148,-44.8894],[-65.6148,-44.8897],[-65.6146,-44.8901],[-65.6148,-44.8902],[-65.615,-44.8904],[-65.6153,-44.8904],[-65.6154,-44.8906],[-65.6152,-44.8908],[-65.6149,-44.8912],[-65.6148,-44.8914],[-65.6144,-44.8914],[-65.614,-44.8914],[-65.6138,-44.8911],[-65.6137,-44.8909],[-65.6137,-44.8906],[-65.6132,-44.8903],[-65.6129,-44.8903],[-65.6127,-44.89],[-65.6124,-44.89],[-65.6122,-44.8901],[-65.6121,-44.8904],[-65.6123,-44.8907],[-65.6123,-44.8909],[-65.6122,-44.8911],[-65.6119,-44.8912],[-65.6116,-44.8915],[-65.6114,-44.8917],[-65.6113,-44.892],[-65.6112,-44.8922],[-65.611,-44.8923],[-65.6107,-44.8925],[-65.6103,-44.8926],[-65.6102,-44.8927],[-65.6097,-44.8928],[-65.6094,-44.8929],[-65.6094,-44.8929],[-65.6091,-44.893],[-65.6088,-44.8933],[-65.6085,-44.8938],[-65.6086,-44.894],[-65.6085,-44.8946],[-65.6083,-44.8948],[-65.6079,-44.8951],[-65.6078,-44.8955],[-65.6076,-44.8956],[-65.6074,-44.8958],[-65.6075,-44.8963],[-65.6072,-44.897],[-65.6071,-44.8974],[-65.607,-44.8979],[-65.6073,-44.898],[-65.6069,-44.8982],[-65.6066,-44.8982],[-65.6057,-44.8982],[-65.6053,-44.8983],[-65.605,-44.8986],[-65.6044,-44.8986],[-65.6038,-44.8987],[-65.6034,-44.899],[-65.6031,-44.899],[-65.6029,-44.8992],[-65.6024,-44.8994],[-65.6019,-44.8996],[-65.6017,-44.9],[-65.6016,-44.9007],[-65.6016,-44.9011],[-65.6022,-44.9022],[-65.6024,-44.9025],[-65.6026,-44.9026],[-65.6029,-44.9027],[-65.6031,-44.9028],[-65.6034,-44.903],[-65.6036,-44.9032],[-65.6041,-44.9032],[-65.6045,-44.903],[-65.6052,-44.903],[-65.6053,-44.9032],[-65.606,-44.9035],[-65.6068,-44.9039],[-65.6069,-44.9042],[-65.6073,-44.9043],[-65.6075,-44.9042],[-65.6077,-44.9045],[-65.6077,-44.9047],[-65.6074,-44.9048],[-65.6071,-44.9051],[-65.6068,-44.9054],[-65.6067,-44.9055],[-65.6068,-44.9058],[-65.6069,-44.9061],[-65.6071,-44.9062],[-65.6072,-44.9064],[-65.6072,-44.9067],[-65.6068,-44.9072],[-65.6068,-44.9073],[-65.6069,-44.9076],[-65.6066,-44.9081],[-65.6061,-44.9086],[-65.6055,-44.9088],[-65.6049,-44.9089],[-65.6043,-44.9088],[-65.6039,-44.9086],[-65.6035,-44.9082],[-65.6029,-44.9077],[-65.6023,-44.9076],[-65.6019,-44.9074],[-65.6013,-44.9073],[-65.601,-44.9074],[-65.6006,-44.9076],[-65.6,-44.9076],[-65.5998,-44.9076],[-65.5994,-44.9078],[-65.5987,-44.9076],[-65.5982,-44.9073],[-65.5981,-44.9069],[-65.5981,-44.9065],[-65.5983,-44.9061],[-65.5985,-44.9057],[-65.5981,-44.9054],[-65.5979,-44.905],[-65.598,-44.9046],[-65.598,-44.9041],[-65.5978,-44.9039],[-65.5971,-44.9035],[-65.5965,-44.9034],[-65.5953,-44.9034],[-65.5943,-44.9036],[-65.5929,-44.9037],[-65.5928,-44.9037],[-65.5926,-44.9037],[-65.5922,-44.9035],[-65.5919,-44.9034],[-65.5917,-44.9033],[-65.5911,-44.9025],[-65.5911,-44.902],[-65.5914,-44.9018],[-65.5919,-44.9014],[-65.5923,-44.9011],[-65.5925,-44.9005],[-65.5923,-44.8999],[-65.5921,-44.8995],[-65.592,-44.8992],[-65.5921,-44.8987],[-65.5922,-44.8983],[-65.5924,-44.8977],[-65.5925,-44.8972],[-65.5922,-44.8975],[-65.5915,-44.8976],[-65.591,-44.8975],[-65.5905,-44.8972],[-65.5899,-44.8969],[-65.5895,-44.8969],[-65.5888,-44.8968],[-65.5884,-44.8967],[-65.5882,-44.8969],[-65.5881,-44.8972],[-65.5877,-44.8973],[-65.5869,-44.8972],[-65.5857,-44.8969],[-65.5855,-44.8967],[-65.5853,-44.8963],[-65.5849,-44.8961],[-65.5843,-44.8959],[-65.5833,-44.8959],[-65.5821,-44.8956],[-65.5816,-44.8955],[-65.581,-44.8959],[-65.5806,-44.8958],[-65.5803,-44.8955],[-65.5794,-44.8955],[-65.5791,-44.8957],[-65.5793,-44.8961],[-65.5796,-44.8963],[-65.5797,-44.8966],[-65.58,-44.8967],[-65.5802,-44.8969],[-65.5801,-44.8973],[-65.5799,-44.8975],[-65.5795,-44.8975],[-65.5793,-44.8972],[-65.579,-44.8968],[-65.5788,-44.8966],[-65.5784,-44.8967],[-65.5782,-44.897],[-65.5778,-44.8973],[-65.5772,-44.8971],[-65.5771,-44.8969],[-65.5769,-44.8967],[-65.5766,-44.897],[-65.5763,-44.8972],[-65.5759,-44.8972],[-65.5756,-44.8971],[-65.5757,-44.8968],[-65.5755,-44.8965],[-65.5752,-44.8965],[-65.575,-44.8966],[-65.5747,-44.8964],[-65.5746,-44.8963],[-65.5738,-44.896],[-65.5733,-44.8957],[-65.5729,-44.8956],[-65.5721,-44.8961],[-65.5713,-44.8965],[-65.5713,-44.8965],[-65.5709,-44.8971],[-65.5707,-44.8979],[-65.5705,-44.8984],[-65.5703,-44.8987],[-65.5702,-44.8993],[-65.5699,-44.8997],[-65.5699,-44.9],[-65.5701,-44.9002],[-65.5705,-44.9003],[-65.5711,-44.9002],[-65.5712,-44.9002],[-65.5718,-44.9001],[-65.572,-44.9002],[-65.5721,-44.9003],[-65.5718,-44.9006],[-65.5716,-44.9009],[-65.5715,-44.9011],[-65.5715,-44.9014],[-65.572,-44.9014],[-65.5717,-44.9017],[-65.5717,-44.902],[-65.5721,-44.9026],[-65.5724,-44.9027],[-65.5723,-44.9029],[-65.5722,-44.9032],[-65.5722,-44.9035],[-65.5725,-44.9036],[-65.5727,-44.9036],[-65.5728,-44.9037],[-65.5731,-44.9038],[-65.5735,-44.9039],[-65.574,-44.9037],[-65.5742,-44.9036],[-65.5744,-44.9038],[-65.5747,-44.9036],[-65.575,-44.9034],[-65.5751,-44.9034],[-65.5753,-44.9034],[-65.5755,-44.9035],[-65.5753,-44.9039],[-65.5752,-44.9042],[-65.5752,-44.9044],[-65.5751,-44.9045],[-65.5749,-44.9046],[-65.5746,-44.9049],[-65.5744,-44.9053],[-65.5744,-44.9055],[-65.5744,-44.9057],[-65.5745,-44.9059],[-65.5745,-44.9062],[-65.5742,-44.9064],[-65.574,-44.9065],[-65.5738,-44.9068],[-65.5734,-44.9071],[-65.5731,-44.9073],[-65.5728,-44.9077],[-65.5727,-44.9079],[-65.5726,-44.9082],[-65.5727,-44.9085],[-65.5728,-44.9086],[-65.5729,-44.9087],[-65.5733,-44.9089],[-65.5735,-44.9089],[-65.5739,-44.9089],[-65.5742,-44.9089],[-65.5741,-44.9091],[-65.5737,-44.9093],[-65.5736,-44.9093],[-65.5737,-44.9095],[-65.5739,-44.9098],[-65.5741,-44.9099],[-65.5745,-44.91],[-65.5745,-44.9102],[-65.5744,-44.9103],[-65.5745,-44.9105],[-65.5743,-44.9107],[-65.5739,-44.9105],[-65.5735,-44.9101],[-65.573,-44.91],[-65.5726,-44.9098],[-65.5724,-44.9095],[-65.5721,-44.9093],[-65.572,-44.9092],[-65.5718,-44.9093],[-65.5716,-44.9095],[-65.5716,-44.9098],[-65.5716,-44.9101],[-65.5715,-44.9106],[-65.5714,-44.9109],[-65.5711,-44.9112],[-65.5709,-44.9114],[-65.5705,-44.9118],[-65.57,-44.9121],[-65.5696,-44.9123],[-65.5692,-44.9124],[-65.569,-44.9121],[-65.5688,-44.9122],[-65.5686,-44.9125],[-65.5684,-44.9126],[-65.5682,-44.9126],[-65.5682,-44.9123],[-65.5683,-44.9119],[-65.5685,-44.9117],[-65.5688,-44.9117],[-65.5691,-44.9116],[-65.5694,-44.9114],[-65.5696,-44.9113],[-65.5699,-44.911],[-65.57,-44.9107],[-65.5703,-44.9103],[-65.5703,-44.9098],[-65.5702,-44.9096],[-65.5702,-44.9096],[-65.57,-44.9094],[-65.5701,-44.9092],[-65.5704,-44.9092],[-65.5705,-44.9091],[-65.5707,-44.9089],[-65.5708,-44.9086],[-65.5706,-44.9084],[-65.5706,-44.9082],[-65.5709,-44.9082],[-65.571,-44.9081],[-65.5711,-44.9079],[-65.5712,-44.9076],[-65.5715,-44.9074],[-65.5718,-44.9072],[-65.572,-44.9068],[-65.5723,-44.9062],[-65.5724,-44.9058],[-65.5725,-44.9056],[-65.5726,-44.9052],[-65.5724,-44.9049],[-65.5722,-44.905],[-65.5719,-44.905],[-65.5714,-44.9051],[-65.5714,-44.9054],[-65.5714,-44.9054],[-65.5712,-44.9055],[-65.5709,-44.9056],[-65.5703,-44.9057],[-65.57,-44.9057],[-65.5698,-44.9054],[-65.5698,-44.9053],[-65.5699,-44.9052],[-65.5699,-44.9049],[-65.5698,-44.9049],[-65.5695,-44.9048],[-65.5692,-44.9046],[-65.5692,-44.9043],[-65.5694,-44.9042],[-65.5692,-44.9036],[-65.5692,-44.9032],[-65.5687,-44.9028],[-65.5684,-44.9024],[-65.5679,-44.9024],[-65.5675,-44.9025],[-65.5671,-44.9026],[-65.5669,-44.9033],[-65.5667,-44.9037],[-65.5663,-44.9039],[-65.5656,-44.904],[-65.5649,-44.9039],[-65.5644,-44.9037],[-65.5644,-44.9035],[-65.5642,-44.9035],[-65.5637,-44.9036],[-65.5632,-44.9035],[-65.563,-44.9034],[-65.5625,-44.9033],[-65.562,-44.9034],[-65.5613,-44.9035],[-65.5609,-44.9036],[-65.5605,-44.9038],[-65.5602,-44.9041],[-65.5595,-44.9042],[-65.5591,-44.9044],[-65.559,-44.9046],[-65.5589,-44.9046],[-65.559,-44.9049],[-65.5591,-44.905],[-65.5593,-44.9049],[-65.5594,-44.9047],[-65.5595,-44.9046],[-65.5597,-44.9044],[-65.5599,-44.9046],[-65.5599,-44.9046],[-65.5601,-44.9047],[-65.5603,-44.9048],[-65.5607,-44.9048],[-65.5609,-44.9048],[-65.5613,-44.9049],[-65.5618,-44.905],[-65.5623,-44.9053],[-65.5625,-44.9054],[-65.5626,-44.9055],[-65.5626,-44.9058],[-65.5625,-44.9059],[-65.5623,-44.9059],[-65.5621,-44.906],[-65.5622,-44.9062],[-65.5622,-44.9063],[-65.5623,-44.9065],[-65.5625,-44.9067],[-65.5625,-44.907],[-65.5623,-44.9073],[-65.5618,-44.9073],[-65.5616,-44.9071],[-65.5614,-44.9067],[-65.5613,-44.9066],[-65.5611,-44.9064],[-65.5606,-44.9063],[-65.5606,-44.9066],[-65.5604,-44.907],[-65.5601,-44.907],[-65.5598,-44.9071],[-65.5596,-44.9068],[-65.5594,-44.9067],[-65.5592,-44.9067],[-65.5589,-44.9068],[-65.5586,-44.907],[-65.5582,-44.907],[-65.5579,-44.9069],[-65.5577,-44.9067],[-65.5575,-44.9067],[-65.5571,-44.9069],[-65.557,-44.9071],[-65.5571,-44.9074],[-65.5572,-44.9076],[-65.5572,-44.9079],[-65.557,-44.9082],[-65.5567,-44.9085],[-65.5569,-44.9087],[-65.557,-44.909],[-65.5571,-44.9094],[-65.5571,-44.9096],[-65.557,-44.91],[-65.5567,-44.9102],[-65.5563,-44.9101],[-65.5561,-44.9102],[-65.556,-44.9103],[-65.556,-44.9106],[-65.5557,-44.9108],[-65.5557,-44.911],[-65.556,-44.911],[-65.5561,-44.9111],[-65.5563,-44.9112],[-65.5565,-44.9113],[-65.5567,-44.9114],[-65.5568,-44.9117],[-65.5568,-44.9122],[-65.5566,-44.9126],[-65.5564,-44.913],[-65.5563,-44.9131],[-65.5559,-44.9131],[-65.5556,-44.913],[-65.5555,-44.9127],[-65.5552,-44.9124],[-65.555,-44.912],[-65.5549,-44.9117],[-65.5547,-44.9117],[-65.5545,-44.9118],[-65.5542,-44.912],[-65.5538,-44.9119],[-65.5532,-44.9115],[-65.5528,-44.9112],[-65.5526,-44.911],[-65.5526,-44.9107],[-65.5527,-44.9105],[-65.553,-44.9104],[-65.5528,-44.9103],[-65.5524,-44.9102],[-65.5522,-44.9099],[-65.552,-44.9096],[-65.5517,-44.9096],[-65.5514,-44.9097],[-65.551,-44.9098],[-65.551,-44.91],[-65.5509,-44.9104],[-65.551,-44.9106],[-65.5508,-44.911],[-65.5506,-44.911],[-65.5503,-44.911],[-65.5501,-44.911],[-65.5498,-44.9112],[-65.5496,-44.9115],[-65.5495,-44.9117],[-65.5494,-44.912],[-65.5492,-44.9122],[-65.5489,-44.9124],[-65.5485,-44.9127],[-65.548,-44.9128],[-65.5476,-44.9129],[-65.547,-44.9129],[-65.5464,-44.9127],[-65.5463,-44.9125],[-65.5464,-44.9122],[-65.5462,-44.912],[-65.5459,-44.912],[-65.5451,-44.9117],[-65.5448,-44.9114],[-65.5445,-44.9111],[-65.5445,-44.9107],[-65.5447,-44.9104],[-65.5444,-44.9103],[-65.544,-44.9103],[-65.5438,-44.9104],[-65.5436,-44.9105],[-65.5435,-44.9107],[-65.5435,-44.9109],[-65.5436,-44.9109],[-65.5437,-44.9111],[-65.5436,-44.9112],[-65.5432,-44.9113],[-65.543,-44.9113],[-65.5428,-44.9114],[-65.543,-44.9115],[-65.5431,-44.9117],[-65.5434,-44.9117],[-65.5436,-44.9118],[-65.5437,-44.912],[-65.5436,-44.9124],[-65.5435,-44.9127],[-65.5432,-44.9128],[-65.543,-44.9128],[-65.5429,-44.9129],[-65.5428,-44.913],[-65.5428,-44.9132],[-65.5428,-44.9134],[-65.5426,-44.9134],[-65.5424,-44.9133],[-65.5422,-44.9135],[-65.542,-44.9138],[-65.5418,-44.914],[-65.5414,-44.9141],[-65.5412,-44.9143],[-65.5407,-44.9146],[-65.5404,-44.9149],[-65.5399,-44.9151],[-65.5398,-44.915],[-65.5401,-44.9147],[-65.5396,-44.915],[-65.5394,-44.9152],[-65.5391,-44.9153],[-65.5387,-44.9152],[-65.5384,-44.9154],[-65.5383,-44.9156],[-65.538,-44.9159],[-65.5377,-44.9161],[-65.5372,-44.9165],[-65.5369,-44.9169],[-65.5366,-44.917],[-65.5364,-44.9171],[-65.5363,-44.9173],[-65.5362,-44.9176],[-65.5359,-44.9179],[-65.5355,-44.918],[-65.5353,-44.918],[-65.5354,-44.9182],[-65.5352,-44.9184],[-65.5352,-44.9185],[-65.5352,-44.9189],[-65.5353,-44.9189],[-65.5352,-44.9191],[-65.5353,-44.9193],[-65.5355,-44.9194],[-65.5358,-44.9193],[-65.5359,-44.9193],[-65.5359,-44.9195],[-65.536,-44.9196],[-65.5362,-44.9196],[-65.5362,-44.9199],[-65.5362,-44.9201],[-65.5358,-44.9204],[-65.5357,-44.9205],[-65.5358,-44.9208],[-65.5356,-44.9209],[-65.5354,-44.9207],[-65.5351,-44.921],[-65.5345,-44.9212],[-65.5341,-44.9218],[-65.5336,-44.9221],[-65.5334,-44.9224],[-65.533,-44.9226],[-65.5326,-44.9224],[-65.5322,-44.9224],[-65.5318,-44.9224],[-65.5316,-44.9225],[-65.5313,-44.9224],[-65.531,-44.9223],[-65.5305,-44.9225],[-65.5301,-44.9225],[-65.5299,-44.9227],[-65.5299,-44.9229],[-65.5295,-44.9232],[-65.5291,-44.9232],[-65.529,-44.923],[-65.5287,-44.9231],[-65.528,-44.9233],[-65.5276,-44.9235],[-65.5275,-44.9238],[-65.5271,-44.924],[-65.527,-44.924],[-65.5271,-44.9238],[-65.5269,-44.9239],[-65.5265,-44.924],[-65.526,-44.9241],[-65.5257,-44.9242],[-65.5255,-44.9244],[-65.5256,-44.9245],[-65.5254,-44.9246],[-65.5251,-44.9249],[-65.525,-44.9251],[-65.5247,-44.9256],[-65.5245,-44.9257],[-65.5243,-44.9259],[-65.5242,-44.9264],[-65.5239,-44.9265],[-65.5239,-44.9268],[-65.5238,-44.927],[-65.5235,-44.9271],[-65.5231,-44.9275],[-65.5228,-44.9275],[-65.5224,-44.9276],[-65.522,-44.9278],[-65.522,-44.928],[-65.5219,-44.9282],[-65.5218,-44.9284],[-65.5212,-44.9284],[-65.5207,-44.9286],[-65.52,-44.9288],[-65.5199,-44.9289],[-65.5202,-44.929],[-65.52,-44.9292],[-65.5199,-44.9293],[-65.5198,-44.9295],[-65.5198,-44.9297],[-65.5199,-44.9298],[-65.52,-44.9296],[-65.5202,-44.9295],[-65.5205,-44.9294],[-65.521,-44.9293],[-65.5216,-44.9291],[-65.5221,-44.9289],[-65.5225,-44.9286],[-65.5227,-44.9284],[-65.5229,-44.9284],[-65.5228,-44.9286],[-65.5226,-44.9288],[-65.5226,-44.929],[-65.5224,-44.9291],[-65.5223,-44.9293],[-65.5223,-44.9295],[-65.5222,-44.9297],[-65.522,-44.9298],[-65.5218,-44.9299],[-65.5217,-44.9299],[-65.5216,-44.93],[-65.5218,-44.93],[-65.5222,-44.9299],[-65.5225,-44.9297],[-65.5225,-44.9296],[-65.5228,-44.9296],[-65.5229,-44.9295],[-65.5233,-44.9294],[-65.5236,-44.9294],[-65.5237,-44.9295],[-65.5237,-44.9297],[-65.5235,-44.9298],[-65.5232,-44.9299],[-65.5234,-44.93],[-65.5237,-44.9299],[-65.524,-44.9296],[-65.5244,-44.9294],[-65.5246,-44.9293],[-65.5248,-44.9292],[-65.5252,-44.9292],[-65.5254,-44.929],[-65.5256,-44.9289],[-65.526,-44.9287],[-65.5263,-44.9285],[-65.5264,-44.9284],[-65.5264,-44.9284],[-65.5267,-44.9283],[-65.5267,-44.9284],[-65.5268,-44.9285],[-65.5268,-44.9285],[-65.5268,-44.9285],[-65.527,-44.9284],[-65.5273,-44.9285],[-65.5274,-44.9285],[-65.5278,-44.9283],[-65.5281,-44.9282],[-65.5282,-44.9281],[-65.5281,-44.9283],[-65.5281,-44.9285],[-65.5279,-44.9288],[-65.5278,-44.929],[-65.5278,-44.9292],[-65.5277,-44.9293],[-65.5277,-44.9295],[-65.5278,-44.9296],[-65.528,-44.9295],[-65.5283,-44.9294],[-65.5285,-44.9295],[-65.5287,-44.9295],[-65.529,-44.9293],[-65.5292,-44.929],[-65.5293,-44.9291],[-65.5294,-44.9293],[-65.5294,-44.9294],[-65.5295,-44.9295],[-65.5297,-44.9297],[-65.5297,-44.9298],[-65.5297,-44.9298],[-65.5298,-44.9299],[-65.5301,-44.9299],[-65.5302,-44.9298],[-65.5303,-44.9297],[-65.5304,-44.9296],[-65.5306,-44.9297],[-65.5305,-44.9298],[-65.5305,-44.9299],[-65.5305,-44.93],[-65.5308,-44.9301],[-65.531,-44.9301],[-65.5311,-44.93],[-65.5314,-44.93],[-65.5318,-44.9299],[-65.5318,-44.9299],[-65.532,-44.9297],[-65.5322,-44.9294],[-65.5323,-44.9289],[-65.5325,-44.9287],[-65.5329,-44.9284],[-65.5329,-44.9286],[-65.5328,-44.9288],[-65.5327,-44.9289],[-65.5327,-44.9291],[-65.5326,-44.9293],[-65.5325,-44.9295],[-65.5325,-44.9297],[-65.5325,-44.9298],[-65.5325,-44.93],[-65.5326,-44.9301],[-65.5328,-44.9301],[-65.5331,-44.93],[-65.5333,-44.9298],[-65.5335,-44.9298],[-65.5337,-44.9298],[-65.5342,-44.9295],[-65.5343,-44.9294],[-65.5343,-44.9293],[-65.5343,-44.9289],[-65.5344,-44.9284],[-65.5346,-44.9281],[-65.5347,-44.9282],[-65.5348,-44.9283],[-65.5349,-44.9287],[-65.5349,-44.9289],[-65.535,-44.9291],[-65.5352,-44.9291],[-65.5352,-44.9292],[-65.5352,-44.9294],[-65.5352,-44.9295],[-65.5354,-44.9295],[-65.5357,-44.9295],[-65.5359,-44.9294],[-65.536,-44.9292],[-65.5361,-44.9291],[-65.5361,-44.9293],[-65.5361,-44.9294],[-65.5364,-44.9294],[-65.5366,-44.9294],[-65.5368,-44.9294],[-65.5369,-44.9293],[-65.537,-44.9291],[-65.5371,-44.9292],[-65.5371,-44.9293],[-65.5372,-44.9294],[-65.538,-44.9291],[-65.5387,-44.9288],[-65.5388,-44.9287],[-65.5392,-44.9284],[-65.5397,-44.9281],[-65.5399,-44.928],[-65.5401,-44.928],[-65.5404,-44.9281],[-65.5407,-44.9283],[-65.541,-44.9286],[-65.5411,-44.9288],[-65.5412,-44.929],[-65.5413,-44.9294],[-65.5412,-44.9297],[-65.5409,-44.9297],[-65.5405,-44.9299],[-65.5402,-44.9301],[-65.54,-44.9304],[-65.5397,-44.9304],[-65.5396,-44.9306],[-65.5399,-44.9308],[-65.5397,-44.931],[-65.5394,-44.9309],[-65.5392,-44.9308],[-65.5388,-44.931],[-65.5389,-44.9311],[-65.5389,-44.9314],[-65.5387,-44.9314],[-65.5385,-44.9314],[-65.5384,-44.9313],[-65.5383,-44.9313],[-65.5381,-44.9315],[-65.538,-44.9318],[-65.5379,-44.9319],[-65.5377,-44.9321],[-65.5378,-44.9324],[-65.5376,-44.9326],[-65.5374,-44.9326],[-65.5372,-44.9325],[-65.5371,-44.9323],[-65.5368,-44.9323],[-65.5368,-44.9325],[-65.5367,-44.9326],[-65.5367,-44.933],[-65.5364,-44.9331],[-65.5361,-44.9332],[-65.5357,-44.9332],[-65.5355,-44.9331],[-65.5353,-44.933],[-65.5351,-44.9331],[-65.5352,-44.9333],[-65.5354,-44.9333],[-65.5356,-44.9333],[-65.5357,-44.9335],[-65.5352,-44.9335],[-65.5348,-44.9335],[-65.5344,-44.9337],[-65.5343,-44.9339],[-65.5344,-44.934],[-65.5342,-44.9341],[-65.5337,-44.9341],[-65.5337,-44.9343],[-65.5339,-44.9343],[-65.5342,-44.9343],[-65.5343,-44.9344],[-65.5344,-44.9345],[-65.5344,-44.9346],[-65.5345,-44.9347],[-65.5346,-44.9346],[-65.5348,-44.9346],[-65.535,-44.9346],[-65.5353,-44.9347],[-65.5355,-44.935],[-65.5357,-44.935],[-65.5359,-44.9349],[-65.5361,-44.9347],[-65.5364,-44.9346],[-65.5366,-44.9346],[-65.5368,-44.9344],[-65.537,-44.9343],[-65.5373,-44.9343],[-65.5373,-44.9343],[-65.5372,-44.9344],[-65.537,-44.9345],[-65.5368,-44.9347],[-65.5366,-44.935],[-65.5363,-44.9354],[-65.5361,-44.9356],[-65.5359,-44.9359],[-65.5359,-44.9361],[-65.5359,-44.9362],[-65.5362,-44.9362],[-65.5363,-44.9365],[-65.5365,-44.9367],[-65.5363,-44.9369],[-65.5362,-44.9371],[-65.5361,-44.9373],[-65.5363,-44.9374],[-65.5364,-44.9376],[-65.5365,-44.9377],[-65.5367,-44.9377],[-65.5369,-44.9375],[-65.537,-44.9374],[-65.5372,-44.9375],[-65.5374,-44.9375],[-65.5376,-44.9375],[-65.5378,-44.9373],[-65.5381,-44.9374],[-65.5382,-44.9373],[-65.5385,-44.9373],[-65.5389,-44.9373],[-65.5391,-44.9372],[-65.5391,-44.9373],[-65.5391,-44.9374],[-65.5389,-44.9376],[-65.5386,-44.9378],[-65.5385,-44.938],[-65.5382,-44.9384],[-65.5381,-44.9384],[-65.538,-44.9385],[-65.538,-44.9386],[-65.538,-44.9388],[-65.5382,-44.9388],[-65.5384,-44.9386],[-65.5384,-44.9386],[-65.5385,-44.9385],[-65.5388,-44.9384],[-65.539,-44.9385],[-65.5394,-44.9385],[-65.5397,-44.9386],[-65.5399,-44.9387],[-65.5399,-44.9388],[-65.54,-44.9387],[-65.5402,-44.9386],[-65.5405,-44.9387],[-65.5405,-44.9388],[-65.5405,-44.939],[-65.5406,-44.939],[-65.5409,-44.939],[-65.541,-44.9389],[-65.5411,-44.9387],[-65.5413,-44.9386],[-65.5415,-44.9387],[-65.5416,-44.9388],[-65.5415,-44.9389],[-65.5415,-44.939],[-65.5414,-44.9391],[-65.5415,-44.9391],[-65.5416,-44.9391],[-65.5419,-44.939],[-65.542,-44.939],[-65.542,-44.939],[-65.5421,-44.9392],[-65.5422,-44.9392],[-65.5425,-44.9391],[-65.5426,-44.9391],[-65.5426,-44.9389],[-65.5427,-44.9388],[-65.5428,-44.9387],[-65.5431,-44.9387],[-65.5433,-44.9386],[-65.5435,-44.9385],[-65.5438,-44.9384],[-65.544,-44.9382],[-65.5442,-44.9382],[-65.5444,-44.9381],[-65.5446,-44.9381],[-65.5447,-44.9382],[-65.5446,-44.9384],[-65.5445,-44.9385],[-65.5444,-44.9387],[-65.5443,-44.9389],[-65.544,-44.9391],[-65.5434,-44.9393],[-65.5432,-44.9395],[-65.5428,-44.9398],[-65.5423,-44.9402],[-65.5421,-44.9405],[-65.542,-44.9408],[-65.5421,-44.9409],[-65.5421,-44.9411],[-65.5419,-44.9411],[-65.5416,-44.9414],[-65.5419,-44.9414],[-65.5421,-44.9413],[-65.5422,-44.9411],[-65.5424,-44.9409],[-65.5427,-44.9407],[-65.5431,-44.9406],[-65.5431,-44.9406],[-65.5434,-44.9404],[-65.5436,-44.9402],[-65.5438,-44.9401],[-65.5439,-44.94],[-65.5441,-44.9398],[-65.5443,-44.9398],[-65.5443,-44.9398],[-65.5443,-44.9401],[-65.5443,-44.9401],[-65.5445,-44.9401],[-65.5449,-44.94],[-65.5452,-44.9398],[-65.5454,-44.9397],[-65.5455,-44.9396],[-65.5455,-44.9395],[-65.5456,-44.9393],[-65.5456,-44.9391],[-65.5457,-44.9389],[-65.5458,-44.9388],[-65.5459,-44.9388],[-65.5459,-44.9391],[-65.5458,-44.9393],[-65.5458,-44.9396],[-65.5459,-44.9396],[-65.546,-44.9393],[-65.5461,-44.9391],[-65.5463,-44.9387],[-65.5465,-44.9386],[-65.5467,-44.9386],[-65.547,-44.9386],[-65.5472,-44.9387],[-65.5474,-44.9388],[-65.5476,-44.9389],[-65.5476,-44.9391],[-65.5476,-44.9392],[-65.5479,-44.9391],[-65.548,-44.939],[-65.5482,-44.939],[-65.5483,-44.9392],[-65.5481,-44.9393],[-65.5479,-44.9394],[-65.5477,-44.9396],[-65.5476,-44.9397],[-65.5475,-44.9397],[-65.5476,-44.9398],[-65.5476,-44.9398],[-65.5476,-44.9399],[-65.5476,-44.9401],[-65.5478,-44.9402],[-65.5478,-44.9402],[-65.548,-44.9401],[-65.548,-44.9399],[-65.5481,-44.9398],[-65.5483,-44.9396],[-65.5485,-44.9394],[-65.5486,-44.9395],[-65.5486,-44.9397],[-65.5485,-44.9398],[-65.5485,-44.9399],[-65.5485,-44.9401],[-65.5485,-44.9401],[-65.5484,-44.9402],[-65.5485,-44.9403],[-65.5489,-44.9403],[-65.5491,-44.9403],[-65.5493,-44.9402],[-65.5495,-44.9401],[-65.5495,-44.9403],[-65.5497,-44.9403],[-65.5501,-44.9403],[-65.5503,-44.9403],[-65.5505,-44.9404],[-65.5506,-44.9404],[-65.5508,-44.9403],[-65.5509,-44.9401],[-65.5507,-44.9399],[-65.5507,-44.9398],[-65.5506,-44.9396],[-65.5508,-44.9395],[-65.5509,-44.9393],[-65.5507,-44.939],[-65.5508,-44.9388],[-65.551,-44.9388],[-65.5511,-44.9391],[-65.5512,-44.9391],[-65.5513,-44.9389],[-65.5514,-44.9389],[-65.5516,-44.939],[-65.5516,-44.9392],[-65.5515,-44.9393],[-65.5514,-44.9395],[-65.5513,-44.9397],[-65.5513,-44.9398],[-65.5514,-44.9399],[-65.5516,-44.9399],[-65.5519,-44.9399],[-65.5522,-44.9399],[-65.5522,-44.9398],[-65.5522,-44.9398],[-65.5521,-44.9395],[-65.5522,-44.9393],[-65.5522,-44.9391],[-65.5524,-44.9391],[-65.5524,-44.9393],[-65.5525,-44.9395],[-65.5526,-44.9395],[-65.5528,-44.9394],[-65.5529,-44.9392],[-65.553,-44.9392],[-65.5532,-44.9393],[-65.5534,-44.9394],[-65.5536,-44.9397],[-65.5535,-44.9399],[-65.5534,-44.94],[-65.5533,-44.9401],[-65.5532,-44.9402],[-65.5532,-44.9404],[-65.5533,-44.9405],[-65.5533,-44.9406],[-65.5535,-44.9407],[-65.5537,-44.941],[-65.5536,-44.9413],[-65.5532,-44.9413],[-65.5529,-44.9413],[-65.5523,-44.9415],[-65.5522,-44.9417],[-65.5524,-44.9418],[-65.5525,-44.942],[-65.5524,-44.9421],[-65.5522,-44.942],[-65.552,-44.9419],[-65.5522,-44.9422],[-65.5524,-44.9423],[-65.5525,-44.9425],[-65.552,-44.9425],[-65.5515,-44.9425],[-65.5507,-44.9425],[-65.5502,-44.9426],[-65.5497,-44.9429],[-65.5493,-44.9432],[-65.5493,-44.9433],[-65.5491,-44.9437],[-65.5491,-44.9438],[-65.5491,-44.9439],[-65.5491,-44.944],[-65.5493,-44.9439],[-65.5494,-44.9439],[-65.5497,-44.9438],[-65.5499,-44.9437],[-65.5501,-44.9437],[-65.5501,-44.9439],[-65.5499,-44.944],[-65.5497,-44.9442],[-65.5497,-44.9442],[-65.5496,-44.9444],[-65.5498,-44.9445],[-65.55,-44.9445],[-65.5501,-44.9445],[-65.5504,-44.9445],[-65.5506,-44.9446],[-65.5506,-44.9448],[-65.5506,-44.9448],[-65.5505,-44.9449],[-65.5504,-44.945],[-65.5505,-44.9451],[-65.5509,-44.945],[-65.5509,-44.945],[-65.5512,-44.9447],[-65.5514,-44.9448],[-65.5513,-44.9451],[-65.5512,-44.9452],[-65.5515,-44.9451],[-65.5517,-44.9452],[-65.5516,-44.9453],[-65.5516,-44.9453],[-65.5517,-44.9454],[-65.5518,-44.9453],[-65.552,-44.9453],[-65.5522,-44.9453],[-65.5522,-44.9454],[-65.5522,-44.9454],[-65.552,-44.9455],[-65.5519,-44.9456],[-65.5518,-44.9456],[-65.5518,-44.9457],[-65.5519,-44.9458],[-65.5522,-44.9458],[-65.5522,-44.9459],[-65.5523,-44.946],[-65.5526,-44.9461],[-65.5528,-44.9461],[-65.5529,-44.946],[-65.5528,-44.9458],[-65.5529,-44.9457],[-65.553,-44.9458],[-65.5532,-44.946],[-65.5533,-44.9459],[-65.5534,-44.9458],[-65.5532,-44.9456],[-65.5531,-44.9453],[-65.5532,-44.9452],[-65.5534,-44.9453],[-65.5538,-44.9455],[-65.5539,-44.9455],[-65.554,-44.9452],[-65.5539,-44.945],[-65.5542,-44.945],[-65.5543,-44.9452],[-65.5544,-44.9452],[-65.5547,-44.945],[-65.5548,-44.9449],[-65.555,-44.9448],[-65.555,-44.9447],[-65.5553,-44.9447],[-65.5555,-44.9448],[-65.5555,-44.945],[-65.5554,-44.9452],[-65.5553,-44.9453],[-65.5556,-44.9454],[-65.5556,-44.9455],[-65.5558,-44.9455],[-65.556,-44.9454],[-65.5559,-44.9456],[-65.5559,-44.9457],[-65.5558,-44.9459],[-65.5557,-44.946],[-65.5558,-44.9461],[-65.5559,-44.9463],[-65.5558,-44.9464],[-65.5556,-44.9465],[-65.5554,-44.9465],[-65.5553,-44.9466],[-65.5553,-44.9466],[-65.5552,-44.9467],[-65.555,-44.9467],[-65.5549,-44.9468],[-65.555,-44.9469],[-65.5552,-44.947],[-65.5554,-44.9469],[-65.5555,-44.9468],[-65.5555,-44.9468],[-65.5556,-44.9467],[-65.5558,-44.9466],[-65.556,-44.9466],[-65.556,-44.9465],[-65.5561,-44.9464],[-65.5563,-44.9463],[-65.5564,-44.9462],[-65.5566,-44.9464],[-65.5564,-44.9465],[-65.5564,-44.9467],[-65.5563,-44.9469],[-65.5563,-44.9471],[-65.5562,-44.9473],[-65.5562,-44.9474],[-65.5564,-44.9477],[-65.5568,-44.9477],[-65.557,-44.9479],[-65.5574,-44.9478],[-65.5573,-44.9481],[-65.5572,-44.9481],[-65.5571,-44.9483],[-65.5572,-44.9484],[-65.5573,-44.9484],[-65.5574,-44.9484],[-65.5574,-44.9482],[-65.5575,-44.9481],[-65.5577,-44.9481],[-65.5578,-44.9482],[-65.558,-44.9483],[-65.5581,-44.9484],[-65.5582,-44.9485],[-65.558,-44.9486],[-65.5579,-44.9486],[-65.5579,-44.9487],[-65.5579,-44.9488],[-65.5581,-44.9489],[-65.5584,-44.949],[-65.5585,-44.949],[-65.5584,-44.9492],[-65.5582,-44.9493],[-65.558,-44.9495],[-65.5579,-44.9498],[-65.5578,-44.9501],[-65.5578,-44.9501],[-65.5576,-44.9503],[-65.5572,-44.9504],[-65.557,-44.9501],[-65.5565,-44.9499],[-65.5561,-44.9498],[-65.5558,-44.9498],[-65.5556,-44.95],[-65.5553,-44.9499],[-65.5549,-44.9496],[-65.5544,-44.9495],[-65.5536,-44.9495],[-65.5531,-44.9495],[-65.5525,-44.9497],[-65.5522,-44.9497],[-65.5518,-44.9499],[-65.5519,-44.9501],[-65.552,-44.95],[-65.5523,-44.9499],[-65.5524,-44.9499],[-65.5524,-44.9501],[-65.5525,-44.9503],[-65.5528,-44.9503],[-65.5533,-44.9502],[-65.5537,-44.9501],[-65.554,-44.95],[-65.5542,-44.9499],[-65.5541,-44.9501],[-65.5541,-44.9503],[-65.5544,-44.9505],[-65.5546,-44.9507],[-65.5549,-44.9508],[-65.5552,-44.951],[-65.5554,-44.951],[-65.5557,-44.9512],[-65.556,-44.9512],[-65.5562,-44.951],[-65.5564,-44.9508],[-65.5566,-44.9506],[-65.5571,-44.9505],[-65.5574,-44.9505],[-65.5574,-44.9507],[-65.5575,-44.9509],[-65.5578,-44.951],[-65.5583,-44.9508],[-65.5586,-44.9507],[-65.5587,-44.9506],[-65.559,-44.9505],[-65.5592,-44.9504],[-65.5591,-44.9501],[-65.559,-44.95],[-65.5591,-44.9498],[-65.5592,-44.9497],[-65.5592,-44.9492],[-65.5593,-44.9488],[-65.5595,-44.9487],[-65.5599,-44.9488],[-65.5602,-44.949],[-65.5606,-44.9492],[-65.5607,-44.9492],[-65.5607,-44.9492],[-65.5612,-44.9493],[-65.5618,-44.9494],[-65.5623,-44.9494],[-65.5626,-44.9495],[-65.5629,-44.9496],[-65.563,-44.9498],[-65.5633,-44.9498],[-65.5638,-44.9499],[-65.564,-44.9501],[-65.5643,-44.9504],[-65.5644,-44.9505],[-65.5644,-44.951],[-65.5643,-44.9514],[-65.5639,-44.9519],[-65.5635,-44.9523],[-65.563,-44.9524],[-65.5627,-44.9526],[-65.5626,-44.9528],[-65.5622,-44.953],[-65.5619,-44.953],[-65.5618,-44.9532],[-65.5617,-44.9534],[-65.5617,-44.9535],[-65.5619,-44.9535],[-65.562,-44.9534],[-65.5623,-44.9534],[-65.5623,-44.9537],[-65.5621,-44.9538],[-65.5621,-44.9539],[-65.5623,-44.954],[-65.5626,-44.9541],[-65.5631,-44.9542],[-65.5638,-44.9541],[-65.5642,-44.9541],[-65.5645,-44.954],[-65.5647,-44.9534],[-65.5648,-44.9532],[-65.5649,-44.9532],[-65.5652,-44.953],[-65.5654,-44.953],[-65.5656,-44.953],[-65.5657,-44.9531],[-65.5661,-44.9531],[-65.5666,-44.9533],[-65.5669,-44.9533],[-65.5673,-44.9532],[-65.5675,-44.953],[-65.5677,-44.9527],[-65.5681,-44.9528],[-65.5684,-44.9528],[-65.5686,-44.9528],[-65.5689,-44.9528],[-65.5692,-44.9529],[-65.5694,-44.9531],[-65.5698,-44.9532],[-65.5699,-44.9534],[-65.57,-44.9537],[-65.5699,-44.954],[-65.5696,-44.9541],[-65.5691,-44.9542],[-65.5686,-44.9543],[-65.5685,-44.9545],[-65.5681,-44.9548],[-65.5679,-44.9549],[-65.5677,-44.9551],[-65.5675,-44.9552],[-65.5675,-44.9554],[-65.5678,-44.9556],[-65.5681,-44.9557],[-65.5682,-44.9559],[-65.5684,-44.9561],[-65.5685,-44.9563],[-65.5683,-44.9567],[-65.5682,-44.957],[-65.5677,-44.9574],[-65.5674,-44.9575],[-65.5674,-44.9577],[-65.5672,-44.9577],[-65.5667,-44.9577],[-65.5666,-44.9579],[-65.5668,-44.9579],[-65.5671,-44.9579],[-65.5672,-44.9579],[-65.5673,-44.9581],[-65.5673,-44.9581],[-65.5671,-44.9582],[-65.5673,-44.9584],[-65.5678,-44.9586],[-65.5686,-44.9588],[-65.5687,-44.9588],[-65.5692,-44.959],[-65.5695,-44.9592],[-65.5694,-44.9593],[-65.5694,-44.9595],[-65.5692,-44.9596],[-65.5686,-44.9594],[-65.5677,-44.9592],[-65.5679,-44.9593],[-65.5685,-44.9595],[-65.5687,-44.9598],[-65.5694,-44.9602],[-65.57,-44.9604],[-65.5705,-44.9604],[-65.5706,-44.9605],[-65.5709,-44.9608],[-65.571,-44.9606],[-65.5707,-44.9603],[-65.5707,-44.96],[-65.5713,-44.9602],[-65.5717,-44.9606],[-65.572,-44.9607],[-65.5726,-44.961],[-65.5732,-44.9612],[-65.5739,-44.9614],[-65.5743,-44.9615],[-65.5749,-44.9615],[-65.5755,-44.9616],[-65.5762,-44.9612],[-65.5761,-44.9609],[-65.5757,-44.9608],[-65.5758,-44.9606],[-65.5759,-44.9604],[-65.5763,-44.9602],[-65.5766,-44.9598],[-65.5768,-44.9596],[-65.5772,-44.959],[-65.5773,-44.9588],[-65.5778,-44.9585],[-65.5783,-44.9584],[-65.579,-44.9585],[-65.5792,-44.9585],[-65.5793,-44.9586],[-65.5798,-44.9588],[-65.58,-44.9591],[-65.5801,-44.9593],[-65.5802,-44.9595],[-65.5804,-44.9599],[-65.5806,-44.9601],[-65.581,-44.9603],[-65.5815,-44.9602],[-65.5822,-44.9601],[-65.5824,-44.9598],[-65.5829,-44.9597],[-65.5832,-44.9595],[-65.5834,-44.9592],[-65.5836,-44.959],[-65.5841,-44.9589],[-65.5846,-44.9588],[-65.5852,-44.9587],[-65.5854,-44.9586],[-65.5862,-44.9583],[-65.5867,-44.9583],[-65.5873,-44.9584],[-65.5876,-44.9584],[-65.588,-44.9583],[-65.5883,-44.9581],[-65.5885,-44.958],[-65.5889,-44.9577],[-65.5895,-44.9575],[-65.5897,-44.9574],[-65.5902,-44.9572],[-65.5909,-44.9569],[-65.5914,-44.9568],[-65.5919,-44.9568],[-65.5924,-44.9569],[-65.5926,-44.9569],[-65.5928,-44.9569],[-65.5931,-44.9568],[-65.5936,-44.957],[-65.5939,-44.9571],[-65.5941,-44.9571],[-65.5945,-44.9574],[-65.5947,-44.9576],[-65.5949,-44.9579],[-65.5948,-44.958],[-65.5945,-44.9582],[-65.5941,-44.9584],[-65.5937,-44.9584],[-65.5937,-44.9588],[-65.594,-44.9591],[-65.594,-44.9596],[-65.5942,-44.9598],[-65.5942,-44.96],[-65.594,-44.9599],[-65.5938,-44.9603],[-65.5938,-44.9606],[-65.5935,-44.961],[-65.5931,-44.9611],[-65.5928,-44.9616],[-65.5925,-44.9622],[-65.5923,-44.9624],[-65.5923,-44.9626],[-65.592,-44.9626],[-65.5917,-44.9626],[-65.5917,-44.9629],[-65.5918,-44.9632],[-65.5915,-44.9631],[-65.5914,-44.9633],[-65.5913,-44.9634],[-65.5911,-44.9639],[-65.5912,-44.9642],[-65.5915,-44.9641],[-65.5915,-44.9643],[-65.5916,-44.9646],[-65.5918,-44.9648],[-65.5918,-44.9649],[-65.5922,-44.9651],[-65.5924,-44.9652],[-65.5925,-44.9654],[-65.593,-44.9655],[-65.5931,-44.9653],[-65.5934,-44.9653],[-65.5935,-44.9652],[-65.5937,-44.965],[-65.594,-44.9651],[-65.5945,-44.9651],[-65.5948,-44.9651],[-65.5951,-44.9652],[-65.5952,-44.9652],[-65.5954,-44.9654],[-65.5958,-44.9654],[-65.5961,-44.9652],[-65.5962,-44.9652],[-65.5966,-44.9651],[-65.597,-44.9652],[-65.5976,-44.9651],[-65.5981,-44.965],[-65.5987,-44.965],[-65.5992,-44.9654],[-65.5998,-44.966],[-65.6003,-44.9665],[-65.6006,-44.9669],[-65.6007,-44.9673],[-65.6006,-44.9679],[-65.6005,-44.9682],[-65.6001,-44.9684],[-65.5997,-44.9687],[-65.5991,-44.9691],[-65.5987,-44.9695],[-65.5981,-44.9698],[-65.5975,-44.9702],[-65.5973,-44.9705],[-65.5968,-44.9709],[-65.5962,-44.9712],[-65.5957,-44.9713],[-65.5954,-44.9717],[-65.5953,-44.972],[-65.5949,-44.9721],[-65.594,-44.9722],[-65.5937,-44.9722],[-65.5938,-44.9724],[-65.594,-44.9725],[-65.5941,-44.9726],[-65.5946,-44.9726],[-65.5947,-44.9726],[-65.5952,-44.9726],[-65.5952,-44.9726],[-65.5953,-44.9726],[-65.5958,-44.9723],[-65.5963,-44.9722],[-65.5968,-44.9722],[-65.5973,-44.9722],[-65.5974,-44.9722],[-65.5979,-44.9721],[-65.5983,-44.9721],[-65.5989,-44.9719],[-65.5992,-44.9719],[-65.5997,-44.9715],[-65.6002,-44.9712],[-65.6008,-44.9708],[-65.6012,-44.9706],[-65.6012,-44.9706],[-65.6015,-44.9706],[-65.6021,-44.9708],[-65.603,-44.9712],[-65.604,-44.972],[-65.6043,-44.9722],[-65.6051,-44.973],[-65.6057,-44.9738],[-65.6063,-44.9747],[-65.6065,-44.9753],[-65.6067,-44.976],[-65.6067,-44.9765],[-65.6065,-44.9772],[-65.6062,-44.9775],[-65.6058,-44.9777],[-65.6056,-44.978],[-65.6054,-44.9784],[-65.6052,-44.9786],[-65.6052,-44.9791],[-65.6052,-44.9793],[-65.6049,-44.9796],[-65.6051,-44.98],[-65.6053,-44.9804],[-65.6054,-44.9807],[-65.6053,-44.9809],[-65.6057,-44.9813],[-65.6057,-44.9816],[-65.6058,-44.9819],[-65.6056,-44.982],[-65.6056,-44.9823],[-65.6054,-44.9825],[-65.6053,-44.9827],[-65.6053,-44.9831],[-65.6054,-44.9834],[-65.6052,-44.9836],[-65.6052,-44.9842],[-65.6052,-44.9844],[-65.6049,-44.9846],[-65.6044,-44.9849],[-65.6041,-44.9851],[-65.6039,-44.9854],[-65.6037,-44.9859],[-65.6035,-44.9863],[-65.603,-44.9865],[-65.6025,-44.9864],[-65.602,-44.9866],[-65.6015,-44.9867],[-65.6014,-44.987],[-65.6012,-44.9874],[-65.6011,-44.9875],[-65.6007,-44.9878],[-65.6004,-44.9878],[-65.6001,-44.988],[-65.6,-44.9884],[-65.5997,-44.9886],[-65.5996,-44.989],[-65.5991,-44.9893],[-65.5987,-44.9894],[-65.5983,-44.9894],[-65.5981,-44.9896],[-65.5975,-44.9896],[-65.5973,-44.9894],[-65.597,-44.9892],[-65.5964,-44.9891],[-65.5962,-44.9889],[-65.5957,-44.9889],[-65.5955,-44.989],[-65.5951,-44.9891],[-65.5944,-44.9891],[-65.5939,-44.9893],[-65.5933,-44.9893],[-65.5927,-44.9893],[-65.5923,-44.9892],[-65.5918,-44.9893],[-65.5911,-44.9895],[-65.5904,-44.9895],[-65.5901,-44.9896],[-65.5899,-44.99],[-65.5894,-44.9904],[-65.5894,-44.9904],[-65.5893,-44.9906],[-65.5895,-44.9909],[-65.5897,-44.9912],[-65.5898,-44.9915],[-65.5901,-44.9917],[-65.5907,-44.9917],[-65.591,-44.9917],[-65.591,-44.9917],[-65.5914,-44.9919],[-65.5914,-44.992],[-65.5915,-44.9922],[-65.5915,-44.9922],[-65.5915,-44.9925],[-65.5916,-44.993],[-65.592,-44.9933],[-65.5923,-44.9937],[-65.5926,-44.994],[-65.593,-44.9943],[-65.593,-44.9946],[-65.5928,-44.9949],[-65.5924,-44.9952],[-65.5922,-44.9954],[-65.5915,-44.9961],[-65.5909,-44.9962],[-65.5899,-44.9963],[-65.5896,-44.996],[-65.5895,-44.9959],[-65.5892,-44.9958],[-65.5887,-44.9959],[-65.5885,-44.9962],[-65.5884,-44.9963],[-65.588,-44.9964],[-65.5876,-44.9967],[-65.5876,-44.9968],[-65.5876,-44.9971],[-65.5872,-44.9972],[-65.5871,-44.9973],[-65.5874,-44.9975],[-65.5871,-44.9977],[-65.5868,-44.9978],[-65.5862,-44.9979],[-65.5862,-44.998],[-65.5863,-44.9981],[-65.5861,-44.9983],[-65.5858,-44.9985],[-65.5853,-44.9986],[-65.5849,-44.9988],[-65.5847,-44.9991],[-65.5845,-44.9995],[-65.5849,-44.9996],[-65.5846,-44.9999],[-65.5844,-45.0002],[-65.5845,-45.0006],[-65.5843,-45.0012],[-65.5839,-45.0015],[-65.584,-45.0019],[-65.5841,-45.0021],[-65.5838,-45.0024],[-65.5835,-45.0027],[-65.5837,-45.0029],[-65.584,-45.0029],[-65.5842,-45.0029],[-65.5845,-45.0031],[-65.5848,-45.003],[-65.5852,-45.0028],[-65.5855,-45.0027],[-65.586,-45.0025],[-65.5863,-45.0025],[-65.5866,-45.0025],[-65.5867,-45.0026],[-65.5867,-45.0029],[-65.5865,-45.003],[-65.5863,-45.0033],[-65.5859,-45.0034],[-65.5859,-45.0036],[-65.5862,-45.0036],[-65.586,-45.0038],[-65.5861,-45.0039],[-65.5865,-45.0041],[-65.5867,-45.0042],[-65.5869,-45.0043],[-65.5869,-45.0046],[-65.5866,-45.0048],[-65.5862,-45.005],[-65.5861,-45.0052],[-65.586,-45.0053],[-65.5858,-45.0054],[-65.5858,-45.0056],[-65.5859,-45.006],[-65.5855,-45.0058],[-65.5853,-45.0059],[-65.5851,-45.006],[-65.5849,-45.0061],[-65.5847,-45.0062],[-65.5844,-45.0063],[-65.5844,-45.0066],[-65.5843,-45.0067],[-65.5846,-45.0065],[-65.5847,-45.0066],[-65.5847,-45.0068],[-65.5847,-45.007],[-65.5849,-45.0071],[-65.585,-45.0071],[-65.585,-45.0071],[-65.585,-45.0071],[-65.5853,-45.0071],[-65.5855,-45.007],[-65.5856,-45.0071],[-65.5856,-45.0071],[-65.5856,-45.0072],[-65.5856,-45.0075],[-65.5859,-45.0075],[-65.5862,-45.0073],[-65.5864,-45.0071],[-65.5864,-45.0071],[-65.5866,-45.0069],[-65.5867,-45.007],[-65.5868,-45.0071],[-65.5868,-45.0072],[-65.587,-45.0071],[-65.5869,-45.0073],[-65.5868,-45.0075],[-65.5869,-45.0076],[-65.5872,-45.0076],[-65.5874,-45.0074],[-65.5876,-45.0074],[-65.5878,-45.0075],[-65.5881,-45.0075],[-65.5886,-45.0075],[-65.5888,-45.0075],[-65.5889,-45.0075],[-65.589,-45.0072],[-65.5893,-45.0072],[-65.5899,-45.0071],[-65.5904,-45.007],[-65.5905,-45.0068],[-65.5906,-45.0066],[-65.5908,-45.0066],[-65.5913,-45.0066],[-65.5916,-45.0066],[-65.5921,-45.0066],[-65.5925,-45.0066],[-65.593,-45.0066],[-65.5932,-45.0062],[-65.5937,-45.0061],[-65.5941,-45.006],[-65.5942,-45.0058],[-65.5944,-45.0055],[-65.5944,-45.0054],[-65.5944,-45.0052],[-65.5947,-45.0052],[-65.595,-45.0053],[-65.5953,-45.0051],[-65.5955,-45.0049],[-65.5958,-45.0047],[-65.596,-45.0047],[-65.5961,-45.0048],[-65.596,-45.0052],[-65.5961,-45.0053],[-65.5965,-45.0051],[-65.5966,-45.0049],[-65.5969,-45.0048],[-65.5972,-45.0048],[-65.5975,-45.005],[-65.598,-45.0049],[-65.5984,-45.0047],[-65.5987,-45.0048],[-65.5991,-45.0046],[-65.5996,-45.0044],[-65.5999,-45.0038],[-65.6002,-45.0036],[-65.6006,-45.0038],[-65.6007,-45.0041],[-65.601,-45.004],[-65.6014,-45.0039],[-65.6014,-45.0038],[-65.6016,-45.0038],[-65.6016,-45.0041],[-65.6016,-45.0041],[-65.6017,-45.0041],[-65.602,-45.0039],[-65.6022,-45.0038],[-65.6025,-45.0039],[-65.6028,-45.0039],[-65.6031,-45.0036],[-65.6035,-45.0035],[-65.6037,-45.0036],[-65.6037,-45.004],[-65.604,-45.0041],[-65.6042,-45.0044],[-65.6042,-45.0048],[-65.6042,-45.005],[-65.604,-45.0054],[-65.6041,-45.0058],[-65.6042,-45.0061],[-65.6047,-45.0065],[-65.6052,-45.0065],[-65.6056,-45.0066],[-65.6063,-45.0063],[-65.6064,-45.0055],[-65.6063,-45.0051],[-65.6061,-45.0046],[-65.606,-45.0043],[-65.6056,-45.0042],[-65.6056,-45.0041],[-65.6055,-45.0038],[-65.6058,-45.0034],[-65.6061,-45.0033],[-65.6065,-45.0032],[-65.6069,-45.0033],[-65.607,-45.0033],[-65.6073,-45.0035],[-65.6076,-45.0034],[-65.6081,-45.0032],[-65.6083,-45.0032],[-65.6086,-45.0033],[-65.609,-45.0031],[-65.6094,-45.0029],[-65.6094,-45.0024],[-65.6097,-45.0021],[-65.61,-45.0019],[-65.6103,-45.0017],[-65.6106,-45.0012],[-65.6109,-45.0007],[-65.6112,-45.0004],[-65.6116,-45.0002],[-65.6118,-45.0001],[-65.6124,-44.9999],[-65.6136,-44.9999],[-65.6152,-45.0001],[-65.617,-45.0007],[-65.6182,-45.0012],[-65.6195,-45.0018],[-65.6208,-45.0024],[-65.6223,-45.0034],[-65.6231,-45.0041],[-65.6235,-45.0048],[-65.6238,-45.0053],[-65.6241,-45.0057],[-65.6243,-45.0062],[-65.6246,-45.0068],[-65.6248,-45.0072],[-65.625,-45.0075],[-65.6252,-45.0081],[-65.6253,-45.0086],[-65.6255,-45.0089],[-65.6256,-45.0093],[-65.6255,-45.0098],[-65.6255,-45.0102],[-65.625,-45.0103],[-65.6245,-45.0103],[-65.6243,-45.0105],[-65.6237,-45.0105],[-65.6234,-45.0105],[-65.6226,-45.0105],[-65.622,-45.0107],[-65.6213,-45.0109],[-65.6201,-45.0116],[-65.6197,-45.0119],[-65.6201,-45.012],[-65.6199,-45.0124],[-65.6194,-45.0127],[-65.6188,-45.013],[-65.6183,-45.0131],[-65.6177,-45.0131],[-65.6172,-45.0132],[-65.6176,-45.0135],[-65.6182,-45.0137],[-65.6184,-45.0137],[-65.6191,-45.014],[-65.6195,-45.0143],[-65.62,-45.0145],[-65.6202,-45.0148],[-65.6203,-45.0152],[-65.62,-45.0157],[-65.6196,-45.0158],[-65.619,-45.016],[-65.6181,-45.016],[-65.6167,-45.0163],[-65.6164,-45.0165],[-65.6162,-45.0167],[-65.6161,-45.017],[-65.6157,-45.0173],[-65.615,-45.0176],[-65.6147,-45.0173],[-65.6144,-45.017],[-65.614,-45.0167],[-65.6132,-45.0163],[-65.6123,-45.0163],[-65.6116,-45.0166],[-65.6102,-45.0168],[-65.6098,-45.0173],[-65.6094,-45.0176],[-65.6095,-45.0177],[-65.6097,-45.018],[-65.6092,-45.0181],[-65.6088,-45.0184],[-65.6086,-45.0186],[-65.6086,-45.0189],[-65.6087,-45.0192],[-65.6087,-45.0195],[-65.6083,-45.0196],[-65.6076,-45.0194],[-65.6071,-45.0194],[-65.6065,-45.0198],[-65.606,-45.02],[-65.6057,-45.0204],[-65.6053,-45.021],[-65.6052,-45.0214],[-65.6052,-45.0218],[-65.6049,-45.0221],[-65.6042,-45.0225],[-65.6039,-45.0228],[-65.6045,-45.0229],[-65.6048,-45.023],[-65.6051,-45.0232],[-65.6051,-45.0237],[-65.6047,-45.0238],[-65.604,-45.0242],[-65.6038,-45.0245],[-65.6038,-45.0252],[-65.6038,-45.0255],[-65.6031,-45.0259],[-65.6024,-45.0259],[-65.6024,-45.0264],[-65.6018,-45.0266],[-65.602,-45.0268],[-65.6023,-45.0272],[-65.6027,-45.0272],[-65.6031,-45.0272],[-65.6038,-45.0273],[-65.6047,-45.0273],[-65.6054,-45.0269],[-65.6063,-45.0264],[-65.6073,-45.0262],[-65.6079,-45.0263],[-65.6083,-45.0265],[-65.6083,-45.0269],[-65.6083,-45.0274],[-65.6079,-45.0279],[-65.6074,-45.0284],[-65.607,-45.0288],[-65.6067,-45.0293],[-65.6068,-45.0298],[-65.6072,-45.03],[-65.6074,-45.0301],[-65.6075,-45.0301],[-65.608,-45.0301],[-65.6087,-45.0299],[-65.6092,-45.0299],[-65.6096,-45.0299],[-65.6097,-45.0299],[-65.6101,-45.0297],[-65.6105,-45.0296],[-65.6109,-45.0294],[-65.6115,-45.0292],[-65.6121,-45.0292],[-65.6122,-45.0293],[-65.612,-45.0296],[-65.6118,-45.0303],[-65.6116,-45.0306],[-65.6115,-45.0312],[-65.6115,-45.0315],[-65.6121,-45.0313],[-65.6118,-45.0317],[-65.6114,-45.0326],[-65.6109,-45.0331],[-65.6109,-45.0334],[-65.6113,-45.0338],[-65.6119,-45.0341],[-65.6119,-45.0341],[-65.6127,-45.0344],[-65.6136,-45.0344],[-65.6143,-45.0341],[-65.6152,-45.0335],[-65.6161,-45.0328],[-65.6163,-45.0326],[-65.6167,-45.0323],[-65.617,-45.032],[-65.6176,-45.0321],[-65.6181,-45.0322],[-65.6186,-45.0323],[-65.6188,-45.0327],[-65.6186,-45.0331],[-65.6182,-45.0336],[-65.6179,-45.0345],[-65.6177,-45.035],[-65.6179,-45.0351],[-65.6181,-45.0352],[-65.6185,-45.0356],[-65.6193,-45.0357],[-65.6195,-45.0357],[-65.6197,-45.0358],[-65.6204,-45.0356],[-65.621,-45.0356],[-65.6215,-45.0353],[-65.6219,-45.0353],[-65.6223,-45.0358],[-65.6225,-45.036],[-65.6221,-45.0365],[-65.6218,-45.0368],[-65.6215,-45.0369],[-65.6215,-45.0369],[-65.6215,-45.0372],[-65.6217,-45.0373],[-65.6222,-45.0373],[-65.6225,-45.037],[-65.6229,-45.0369],[-65.6231,-45.0369],[-65.6232,-45.0369],[-65.6236,-45.0367],[-65.624,-45.0364],[-65.6245,-45.0364],[-65.6249,-45.0365],[-65.6252,-45.0367],[-65.6252,-45.0371],[-65.625,-45.0374],[-65.6251,-45.0377],[-65.6254,-45.0377],[-65.6259,-45.0375],[-65.6263,-45.0373],[-65.6267,-45.0373],[-65.6266,-45.0376],[-65.6266,-45.0378],[-65.6267,-45.038],[-65.6268,-45.0381],[-65.6271,-45.0383],[-65.6277,-45.0383],[-65.6283,-45.0385],[-65.6288,-45.0382],[-65.6291,-45.0377],[-65.6293,-45.0375],[-65.6293,-45.0374],[-65.6296,-45.0372],[-65.6298,-45.0372],[-65.6303,-45.0371],[-65.6308,-45.0368],[-65.6312,-45.0372],[-65.6318,-45.0371],[-65.6324,-45.0367],[-65.6329,-45.0361],[-65.6336,-45.0356],[-65.6337,-45.0355],[-65.634,-45.0353],[-65.6345,-45.0351],[-65.6357,-45.0353],[-65.6364,-45.0356],[-65.637,-45.036],[-65.6374,-45.0365],[-65.6376,-45.037],[-65.6375,-45.0373],[-65.637,-45.0374],[-65.6364,-45.0376],[-65.636,-45.0377],[-65.6359,-45.0379],[-65.6361,-45.0381],[-65.6364,-45.0382],[-65.6363,-45.0385],[-65.6366,-45.0387],[-65.6372,-45.0385],[-65.6371,-45.0389],[-65.637,-45.0391],[-65.6366,-45.0395],[-65.6366,-45.0398],[-65.6366,-45.0401],[-65.637,-45.0401],[-65.6375,-45.0402],[-65.6379,-45.0403],[-65.6384,-45.0403],[-65.6387,-45.0404],[-65.6396,-45.0406],[-65.64,-45.0405],[-65.6405,-45.0403],[-65.6411,-45.0403],[-65.6419,-45.0406],[-65.6421,-45.0409],[-65.6425,-45.0413],[-65.6429,-45.0415],[-65.6429,-45.0419],[-65.6431,-45.0424],[-65.6433,-45.0427],[-65.6433,-45.0433],[-65.6433,-45.0437],[-65.6433,-45.0441],[-65.6435,-45.0445],[-65.6439,-45.0447],[-65.6442,-45.0447],[-65.6447,-45.0448],[-65.6452,-45.0449],[-65.6453,-45.0453],[-65.6459,-45.0456],[-65.6462,-45.0459],[-65.6459,-45.0463],[-65.6454,-45.0467],[-65.6453,-45.0473],[-65.6453,-45.0477],[-65.6459,-45.048],[-65.6456,-45.0485],[-65.6453,-45.0494],[-65.6452,-45.0497],[-65.6449,-45.0501],[-65.6449,-45.0504],[-65.6449,-45.0506],[-65.6452,-45.0508],[-65.6456,-45.0509],[-65.6458,-45.0509],[-65.6461,-45.0508],[-65.6463,-45.0506],[-65.6466,-45.0506],[-65.6469,-45.0505],[-65.6472,-45.0504],[-65.6474,-45.0501],[-65.6477,-45.0497],[-65.6477,-45.0496],[-65.6478,-45.0495],[-65.6481,-45.0495],[-65.6487,-45.0497],[-65.6486,-45.0494],[-65.6485,-45.0491],[-65.6485,-45.049],[-65.6491,-45.0486],[-65.6492,-45.0487],[-65.6496,-45.0494],[-65.65,-45.0491],[-65.6511,-45.0484],[-65.6521,-45.0477],[-65.653,-45.0464],[-65.6536,-45.0452],[-65.6536,-45.0447],[-65.6527,-45.0447],[-65.6514,-45.0447],[-65.651,-45.0446],[-65.6504,-45.0444],[-65.6501,-45.0435],[-65.6502,-45.0434],[-65.6503,-45.0426],[-65.6507,-45.042],[-65.6515,-45.0419],[-65.6518,-45.042],[-65.6525,-45.0415],[-65.6522,-45.0405],[-65.6528,-45.0396],[-65.6537,-45.0393],[-65.6543,-45.0393],[-65.6546,-45.0391],[-65.6549,-45.039],[-65.6555,-45.039],[-65.656,-45.039],[-65.6567,-45.0394],[-65.6573,-45.0395],[-65.6572,-45.04],[-65.657,-45.0405],[-65.6572,-45.0406],[-65.6581,-45.0405],[-65.6584,-45.0407],[-65.6585,-45.0413],[-65.6585,-45.0418],[-65.6583,-45.0422],[-65.6584,-45.0424],[-65.6586,-45.0427],[-65.6592,-45.0428],[-65.6597,-45.0428],[-65.6595,-45.0432],[-65.6593,-45.0434],[-65.6597,-45.0436],[-65.6601,-45.0442],[-65.6604,-45.0444],[-65.661,-45.0439],[-65.6618,-45.0438],[-65.6621,-45.0435],[-65.6627,-45.0435],[-65.6633,-45.0434],[-65.664,-45.0432],[-65.6647,-45.0431],[-65.6656,-45.0432],[-65.6663,-45.0431],[-65.6669,-45.0433],[-65.6673,-45.0433],[-65.6675,-45.0427],[-65.6677,-45.0424],[-65.6682,-45.0421],[-65.6692,-45.0421],[-65.6697,-45.0424],[-65.6698,-45.043],[-65.6697,-45.0432],[-65.6696,-45.0435],[-65.6697,-45.044],[-65.6701,-45.0439],[-65.6708,-45.0438],[-65.6708,-45.0438],[-65.6708,-45.0438],[-65.671,-45.0442],[-65.6715,-45.0443],[-65.6722,-45.0443],[-65.6727,-45.0444],[-65.6729,-45.0444],[-65.6728,-45.0438],[-65.6731,-45.0435],[-65.6735,-45.0435],[-65.6739,-45.0435],[-65.6746,-45.0431],[-65.6755,-45.0425],[-65.6761,-45.0423],[-65.6764,-45.0426],[-65.6768,-45.0425],[-65.6771,-45.0423],[-65.6776,-45.0419],[-65.6781,-45.0416],[-65.6784,-45.041],[-65.679,-45.0408],[-65.6798,-45.0407],[-65.6802,-45.0406],[-65.681,-45.0407],[-65.6808,-45.0401],[-65.6816,-45.0404],[-65.6822,-45.0402],[-65.6831,-45.0396],[-65.6831,-45.0389],[-65.6831,-45.0389],[-65.6832,-45.0385],[-65.6839,-45.0382],[-65.6829,-45.0379],[-65.6818,-45.0376],[-65.6806,-45.0374],[-65.6806,-45.0371],[-65.6809,-45.0369],[-65.6817,-45.037],[-65.6821,-45.0369],[-65.6822,-45.0365],[-65.6823,-45.0361],[-65.6824,-45.036],[-65.6828,-45.0354],[-65.6828,-45.0348],[-65.6823,-45.0346],[-65.6811,-45.0346],[-65.6802,-45.0344],[-65.6793,-45.0336],[-65.6788,-45.0333],[-65.679,-45.0326],[-65.6794,-45.032],[-65.6794,-45.0314],[-65.6789,-45.0309],[-65.6786,-45.0301],[-65.6786,-45.0293],[-65.6788,-45.0287],[-65.6794,-45.0286],[-65.6802,-45.0289],[-65.6813,-45.0289],[-65.6818,-45.0291],[-65.682,-45.0297],[-65.6817,-45.0303],[-65.6813,-45.0311],[-65.6808,-45.0316],[-65.6806,-45.0323],[-65.6805,-45.0326],[-65.6811,-45.0326],[-65.6817,-45.0326],[-65.6817,-45.033],[-65.6813,-45.0331],[-65.6814,-45.0334],[-65.6822,-45.0335],[-65.6832,-45.0335],[-65.6841,-45.0341],[-65.6844,-45.0344],[-65.6845,-45.0352],[-65.6846,-45.0357],[-65.6845,-45.0364],[-65.6846,-45.0369],[-65.6855,-45.0369],[-65.6859,-45.0373],[-65.686,-45.0377],[-65.6861,-45.0385],[-65.6858,-45.0393],[-65.6854,-45.0398],[-65.6855,-45.0401],[-65.686,-45.0403],[-65.6861,-45.0403],[-65.6863,-45.0405],[-65.687,-45.0404],[-65.6871,-45.0403],[-65.6878,-45.04],[-65.6882,-45.04],[-65.6892,-45.0398],[-65.6901,-45.0404],[-65.6907,-45.0405],[-65.6912,-45.041],[-65.6918,-45.0413],[-65.6925,-45.0416],[-65.693,-45.0419],[-65.6935,-45.042],[-65.6938,-45.0424],[-65.6944,-45.043],[-65.6949,-45.0436],[-65.6954,-45.044],[-65.6966,-45.0444],[-65.6975,-45.045],[-65.6978,-45.0459],[-65.6978,-45.046],[-65.698,-45.0467],[-65.698,-45.0478],[-65.6975,-45.0485],[-65.6968,-45.0489],[-65.6959,-45.0492],[-65.6949,-45.0492],[-65.6937,-45.0489],[-65.6927,-45.0491],[-65.692,-45.0495],[-65.6915,-45.0505],[-65.6911,-45.0508],[-65.6909,-45.0517],[-65.6907,-45.0531],[-65.6886,-45.0547],[-65.6872,-45.0557],[-65.6858,-45.0563],[-65.6851,-45.0571],[-65.6849,-45.0575],[-65.6852,-45.0581],[-65.6854,-45.0582],[-65.6861,-45.0583],[-65.6866,-45.0584],[-65.6875,-45.0585],[-65.6878,-45.0585],[-65.688,-45.0587],[-65.6878,-45.0591],[-65.6882,-45.0594],[-65.6881,-45.0597],[-65.6878,-45.0599],[-65.6883,-45.0601],[-65.688,-45.0605],[-65.688,-45.0607],[-65.6878,-45.0611],[-65.6883,-45.0611],[-65.6886,-45.0613],[-65.689,-45.0615],[-65.6894,-45.0616],[-65.6897,-45.0619],[-65.6899,-45.062],[-65.6906,-45.062],[-65.6912,-45.062],[-65.6922,-45.0618],[-65.6925,-45.0615],[-65.6927,-45.0612],[-65.6924,-45.0606],[-65.6927,-45.0603],[-65.6938,-45.0602],[-65.6934,-45.06],[-65.6932,-45.0597],[-65.6935,-45.0596],[-65.6943,-45.0595],[-65.695,-45.0595],[-65.6954,-45.0594],[-65.6961,-45.0593],[-65.6962,-45.0591],[-65.6958,-45.0591],[-65.6959,-45.0588],[-65.6965,-45.0586],[-65.697,-45.0583],[-65.6974,-45.0578],[-65.6977,-45.0573],[-65.6973,-45.0569],[-65.6976,-45.0568],[-65.6978,-45.0563],[-65.6979,-45.0562],[-65.6984,-45.056],[-65.6988,-45.0558],[-65.6992,-45.0561],[-65.6995,-45.0559],[-65.6996,-45.0556],[-65.6998,-45.0553],[-65.7002,-45.0549],[-65.7004,-45.0545],[-65.7004,-45.054],[-65.7001,-45.0538],[-65.7005,-45.0537],[-65.7008,-45.0533],[-65.7009,-45.0528],[-65.7013,-45.0525],[-65.7021,-45.0523],[-65.7023,-45.0521],[-65.702,-45.0517],[-65.7011,-45.0517],[-65.7007,-45.0512],[-65.7004,-45.0508],[-65.6996,-45.0504],[-65.699,-45.0501],[-65.6986,-45.0489],[-65.699,-45.0473],[-65.7,-45.0461],[-65.7014,-45.0451],[-65.7029,-45.0445],[-65.7043,-45.0444],[-65.7054,-45.0444],[-65.7065,-45.0442],[-65.7076,-45.0441],[-65.7092,-45.0441],[-65.7099,-45.0442],[-65.7104,-45.0442],[-65.7112,-45.0444],[-65.7121,-45.0448],[-65.7122,-45.0448],[-65.7131,-45.045],[-65.7144,-45.045],[-65.7152,-45.0451],[-65.7158,-45.045],[-65.7162,-45.0446],[-65.7168,-45.0449],[-65.7175,-45.0447],[-65.7185,-45.0446],[-65.7192,-45.0446],[-65.7202,-45.0444],[-65.7213,-45.0442],[-65.722,-45.0439],[-65.7224,-45.0434],[-65.7227,-45.0429],[-65.7223,-45.0425],[-65.7225,-45.0422],[-65.7227,-45.0417],[-65.7233,-45.0417],[-65.7241,-45.0416],[-65.7249,-45.0418],[-65.7254,-45.0419],[-65.7259,-45.0419],[-65.7261,-45.0419],[-65.7274,-45.0417],[-65.7287,-45.0415],[-65.7294,-45.0413],[-65.7295,-45.0409],[-65.7295,-45.0408],[-65.7297,-45.0405],[-65.7305,-45.0403],[-65.7313,-45.0402],[-65.7322,-45.0404],[-65.7323,-45.0405],[-65.7335,-45.0406],[-65.7344,-45.0405],[-65.7351,-45.0403],[-65.7359,-45.0403],[-65.7369,-45.0402],[-65.7371,-45.0399],[-65.7372,-45.0395],[-65.7368,-45.0386],[-65.7366,-45.0381],[-65.7373,-45.0378],[-65.7376,-45.0375],[-65.7375,-45.0366],[-65.7366,-45.0358],[-65.7354,-45.0347],[-65.7345,-45.034],[-65.7348,-45.0338],[-65.7356,-45.0337],[-65.7365,-45.0337],[-65.7374,-45.034],[-65.738,-45.034],[-65.7375,-45.0334],[-65.7371,-45.0329],[-65.7371,-45.0322],[-65.737,-45.0316],[-65.736,-45.0312],[-65.7352,-45.0312],[-65.7351,-45.0312],[-65.7345,-45.0314],[-65.7338,-45.0312],[-65.733,-45.0309],[-65.7329,-45.0304],[-65.7327,-45.0292],[-65.733,-45.0277],[-65.734,-45.0268],[-65.7349,-45.0262],[-65.7357,-45.0255],[-65.7378,-45.0246],[-65.7405,-45.024],[-65.7428,-45.0238],[-65.7428,-45.0238],[-65.7445,-45.0237],[-65.7472,-45.0238],[-65.7501,-45.0238],[-65.753,-45.0242],[-65.7547,-45.0242],[-65.7565,-45.0243],[-65.7566,-45.0243],[-65.7576,-45.024],[-65.7582,-45.0237],[-65.7583,-45.0236],[-65.7585,-45.0235],[-65.7592,-45.0234],[-65.7602,-45.0233],[-65.7607,-45.0228],[-65.7617,-45.0229],[-65.7625,-45.0228],[-65.7632,-45.0226],[-65.7629,-45.0222],[-65.7638,-45.0218],[-65.7652,-45.0212],[-65.7665,-45.0209],[-65.7672,-45.0208],[-65.7688,-45.0206],[-65.7698,-45.0207],[-65.7706,-45.021],[-65.7711,-45.0221],[-65.7712,-45.0228],[-65.7713,-45.0233],[-65.7714,-45.0236],[-65.7718,-45.024],[-65.7722,-45.024],[-65.7725,-45.0238],[-65.7726,-45.0233],[-65.7729,-45.023],[-65.7734,-45.0226],[-65.7739,-45.0219],[-65.7741,-45.021],[-65.7741,-45.0205],[-65.7741,-45.0202],[-65.7745,-45.0198],[-65.7755,-45.0195],[-65.7763,-45.0197],[-65.7768,-45.0202],[-65.7771,-45.0205],[-65.7771,-45.0213],[-65.777,-45.0218],[-65.7769,-45.0226],[-65.7766,-45.0233],[-65.7766,-45.0239],[-65.777,-45.0247],[-65.7774,-45.0252],[-65.7776,-45.0258],[-65.7777,-45.026],[-65.778,-45.0265],[-65.7788,-45.0266],[-65.78,-45.027],[-65.7808,-45.0267],[-65.7815,-45.0265],[-65.782,-45.0259],[-65.7821,-45.0258],[-65.7826,-45.0248],[-65.783,-45.0246],[-65.7836,-45.0247],[-65.784,-45.0248],[-65.7843,-45.0251],[-65.784,-45.026],[-65.784,-45.0264],[-65.7843,-45.0267],[-65.7853,-45.0268],[-65.7859,-45.0269],[-65.7866,-45.027],[-65.7873,-45.0269],[-65.7876,-45.0273],[-65.7879,-45.028],[-65.7881,-45.0284],[-65.7878,-45.0291],[-65.7878,-45.0297],[-65.7883,-45.0301],[-65.7885,-45.0301],[-65.7887,-45.0301],[-65.7889,-45.0299],[-65.7893,-45.0293],[-65.7893,-45.0289],[-65.7894,-45.0285],[-65.79,-45.0278],[-65.7902,-45.0276],[-65.7906,-45.0275],[-65.791,-45.027],[-65.7912,-45.0257],[-65.7915,-45.0254],[-65.7921,-45.0252],[-65.7927,-45.0251],[-65.793,-45.0247],[-65.7931,-45.0237],[-65.7933,-45.0235],[-65.7934,-45.0233],[-65.7941,-45.0231],[-65.795,-45.0232],[-65.7955,-45.0235],[-65.7961,-45.0238],[-65.7963,-45.024],[-65.7965,-45.0244],[-65.7968,-45.025],[-65.7971,-45.0252],[-65.7974,-45.0252],[-65.7979,-45.0248],[-65.7985,-45.0245],[-65.7988,-45.0242],[-65.799,-45.0238],[-65.7996,-45.0234],[-65.8003,-45.0226],[-65.8011,-45.021],[-65.8007,-45.0201],[-65.8008,-45.0194],[-65.8012,-45.0189],[-65.8023,-45.0186],[-65.8032,-45.0181],[-65.8035,-45.0171],[-65.8041,-45.0165],[-65.805,-45.0159],[-65.8062,-45.0154],[-65.8063,-45.0154],[-65.8075,-45.0151],[-65.8094,-45.0154],[-65.8109,-45.0159],[-65.812,-45.0164],[-65.8129,-45.0169],[-65.8143,-45.0178],[-65.815,-45.0189],[-65.8159,-45.0207],[-65.8161,-45.0218],[-65.8161,-45.0235],[-65.8156,-45.0247],[-65.8148,-45.0261],[-65.8138,-45.0272],[-65.8124,-45.0282],[-65.8102,-45.0287],[-65.8096,-45.0283],[-65.8091,-45.0282],[-65.8088,-45.0277],[-65.8086,-45.0273],[-65.808,-45.0266],[-65.8072,-45.0266],[-65.8067,-45.0265],[-65.8056,-45.0262],[-65.8049,-45.0264],[-65.804,-45.0275],[-65.803,-45.0279],[-65.8027,-45.0289],[-65.8029,-45.0302],[-65.8027,-45.0308],[-65.8029,-45.0312],[-65.8033,-45.0316],[-65.8033,-45.0316],[-65.8035,-45.0319],[-65.8041,-45.0315],[-65.8042,-45.0314],[-65.8052,-45.0317],[-65.806,-45.0321],[-65.8067,-45.0321],[-65.8071,-45.0324],[-65.8076,-45.0329],[-65.8083,-45.0328],[-65.8088,-45.0332],[-65.8088,-45.0338],[-65.8083,-45.0341],[-65.8083,-45.0341],[-65.8084,-45.0344],[-65.8085,-45.0344],[-65.8087,-45.0344],[-65.8093,-45.0341],[-65.8098,-45.0341],[-65.8102,-45.0342],[-65.8106,-45.0343],[-65.811,-45.0348],[-65.8114,-45.0352],[-65.8116,-45.0356],[-65.8121,-45.0358],[-65.8129,-45.0365],[-65.8133,-45.0372],[-65.8139,-45.0375],[-65.8152,-45.0379],[-65.8162,-45.0382],[-65.8169,-45.0391],[-65.8176,-45.0392],[-65.8184,-45.0395],[-65.8189,-45.04],[-65.8189,-45.0404],[-65.8195,-45.0402],[-65.8199,-45.0404],[-65.8202,-45.0405],[-65.8209,-45.0404],[-65.8217,-45.0403],[-65.8219,-45.0403],[-65.8222,-45.0405],[-65.8226,-45.0402],[-65.8229,-45.04],[-65.8233,-45.0397],[-65.824,-45.0397],[-65.8247,-45.0396],[-65.8256,-45.0394],[-65.8265,-45.0391],[-65.8271,-45.0391],[-65.8274,-45.0391],[-65.8283,-45.0392],[-65.8287,-45.0391],[-65.8287,-45.0386],[-65.8286,-45.0378],[-65.829,-45.0372],[-65.8284,-45.0366],[-65.8283,-45.0366],[-65.8275,-45.0367],[-65.827,-45.0362],[-65.8272,-45.0354],[-65.8277,-45.0352],[-65.8291,-45.0352],[-65.8298,-45.0352],[-65.8302,-45.0351],[-65.8303,-45.0351],[-65.8308,-45.035],[-65.831,-45.035],[-65.8318,-45.035],[-65.8328,-45.0351],[-65.8335,-45.0349],[-65.8335,-45.0343],[-65.8329,-45.0339],[-65.8328,-45.0332],[-65.8321,-45.0331],[-65.832,-45.0331],[-65.8308,-45.0331],[-65.8298,-45.0326],[-65.8284,-45.0317],[-65.8282,-45.0314],[-65.8275,-45.0304],[-65.8272,-45.0298],[-65.8265,-45.0288],[-65.8255,-45.0279],[-65.8249,-45.0275],[-65.8243,-45.027],[-65.824,-45.0262],[-65.824,-45.0248],[-65.824,-45.0248],[-65.8243,-45.0237],[-65.8247,-45.0231],[-65.8252,-45.0226],[-65.8259,-45.0218],[-65.8262,-45.0215],[-65.8265,-45.0208],[-65.8267,-45.0195],[-65.8259,-45.0191],[-65.8243,-45.019],[-65.8243,-45.019],[-65.8232,-45.0183],[-65.823,-45.0176],[-65.8231,-45.0171],[-65.8232,-45.0161],[-65.8238,-45.0149],[-65.8247,-45.0138],[-65.8252,-45.0136],[-65.826,-45.0135],[-65.827,-45.013],[-65.8277,-45.0126],[-65.8284,-45.0119],[-65.8289,-45.0114],[-65.8293,-45.0106],[-65.8296,-45.0103],[-65.8305,-45.0092],[-65.8306,-45.009],[-65.8314,-45.0085],[-65.8316,-45.0084],[-65.8327,-45.0081],[-65.834,-45.0075],[-65.8351,-45.0073],[-65.8359,-45.0071],[-65.837,-45.007],[-65.8379,-45.0067],[-65.8388,-45.0066],[-65.8393,-45.0062],[-65.8398,-45.0059],[-65.8409,-45.0055],[-65.8413,-45.0051],[-65.8415,-45.0042],[-65.8421,-45.0037],[-65.8435,-45.003],[-65.845,-45.0024],[-65.8465,-45.0021],[-65.8473,-45.002],[-65.8493,-45.0018],[-65.8521,-45.0019],[-65.8543,-45.0019],[-65.8573,-45.0023],[-65.8593,-45.0027],[-65.8614,-45.0033],[-65.863,-45.0037],[-65.8646,-45.004],[-65.8669,-45.0044],[-65.8671,-45.0044],[-65.8691,-45.0046],[-65.8702,-45.004],[-65.8708,-45.0033],[-65.872,-45.0028],[-65.8721,-45.0027],[-65.873,-45.0023],[-65.8753,-45.0025],[-65.8796,-45.0041],[-65.8799,-45.0042],[-65.8848,-45.0052],[-65.8853,-45.0054],[-65.8874,-45.006],[-65.8889,-45.0067],[-65.8901,-45.0072],[-65.8916,-45.008],[-65.8931,-45.0089],[-65.894,-45.0099],[-65.8951,-45.0112],[-65.8956,-45.0132],[-65.8953,-45.0141],[-65.895,-45.0147],[-65.8945,-45.0152],[-65.8938,-45.0155],[-65.8932,-45.016],[-65.8928,-45.0162],[-65.8928,-45.0169],[-65.8926,-45.0175],[-65.8921,-45.0179],[-65.8917,-45.018],[-65.8915,-45.0188],[-65.8907,-45.019],[-65.8906,-45.0191],[-65.8905,-45.0198],[-65.8908,-45.0201],[-65.8913,-45.0204],[-65.892,-45.0204],[-65.8926,-45.0208],[-65.8932,-45.0213],[-65.8938,-45.0215],[-65.8943,-45.022],[-65.8945,-45.0228],[-65.8942,-45.0237],[-65.8934,-45.0244],[-65.8928,-45.0248],[-65.8924,-45.0251],[-65.8918,-45.0259],[-65.8909,-45.0262],[-65.8903,-45.027],[-65.8893,-45.0279],[-65.8876,-45.0282],[-65.8863,-45.0287],[-65.886,-45.0292],[-65.8866,-45.0302],[-65.8869,-45.0306],[-65.8868,-45.0312],[-65.8866,-45.0317],[-65.8865,-45.0322],[-65.8866,-45.0328],[-65.8868,-45.0339],[-65.8866,-45.0348],[-65.8864,-45.0356],[-65.8861,-45.0363],[-65.8863,-45.0371],[-65.8863,-45.0377],[-65.8865,-45.0384],[-65.8869,-45.0388],[-65.8869,-45.0389],[-65.8873,-45.0392],[-65.8877,-45.0393],[-65.8883,-45.0394],[-65.8889,-45.0394],[-65.8891,-45.0391],[-65.89,-45.0389],[-65.8906,-45.0387],[-65.8912,-45.0388],[-65.8915,-45.0386],[-65.892,-45.0385],[-65.8925,-45.0387],[-65.8931,-45.0387],[-65.8933,-45.0388],[-65.8935,-45.0385],[-65.8932,-45.0376],[-65.8931,-45.037],[-65.8934,-45.0363],[-65.8938,-45.0357],[-65.8945,-45.0352],[-65.8946,-45.0351],[-65.8951,-45.0348],[-65.8958,-45.0347],[-65.8965,-45.0351],[-65.8967,-45.0351],[-65.8977,-45.0354],[-65.8982,-45.0352],[-65.8987,-45.0353],[-65.8994,-45.0347],[-65.8995,-45.0342],[-65.9,-45.0337],[-65.9007,-45.0334],[-65.9012,-45.0334],[-65.9017,-45.0329],[-65.9022,-45.0329],[-65.9027,-45.0328],[-65.9037,-45.0328],[-65.9052,-45.0337],[-65.9057,-45.0342],[-65.906,-45.0344],[-65.9064,-45.0345],[-65.9068,-45.0343],[-65.9072,-45.0341],[-65.9077,-45.0342],[-65.908,-45.0342],[-65.9091,-45.034],[-65.9097,-45.0339],[-65.9104,-45.034],[-65.9104,-45.0336],[-65.9098,-45.0333],[-65.91,-45.0328],[-65.9105,-45.0323],[-65.9106,-45.0322],[-65.9112,-45.0318],[-65.9123,-45.0318],[-65.9139,-45.032],[-65.9149,-45.0323],[-65.9159,-45.0329],[-65.9164,-45.0338],[-65.9169,-45.0341],[-65.918,-45.0348],[-65.9181,-45.0355],[-65.9185,-45.0361],[-65.9185,-45.0366],[-65.9185,-45.0372],[-65.919,-45.0377],[-65.9192,-45.0382],[-65.9192,-45.0384],[-65.9191,-45.0388],[-65.9196,-45.0387],[-65.9199,-45.0387],[-65.9203,-45.0386],[-65.9212,-45.0387],[-65.9219,-45.0391],[-65.9224,-45.0397],[-65.9225,-45.0402],[-65.9231,-45.0407],[-65.9234,-45.0409],[-65.9235,-45.0414],[-65.924,-45.0417],[-65.9241,-45.0421],[-65.9241,-45.0426],[-65.9239,-45.0434],[-65.9243,-45.0438],[-65.925,-45.044],[-65.9263,-45.0443],[-65.9272,-45.0449],[-65.9274,-45.0456],[-65.9278,-45.0459],[-65.9286,-45.0462],[-65.9291,-45.0462],[-65.9295,-45.0464],[-65.9309,-45.0464],[-65.9306,-45.0474],[-65.9306,-45.0479],[-65.9311,-45.0486],[-65.9318,-45.049],[-65.9328,-45.0489],[-65.9332,-45.0489],[-65.9337,-45.0492],[-65.9341,-45.0493],[-65.9344,-45.0494],[-65.9346,-45.0493],[-65.9348,-45.0489],[-65.9356,-45.0486],[-65.9366,-45.0487],[-65.9372,-45.0487],[-65.9379,-45.0485],[-65.9382,-45.0476],[-65.9384,-45.0473],[-65.9386,-45.047],[-65.9388,-45.047],[-65.9389,-45.0471],[-65.9393,-45.047],[-65.9396,-45.0467],[-65.9402,-45.0465],[-65.9415,-45.0459],[-65.9425,-45.0454],[-65.9433,-45.0447],[-65.9443,-45.0439],[-65.9449,-45.0433],[-65.9451,-45.0432],[-65.946,-45.0427],[-65.9474,-45.0426],[-65.9483,-45.0429],[-65.9487,-45.0431],[-65.9492,-45.0431],[-65.9498,-45.0431],[-65.951,-45.0432],[-65.9513,-45.0433],[-65.9518,-45.0437],[-65.9524,-45.0436],[-65.9531,-45.0433],[-65.9534,-45.0432],[-65.954,-45.0431],[-65.9552,-45.0431],[-65.9564,-45.0438],[-65.9568,-45.0439],[-65.957,-45.044],[-65.9581,-45.0438],[-65.9585,-45.0435],[-65.9587,-45.0433],[-65.9594,-45.0427],[-65.9605,-45.0413],[-65.9621,-45.0401],[-65.9636,-45.0384],[-65.9646,-45.0375],[-65.9655,-45.0368],[-65.9665,-45.0364],[-65.9688,-45.0357],[-65.9696,-45.0357],[-65.9698,-45.0349],[-65.9702,-45.0336],[-65.9715,-45.0311],[-65.9739,-45.028],[-65.9755,-45.0267],[-65.977,-45.0252],[-65.9801,-45.0234],[-65.9823,-45.0217],[-65.9836,-45.0197],[-65.9849,-45.0185],[-65.9868,-45.0169],[-65.9906,-45.0141],[-65.9926,-45.0127],[-65.995,-45.0111],[-65.9963,-45.0102],[-65.9972,-45.0096],[-65.9995,-45.0081],[-66.0002,-45.0076],[-66.0028,-45.0064],[-66.0052,-45.0055],[-66.0069,-45.0055],[-66.0083,-45.0061],[-66.0088,-45.0065],[-66.0101,-45.0064],[-66.0124,-45.0057],[-66.0132,-45.0057],[-66.0141,-45.0058],[-66.015,-45.0049],[-66.0153,-45.0045],[-66.0164,-45.0049],[-66.0168,-45.0049],[-66.017,-45.0046],[-66.0166,-45.0043],[-66.017,-45.004],[-66.0167,-45.0035],[-66.0162,-45.003],[-66.0164,-45.0024],[-66.017,-45.0022],[-66.0175,-45.0018],[-66.0179,-45.0015],[-66.0185,-45.001],[-66.019,-45.0004],[-66.0193,-45.0003],[-66.0196,-44.9994],[-66.0197,-44.9989],[-66.0219,-44.9989],[-66.0219,-44.9997],[-66.0216,-45.0006],[-66.021,-45.0009],[-66.0207,-45.0014],[-66.0206,-45.002],[-66.0206,-45.0025],[-66.0206,-45.0027],[-66.0209,-45.003],[-66.021,-45.003],[-66.0218,-45.0029],[-66.0227,-45.0029],[-66.0234,-45.0029],[-66.0241,-45.0029],[-66.0255,-45.0025],[-66.0266,-45.0026],[-66.027,-45.0026],[-66.0277,-45.0025],[-66.0284,-45.0023],[-66.0291,-45.0024],[-66.0297,-45.0031],[-66.0296,-45.0018],[-66.03,-45.0017],[-66.0307,-45.0016],[-66.0313,-45.0017],[-66.0316,-45.0021],[-66.0317,-45.0023],[-66.033,-45.003],[-66.0346,-45.0031],[-66.0359,-45.0029],[-66.0374,-45.0031],[-66.0386,-45.0033],[-66.0397,-45.0034],[-66.0407,-45.003],[-66.0415,-45.0028],[-66.0417,-45.0023],[-66.0411,-45.0015],[-66.0417,-45.0008],[-66.0424,-45.0004],[-66.044,-45.0007],[-66.045,-45.001],[-66.0456,-45.0015],[-66.0463,-45.0018],[-66.0475,-45.0016],[-66.0489,-45.0013],[-66.0503,-45.0015],[-66.0511,-45.0021],[-66.0516,-45.0027],[-66.0522,-45.0033],[-66.0535,-45.0033],[-66.0545,-45.0037],[-66.0553,-45.004],[-66.0555,-45.004],[-66.0556,-45.0041],[-66.0567,-45.0043],[-66.0581,-45.0042],[-66.0605,-45.0041],[-66.0618,-45.0038],[-66.0623,-45.0034],[-66.0622,-45.0028],[-66.062,-45.0027],[-66.0623,-45.0014],[-66.0622,-45.0004],[-66.0614,-44.9994],[-66.0605,-44.999],[-66.0592,-44.9988],[-66.0583,-44.9984],[-66.0579,-44.9977],[-66.0579,-44.9969],[-66.0588,-44.9956],[-66.0602,-44.9946],[-66.0622,-44.9938],[-66.0643,-44.9935],[-66.0653,-44.9937],[-66.0665,-44.9943],[-66.0668,-44.9949],[-66.067,-44.9952],[-66.0672,-44.9957],[-66.0673,-44.9965],[-66.0676,-44.9971],[-66.0685,-44.9973],[-66.0691,-44.9974],[-66.0698,-44.9972],[-66.0699,-44.9963],[-66.0699,-44.9959],[-66.0704,-44.9953],[-66.0708,-44.9946],[-66.0705,-44.9941],[-66.07,-44.9934],[-66.0703,-44.9925],[-66.0707,-44.9916],[-66.0703,-44.9915],[-66.0703,-44.9914],[-66.0702,-44.9909],[-66.0725,-44.9898],[-66.0743,-44.9895],[-66.0752,-44.9897],[-66.0752,-44.9907],[-66.0751,-44.9911],[-66.0758,-44.9912],[-66.0763,-44.9916],[-66.0768,-44.9916],[-66.0777,-44.9918],[-66.0778,-44.9913],[-66.0782,-44.9908],[-66.0786,-44.9903],[-66.0794,-44.9899],[-66.0805,-44.9897],[-66.082,-44.9897],[-66.0831,-44.99],[-66.0836,-44.9906],[-66.0838,-44.9915],[-66.0836,-44.9919],[-66.0838,-44.9924],[-66.0835,-44.9931],[-66.0826,-44.9938],[-66.0819,-44.9945],[-66.0815,-44.9953],[-66.0815,-44.9957],[-66.0819,-44.996],[-66.0822,-44.9962],[-66.0833,-44.9968],[-66.0839,-44.9969],[-66.0849,-44.997],[-66.086,-44.997],[-66.087,-44.996],[-66.0875,-44.9952],[-66.089,-44.9948],[-66.0901,-44.9952],[-66.0904,-44.995],[-66.0913,-44.9941],[-66.0916,-44.9936],[-66.0914,-44.993],[-66.0913,-44.9923],[-66.0907,-44.9918],[-66.0911,-44.9907],[-66.0927,-44.9894],[-66.0943,-44.9888],[-66.0949,-44.9886],[-66.0966,-44.9883],[-66.0981,-44.9881],[-66.0993,-44.9879],[-66.1004,-44.9881],[-66.101,-44.9882],[-66.1024,-44.9886],[-66.104,-44.9895],[-66.105,-44.9903],[-66.1054,-44.9916],[-66.1057,-44.9924],[-66.1061,-44.9915],[-66.1057,-44.9903],[-66.1061,-44.989],[-66.1068,-44.9883],[-66.1072,-44.9879],[-66.1087,-44.9876],[-66.1105,-44.9866],[-66.1124,-44.9861],[-66.1146,-44.9857],[-66.1175,-44.9853],[-66.1184,-44.9853],[-66.1189,-44.9852],[-66.1199,-44.9853],[-66.1208,-44.9858],[-66.1211,-44.9864],[-66.1212,-44.9867],[-66.1216,-44.9872],[-66.1223,-44.9875],[-66.1226,-44.9876],[-66.1233,-44.9876],[-66.1242,-44.9878],[-66.1247,-44.9883],[-66.1252,-44.9874],[-66.1254,-44.9868],[-66.1267,-44.9859],[-66.1279,-44.9855],[-66.1282,-44.9854],[-66.1302,-44.9852],[-66.1316,-44.9857],[-66.1323,-44.9863],[-66.1324,-44.9869],[-66.1324,-44.9871],[-66.1325,-44.9875],[-66.1326,-44.9878],[-66.1331,-44.9877],[-66.1338,-44.9878],[-66.1345,-44.9879],[-66.1355,-44.9877],[-66.137,-44.9873],[-66.1373,-44.9874],[-66.139,-44.9879],[-66.1399,-44.9882],[-66.1399,-44.9882],[-66.1402,-44.9889],[-66.1401,-44.9897],[-66.1406,-44.9904],[-66.141,-44.9904],[-66.1419,-44.99],[-66.1421,-44.9896],[-66.1429,-44.9895],[-66.1436,-44.9893],[-66.1438,-44.9886],[-66.1431,-44.9882],[-66.1436,-44.9875],[-66.1444,-44.987],[-66.1445,-44.9869],[-66.1451,-44.9867],[-66.146,-44.9867],[-66.1475,-44.9867],[-66.1481,-44.9877],[-66.1485,-44.9882],[-66.1484,-44.9893],[-66.1478,-44.9897],[-66.1477,-44.9897],[-66.1468,-44.9899],[-66.1462,-44.9901],[-66.1454,-44.9902],[-66.1449,-44.9906],[-66.1446,-44.991],[-66.1449,-44.9911],[-66.1457,-44.9911],[-66.1471,-44.9911],[-66.1477,-44.991],[-66.1484,-44.9912],[-66.149,-44.991],[-66.1493,-44.9908],[-66.1497,-44.9905],[-66.1497,-44.9904],[-66.1507,-44.9907],[-66.1512,-44.9907],[-66.1515,-44.9904],[-66.1521,-44.9906],[-66.1525,-44.991],[-66.1524,-44.9913],[-66.1522,-44.9916],[-66.1521,-44.9918],[-66.1513,-44.992],[-66.1509,-44.9923],[-66.1503,-44.9929],[-66.1502,-44.9932],[-66.1504,-44.9936],[-66.1504,-44.9938],[-66.1507,-44.9941],[-66.1511,-44.9939],[-66.1518,-44.9934],[-66.1529,-44.9928],[-66.1537,-44.9926],[-66.1547,-44.9919],[-66.1557,-44.9915],[-66.1569,-44.9911],[-66.1573,-44.9909],[-66.1577,-44.9904],[-66.1577,-44.9897],[-66.1578,-44.9887],[-66.1586,-44.9875],[-66.1591,-44.9872],[-66.159,-44.9863],[-66.159,-44.9862],[-66.1584,-44.9851],[-66.1586,-44.9842],[-66.1597,-44.9835],[-66.1606,-44.9833],[-66.1623,-44.983],[-66.1633,-44.9831],[-66.1645,-44.9832],[-66.1655,-44.9838],[-66.1661,-44.9844],[-66.1665,-44.9853],[-66.167,-44.9861],[-66.1672,-44.9868],[-66.1675,-44.9871],[-66.1679,-44.9868],[-66.1683,-44.9864],[-66.1693,-44.9866],[-66.1699,-44.9869],[-66.1703,-44.9872],[-66.1713,-44.9876],[-66.1713,-44.9881],[-66.1709,-44.9882],[-66.1704,-44.9887],[-66.169,-44.9888],[-66.1682,-44.9889],[-66.1673,-44.9889],[-66.1672,-44.9892],[-66.1673,-44.9894],[-66.1679,-44.99],[-66.1686,-44.9906],[-66.1692,-44.9913],[-66.1702,-44.9918],[-66.1711,-44.9926],[-66.1716,-44.9931],[-66.172,-44.9938],[-66.1718,-44.9942],[-66.1713,-44.9947],[-66.1712,-44.9947],[-66.1702,-44.9948],[-66.1694,-44.9947],[-66.1691,-44.995],[-66.1695,-44.9953],[-66.1698,-44.9956],[-66.1709,-44.9954],[-66.1718,-44.9954],[-66.1725,-44.9957],[-66.1732,-44.9962],[-66.1731,-44.9971],[-66.1728,-44.9978],[-66.1731,-44.9982],[-66.1735,-44.9973],[-66.1735,-44.9964],[-66.1736,-44.9954],[-66.1737,-44.9952],[-66.1742,-44.9948],[-66.1749,-44.9942],[-66.1752,-44.9933],[-66.1754,-44.9923],[-66.176,-44.9919],[-66.1771,-44.9919],[-66.1779,-44.9919],[-66.1781,-44.9914],[-66.1775,-44.9909],[-66.1763,-44.9906],[-66.1759,-44.9898],[-66.176,-44.9892],[-66.1768,-44.9882],[-66.1777,-44.9875],[-66.1788,-44.9871],[-66.1791,-44.987],[-66.1803,-44.9872],[-66.1809,-44.9868],[-66.1815,-44.9861],[-66.183,-44.9852],[-66.1874,-44.9828],[-66.19,-44.9822],[-66.1927,-44.982],[-66.1946,-44.9822],[-66.1966,-44.9831],[-66.1974,-44.9843],[-66.1974,-44.9851],[-66.1976,-44.9857],[-66.198,-44.9862],[-66.1982,-44.9869],[-66.1988,-44.9872],[-66.1996,-44.9875],[-66.2012,-44.988],[-66.2027,-44.9887],[-66.2035,-44.9891],[-66.2038,-44.9896],[-66.2037,-44.9902],[-66.2041,-44.991],[-66.2057,-44.9916],[-66.2067,-44.992],[-66.2076,-44.9928],[-66.2085,-44.9937],[-66.2091,-44.9945],[-66.21,-44.9959],[-66.2099,-44.997],[-66.2096,-44.9978],[-66.2092,-44.9981],[-66.2093,-44.9987],[-66.2094,-44.9995],[-66.2089,-45],[-66.2086,-45.0005],[-66.2087,-45.0008],[-66.2087,-45.0009],[-66.2093,-45.001],[-66.2091,-45.0017],[-66.209,-45.002],[-66.2087,-45.0025],[-66.2089,-45.0028],[-66.2095,-45.0027],[-66.2102,-45.0023],[-66.211,-45.0023],[-66.212,-45.0025],[-66.2128,-45.003],[-66.2139,-45.0034],[-66.2157,-45.0035],[-66.2175,-45.0041],[-66.2181,-45.0044],[-66.218,-45.0051],[-66.2186,-45.0054],[-66.2193,-45.0057],[-66.2196,-45.0064],[-66.2195,-45.0069],[-66.2196,-45.0074],[-66.22,-45.0077],[-66.22,-45.0077],[-66.2207,-45.0077],[-66.2213,-45.0072],[-66.2217,-45.0066],[-66.2218,-45.0059],[-66.2215,-45.0056],[-66.2216,-45.0053],[-66.2216,-45.0053],[-66.2221,-45.0048],[-66.2227,-45.0045],[-66.2237,-45.0045],[-66.2245,-45.0047],[-66.2253,-45.0045],[-66.2266,-45.0047],[-66.2273,-45.0047],[-66.2291,-45.0056],[-66.2302,-45.007],[-66.2302,-45.0077],[-66.2301,-45.0083],[-66.2296,-45.0088],[-66.2298,-45.009],[-66.231,-45.0096],[-66.2318,-45.0104],[-66.2327,-45.0117],[-66.2329,-45.0126],[-66.2328,-45.0135],[-66.2329,-45.0141],[-66.2324,-45.0145],[-66.2314,-45.015],[-66.2307,-45.0156],[-66.2294,-45.0168],[-66.2281,-45.0172],[-66.2274,-45.0177],[-66.2272,-45.0178],[-66.2266,-45.0184],[-66.2263,-45.0189],[-66.2262,-45.0192],[-66.2262,-45.0196],[-66.226,-45.0203],[-66.2261,-45.0207],[-66.2265,-45.021],[-66.2274,-45.0212],[-66.2279,-45.022],[-66.2284,-45.0225],[-66.2288,-45.0229],[-66.2292,-45.0238],[-66.2289,-45.0244],[-66.2285,-45.0248],[-66.2279,-45.0252],[-66.2277,-45.0257],[-66.2275,-45.0261],[-66.227,-45.0264],[-66.2259,-45.0267],[-66.2253,-45.027],[-66.2252,-45.0275],[-66.2257,-45.0281],[-66.226,-45.0282],[-66.2266,-45.0284],[-66.2269,-45.0284],[-66.228,-45.0282],[-66.2284,-45.028],[-66.2296,-45.0279],[-66.2302,-45.0279],[-66.2307,-45.0279],[-66.2313,-45.0281],[-66.2308,-45.0287],[-66.2308,-45.0288],[-66.2307,-45.029],[-66.2316,-45.0285],[-66.2322,-45.028],[-66.233,-45.0277],[-66.2337,-45.0272],[-66.2335,-45.0266],[-66.2333,-45.0262],[-66.2334,-45.0256],[-66.2326,-45.0249],[-66.2321,-45.0237],[-66.2323,-45.023],[-66.2324,-45.0228],[-66.2333,-45.0225],[-66.2334,-45.0225],[-66.2339,-45.0226],[-66.2344,-45.0223],[-66.2346,-45.0219],[-66.2347,-45.0218],[-66.2348,-45.0218],[-66.2351,-45.0217],[-66.2357,-45.0217],[-66.2364,-45.0214],[-66.2369,-45.021],[-66.2373,-45.0208],[-66.2392,-45.0205],[-66.2398,-45.0206],[-66.2405,-45.0207],[-66.2417,-45.0209],[-66.2419,-45.0209],[-66.2432,-45.0207],[-66.2435,-45.0206],[-66.2438,-45.0205],[-66.2452,-45.0206],[-66.2464,-45.0209],[-66.247,-45.0221],[-66.2471,-45.0228],[-66.2467,-45.0236],[-66.2461,-45.024],[-66.2457,-45.0242],[-66.2457,-45.0246],[-66.2463,-45.0247],[-66.2468,-45.0247],[-66.2477,-45.0249],[-66.2493,-45.0247],[-66.251,-45.0248],[-66.2522,-45.0246],[-66.2527,-45.0246],[-66.2538,-45.0254],[-66.2542,-45.0264],[-66.2542,-45.0268],[-66.2541,-45.0275],[-66.2536,-45.0277],[-66.2528,-45.0277],[-66.2522,-45.0279],[-66.252,-45.028],[-66.2523,-45.0281],[-66.2525,-45.0281],[-66.2533,-45.0281],[-66.2539,-45.0281],[-66.2545,-45.0283],[-66.2553,-45.0288],[-66.2552,-45.0291],[-66.2556,-45.0294],[-66.2561,-45.0292],[-66.2568,-45.0291],[-66.2585,-45.0294],[-66.2591,-45.0296],[-66.2599,-45.0298],[-66.2606,-45.0303],[-66.2614,-45.0308],[-66.262,-45.0315],[-66.2626,-45.0324],[-66.2623,-45.0337],[-66.2614,-45.0345],[-66.2607,-45.0349],[-66.2603,-45.0355],[-66.2603,-45.0363],[-66.2607,-45.037],[-66.261,-45.0375],[-66.2614,-45.0381],[-66.2618,-45.0388],[-66.2623,-45.0392],[-66.263,-45.0398],[-66.2632,-45.04],[-66.2637,-45.0402],[-66.2643,-45.0402],[-66.2645,-45.0402],[-66.2658,-45.0404],[-66.2662,-45.0408],[-66.2665,-45.0412],[-66.2673,-45.0411],[-66.268,-45.0414],[-66.2688,-45.0422],[-66.2692,-45.0429],[-66.2691,-45.0437],[-66.2689,-45.0441],[-66.2689,-45.045],[-66.2686,-45.0453],[-66.2687,-45.046],[-66.269,-45.0463],[-66.2694,-45.0468],[-66.2695,-45.0468],[-66.2701,-45.0469],[-66.2703,-45.047],[-66.2706,-45.0471],[-66.2712,-45.0471],[-66.2716,-45.0474],[-66.2723,-45.048],[-66.2733,-45.0484],[-66.2743,-45.0489],[-66.2744,-45.0489],[-66.2758,-45.0491],[-66.276,-45.0491],[-66.2769,-45.0491],[-66.2772,-45.0491],[-66.2778,-45.0492],[-66.2786,-45.0493],[-66.2806,-45.0482],[-66.2818,-45.048],[-66.2818,-45.0479],[-66.2825,-45.048],[-66.2831,-45.0482],[-66.2837,-45.0487],[-66.2842,-45.0496],[-66.284,-45.0505],[-66.2826,-45.0514],[-66.2825,-45.0522],[-66.282,-45.0527],[-66.2814,-45.0529],[-66.2796,-45.0527],[-66.2786,-45.0528],[-66.278,-45.0531],[-66.2777,-45.054],[-66.2774,-45.0548],[-66.2774,-45.0555],[-66.278,-45.0552],[-66.2785,-45.055],[-66.2789,-45.055],[-66.2793,-45.0555],[-66.2797,-45.0559],[-66.2801,-45.0564],[-66.28,-45.0569],[-66.28,-45.057],[-66.2797,-45.0574],[-66.2795,-45.0577],[-66.2793,-45.0579],[-66.2792,-45.0581],[-66.2789,-45.0589],[-66.2788,-45.0594],[-66.2797,-45.0586],[-66.2804,-45.0579],[-66.2809,-45.0573],[-66.2817,-45.056],[-66.2826,-45.0554],[-66.2827,-45.0543],[-66.2829,-45.054],[-66.2832,-45.0534],[-66.2841,-45.053],[-66.2849,-45.0534],[-66.2852,-45.0534],[-66.2858,-45.0535],[-66.2866,-45.0536],[-66.287,-45.0538],[-66.2873,-45.0545],[-66.2877,-45.055],[-66.2882,-45.0555],[-66.2889,-45.0558],[-66.29,-45.0563],[-66.2903,-45.0573],[-66.29,-45.0576],[-66.2893,-45.0579],[-66.2888,-45.0585],[-66.2882,-45.059],[-66.2873,-45.0592],[-66.287,-45.0593],[-66.2869,-45.06],[-66.2865,-45.0609],[-66.2858,-45.0613],[-66.2851,-45.0622],[-66.2841,-45.0628],[-66.283,-45.0628],[-66.2827,-45.0629],[-66.2819,-45.0632],[-66.2802,-45.063],[-66.2784,-45.0635],[-66.2768,-45.0642],[-66.2766,-45.0646],[-66.2762,-45.0653],[-66.2771,-45.0647],[-66.278,-45.0645],[-66.2787,-45.0644],[-66.2799,-45.064],[-66.2805,-45.064],[-66.2812,-45.0639],[-66.2821,-45.0635],[-66.2823,-45.0634],[-66.2828,-45.0631],[-66.2836,-45.0631],[-66.2841,-45.0635],[-66.2838,-45.0641],[-66.2831,-45.0642],[-66.2833,-45.0648],[-66.2832,-45.0649],[-66.2831,-45.0653],[-66.2835,-45.0655],[-66.2841,-45.065],[-66.285,-45.0649],[-66.2856,-45.0646],[-66.2864,-45.0641],[-66.2869,-45.0637],[-66.2875,-45.0634],[-66.2877,-45.0622],[-66.2878,-45.0614],[-66.2883,-45.0606],[-66.2884,-45.0595],[-66.2884,-45.0593],[-66.2886,-45.0588],[-66.2892,-45.0586],[-66.2902,-45.0584],[-66.2912,-45.0589],[-66.291,-45.0595],[-66.2906,-45.0599],[-66.2907,-45.0602],[-66.2913,-45.0601],[-66.2923,-45.0599],[-66.2936,-45.0593],[-66.2948,-45.0587],[-66.2954,-45.0582],[-66.2946,-45.0571],[-66.2935,-45.0563],[-66.2927,-45.0563],[-66.2916,-45.0562],[-66.2908,-45.0562],[-66.2894,-45.0558],[-66.2887,-45.0553],[-66.288,-45.0548],[-66.2878,-45.0547],[-66.2877,-45.0545],[-66.2876,-45.0537],[-66.2865,-45.0531],[-66.2855,-45.0526],[-66.2856,-45.0521],[-66.2856,-45.0518],[-66.2855,-45.0517],[-66.286,-45.0511],[-66.2865,-45.051],[-66.2878,-45.051],[-66.288,-45.051],[-66.2886,-45.0512],[-66.2896,-45.0508],[-66.2889,-45.0506],[-66.2887,-45.05],[-66.2892,-45.0499],[-66.2893,-45.0497],[-66.2896,-45.0492],[-66.2902,-45.0491],[-66.2903,-45.0491],[-66.2913,-45.0494],[-66.291,-45.0486],[-66.2912,-45.0478],[-66.2921,-45.047],[-66.2929,-45.0464],[-66.2932,-45.0462],[-66.2939,-45.0459],[-66.2948,-45.046],[-66.2952,-45.0461],[-66.296,-45.0463],[-66.2968,-45.0463],[-66.2972,-45.0465],[-66.2976,-45.0466],[-66.2982,-45.0465],[-66.299,-45.0465],[-66.2996,-45.0465],[-66.3002,-45.0464],[-66.3014,-45.0467],[-66.3023,-45.0471],[-66.3027,-45.0475],[-66.3029,-45.0479],[-66.3028,-45.0484],[-66.3026,-45.0486],[-66.3028,-45.0488],[-66.3026,-45.0493],[-66.3025,-45.0494],[-66.3026,-45.0497],[-66.303,-45.0501],[-66.3033,-45.0502],[-66.3037,-45.0503],[-66.3045,-45.0505],[-66.305,-45.0506],[-66.3054,-45.0506],[-66.306,-45.0506],[-66.3069,-45.0509],[-66.3076,-45.0509],[-66.3081,-45.0509],[-66.3087,-45.0508],[-66.3096,-45.0504],[-66.3096,-45.0501],[-66.3091,-45.0496],[-66.3084,-45.0491],[-66.3079,-45.0485],[-66.3078,-45.048],[-66.3075,-45.0476],[-66.3076,-45.047],[-66.3083,-45.0466],[-66.3092,-45.0463],[-66.3093,-45.0463],[-66.3094,-45.0459],[-66.3095,-45.0458],[-66.3101,-45.0454],[-66.3107,-45.0455],[-66.3108,-45.0456],[-66.3112,-45.0457],[-66.3117,-45.0453],[-66.3121,-45.0452],[-66.3123,-45.0452],[-66.3129,-45.045],[-66.3137,-45.0452],[-66.3143,-45.0452],[-66.3148,-45.0454],[-66.3153,-45.0451],[-66.3158,-45.0453],[-66.3162,-45.0455],[-66.3167,-45.0458],[-66.3175,-45.0457],[-66.3181,-45.0458],[-66.3188,-45.0459],[-66.3194,-45.0466],[-66.3199,-45.047],[-66.3202,-45.0476],[-66.3203,-45.0479],[-66.3206,-45.0483],[-66.3207,-45.0488],[-66.3207,-45.0493],[-66.3204,-45.05],[-66.3205,-45.0506],[-66.3205,-45.0511],[-66.3206,-45.0514],[-66.3211,-45.0516],[-66.3213,-45.0516],[-66.322,-45.0518],[-66.3231,-45.0515],[-66.324,-45.0515],[-66.3241,-45.0515],[-66.3246,-45.0515],[-66.325,-45.0519],[-66.3261,-45.052],[-66.3258,-45.0511],[-66.3258,-45.0503],[-66.3263,-45.0496],[-66.3267,-45.0484],[-66.3276,-45.0479],[-66.3284,-45.0474],[-66.3288,-45.0471],[-66.3291,-45.0465],[-66.3284,-45.0462],[-66.3277,-45.0457],[-66.3278,-45.0448],[-66.3281,-45.0439],[-66.3281,-45.0437],[-66.3283,-45.0434],[-66.3288,-45.0432],[-66.33,-45.0428],[-66.3307,-45.0427],[-66.3314,-45.0424],[-66.3315,-45.0423],[-66.3322,-45.0421],[-66.3334,-45.0421],[-66.3348,-45.0418],[-66.3362,-45.0416],[-66.3379,-45.0416],[-66.3397,-45.0419],[-66.3412,-45.0426],[-66.3418,-45.043],[-66.342,-45.0434],[-66.3421,-45.0436],[-66.3427,-45.0438],[-66.3436,-45.0437],[-66.344,-45.0438],[-66.3445,-45.0439],[-66.3451,-45.0442],[-66.3457,-45.0442],[-66.3459,-45.0437],[-66.3459,-45.0432],[-66.347,-45.0422],[-66.3473,-45.042],[-66.3488,-45.0413],[-66.3502,-45.041],[-66.351,-45.0408],[-66.3521,-45.0408],[-66.3524,-45.0408],[-66.353,-45.0408],[-66.354,-45.0407],[-66.3543,-45.0405],[-66.3551,-45.0406],[-66.356,-45.0402],[-66.3563,-45.0401],[-66.357,-45.0399],[-66.3574,-45.0399],[-66.3592,-45.0397],[-66.3602,-45.04],[-66.3608,-45.0403],[-66.3616,-45.0408],[-66.3625,-45.0408],[-66.3634,-45.0413],[-66.3646,-45.0414],[-66.366,-45.0418],[-66.3665,-45.042],[-66.4065,-45.0422],[-66.4092,-45.0423],[-66.5445,-45.0431],[-66.5445,-45.0431],[-66.603,-45.0434],[-66.603,-45.0434],[-67.0799,-45.0463],[-67.0814,-45.0352],[-67.0824,-45.0075],[-67.0927,-44.721],[-67.0858,-44.7186],[-67.0805,-44.7167],[-67.0765,-44.7137],[-67.0713,-44.7072],[-67.0681,-44.7036],[-67.0654,-44.6999],[-67.064,-44.6958],[-67.0617,-44.692],[-67.0591,-44.6886],[-67.059,-44.6844],[-67.0562,-44.6807],[-67.0534,-44.677],[-67.0529,-44.6738],[-67.0517,-44.6719],[-67.0482,-44.6684],[-67.044,-44.6655],[-67.0398,-44.6645],[-67.0342,-44.6631],[-67.0301,-44.6603],[-67.0267,-44.6567],[-67.0231,-44.6544],[-67.0178,-44.6533],[-67.0158,-44.6519],[-67.0138,-44.6479],[-67.0119,-44.6438],[-67.0101,-44.6398],[-67.0083,-44.6347],[-67.0061,-44.6308],[-67.0034,-44.6273],[-67.0011,-44.6234],[-66.9989,-44.6195],[-66.9964,-44.6157],[-66.9949,-44.6116],[-66.992,-44.6079],[-66.9883,-44.6046],[-66.9842,-44.6015],[-66.9784,-44.5954],[-66.9743,-44.5924],[-66.9715,-44.5875],[-66.9699,-44.5834],[-66.9691,-44.5761],[-66.9695,-44.5719],[-66.9697,-44.5675],[-66.9695,-44.5655],[-66.967,-44.5629],[-66.963,-44.5597],[-66.9605,-44.5558],[-66.959,-44.5518],[-66.9593,-44.5486],[-66.9594,-44.5485],[-66.9613,-44.5446],[-66.9647,-44.5411],[-66.9681,-44.5377],[-66.9684,-44.5334],[-66.9673,-44.5293],[-66.9644,-44.5256],[-66.9602,-44.5226],[-66.9544,-44.5219],[-66.9488,-44.5208],[-66.944,-44.5182],[-66.9407,-44.5147],[-66.9391,-44.5107],[-66.939,-44.5064],[-66.9392,-44.5022],[-66.9389,-44.4969],[-66.9377,-44.4927],[-66.936,-44.4887],[-66.9339,-44.4847],[-66.9313,-44.4809],[-66.925,-44.4751],[-66.9209,-44.472],[-66.9171,-44.4687],[-66.9144,-44.465],[-66.912,-44.4611],[-66.9089,-44.4575],[-66.9048,-44.4545],[-66.9003,-44.4517],[-66.8961,-44.4488],[-66.8927,-44.4453],[-66.8896,-44.4417],[-66.8866,-44.4381],[-66.884,-44.4343],[-66.8818,-44.4303],[-66.8788,-44.4267],[-66.874,-44.4242],[-66.8693,-44.4217],[-66.8653,-44.4186],[-66.8614,-44.4154],[-66.8578,-44.412],[-66.855,-44.4083],[-66.8518,-44.4047],[-66.8481,-44.4014],[-66.8443,-44.3982],[-66.8408,-44.3948],[-66.8376,-44.3913],[-66.8346,-44.3876],[-66.8325,-44.3836],[-66.8308,-44.3796],[-66.8292,-44.3755],[-66.8274,-44.3715],[-66.8255,-44.3674],[-66.8234,-44.3635],[-66.8205,-44.3599],[-66.8169,-44.3565],[-66.8143,-44.3527],[-66.8121,-44.3487],[-66.8103,-44.3447],[-66.8091,-44.3406],[-66.8081,-44.3364],[-66.8074,-44.3322],[-66.8068,-44.328],[-66.8066,-44.3237],[-66.8066,-44.3195],[-66.8068,-44.3153],[-66.807,-44.311],[-66.8072,-44.3068],[-66.8071,-44.3026],[-66.8065,-44.2984],[-66.8065,-44.2941],[-66.8069,-44.2899],[-66.8085,-44.2858],[-66.8108,-44.2817],[-66.8109,-44.2798],[-66.8092,-44.2781],[-66.807,-44.2764],[-66.8058,-44.2745],[-66.8038,-44.2705],[-66.8016,-44.2666],[-66.7989,-44.2629],[-66.7958,-44.2593],[-66.7919,-44.2561],[-66.7879,-44.253],[-66.7845,-44.2495],[-66.7808,-44.2462],[-66.7768,-44.2431],[-66.7725,-44.2402],[-66.7678,-44.2376],[-66.763,-44.2353],[-66.7579,-44.2331],[-66.7525,-44.2315],[-66.747,-44.2298],[-66.7419,-44.2278],[-66.7377,-44.2249],[-66.7336,-44.2218],[-66.7296,-44.2186],[-66.7258,-44.2154],[-66.7223,-44.212],[-66.7189,-44.2085],[-66.7157,-44.205],[-66.7117,-44.202],[-66.7067,-44.1997],[-66.7017,-44.1974],[-66.6969,-44.195],[-66.6945,-44.1917],[-66.6928,-44.1877],[-66.692,-44.1835],[-66.6913,-44.1793],[-66.6901,-44.1751],[-66.6885,-44.171],[-66.687,-44.167],[-66.6852,-44.1629],[-66.6832,-44.159],[-66.6816,-44.1549],[-66.68,-44.1508],[-66.6779,-44.1468],[-66.6763,-44.1428],[-66.6751,-44.1386],[-66.6745,-44.1344],[-66.6742,-44.1302],[-66.6744,-44.1259],[-66.6753,-44.1218],[-66.6771,-44.1178],[-66.6794,-44.1138],[-66.6811,-44.1111],[-66.6818,-44.1099],[-66.6824,-44.109],[-66.6845,-44.106],[-66.6855,-44.1032],[-66.6849,-44.1024],[-66.6834,-44.1003],[-66.6834,-44.1003],[-66.6824,-44.0983],[-66.6806,-44.0942],[-66.6804,-44.0932],[-66.6798,-44.0901],[-66.6817,-44.0859],[-66.6821,-44.0849],[-66.6822,-44.0839],[-66.682,-44.0829],[-66.6813,-44.082],[-66.6804,-44.081],[-66.6804,-44.081],[-66.6785,-44.0782],[-66.6759,-44.0744],[-66.6726,-44.0709],[-66.6686,-44.0677],[-66.6645,-44.0647],[-66.6608,-44.0614],[-66.6572,-44.0581],[-66.654,-44.0546],[-66.6518,-44.0506],[-66.6491,-44.0469],[-66.6463,-44.0432],[-66.6435,-44.0394],[-66.6406,-44.0357],[-66.6378,-44.032],[-66.6347,-44.0284],[-66.6333,-44.0252],[-66.632,-44.022],[-66.6285,-44.0196],[-66.6237,-44.0203],[-66.6205,-44.0227],[-66.6157,-44.0229],[-66.6103,-44.0206],[-66.6048,-44.019],[-66.5984,-44.0135],[-66.5947,-44.0088],[-66.5906,-44.0058],[-66.5834,-44.0006],[-66.5803,-43.9969],[-66.5777,-43.9929],[-66.5718,-43.991],[-66.567,-43.9914],[-66.5612,-43.9921],[-66.5509,-43.9929],[-66.5452,-43.9926],[-66.5397,-43.9912],[-66.5298,-43.9865],[-66.5249,-43.9842],[-66.518,-43.9824],[-66.5124,-43.9811],[-66.507,-43.9795],[-66.5019,-43.9774],[-66.4969,-43.975],[-66.4924,-43.9723],[-66.4885,-43.9693],[-66.4853,-43.9657],[-66.481,-43.9589],[-66.4795,-43.9548],[-66.4786,-43.9506],[-66.4779,-43.9454],[-66.4774,-43.938],[-66.4773,-43.9327],[-66.4777,-43.9284],[-66.478,-43.9242],[-66.4779,-43.9168],[-66.4773,-43.9115],[-66.4762,-43.9073],[-66.4745,-43.9033],[-66.4719,-43.8995],[-66.4653,-43.8938],[-66.4611,-43.8909],[-66.4567,-43.8881],[-66.4524,-43.8852],[-66.448,-43.8824],[-66.4429,-43.8786],[-66.4393,-43.8752],[-66.435,-43.8685],[-66.4334,-43.8634],[-66.4326,-43.8591],[-66.4321,-43.8549],[-66.4326,-43.8475],[-66.4336,-43.8433],[-66.434,-43.8391],[-66.432,-43.8351],[-66.431,-43.83],[-66.4318,-43.8257],[-66.4333,-43.8215],[-66.4357,-43.8177],[-66.4401,-43.8149],[-66.4468,-43.8093],[-66.4499,-43.8057],[-66.453,-43.8021],[-66.4563,-43.7985],[-66.4577,-43.7934],[-66.4578,-43.7892],[-66.4577,-43.7849],[-66.4593,-43.782],[-66.097,-43.7756],[-65.7279,-43.7676],[-65.6042,-43.765],[-65.5568,-43.7638],[-65.4042,-43.7601],[-65.3726,-43.7592],[-65.3532,-43.7587],[-65.3531,-43.759],[-65.3531,-43.7593],[-65.3531,-43.7596],[-65.3531,-43.76],[-65.3529,-43.7603],[-65.353,-43.7607],[-65.3531,-43.7611],[-65.3532,-43.7614],[-65.3532,-43.7616],[-65.3533,-43.7618],[-65.3536,-43.762],[-65.3538,-43.7621],[-65.354,-43.7623],[-65.3542,-43.7626],[-65.3543,-43.7628],[-65.3544,-43.7631],[-65.3545,-43.7633],[-65.3545,-43.7635],[-65.3546,-43.7638],[-65.3546,-43.7645],[-65.3543,-43.7651],[-65.3541,-43.7658],[-65.3539,-43.7663],[-65.3538,-43.7666],[-65.3538,-43.7669],[-65.3539,-43.7672],[-65.3538,-43.7676],[-65.3537,-43.7679],[-65.3537,-43.7681],[-65.3536,-43.7685],[-65.3535,-43.7691],[-65.3533,-43.7697],[-65.3525,-43.7705],[-65.3518,-43.7713],[-65.3514,-43.7717],[-65.3509,-43.7722],[-65.3508,-43.7727],[-65.3506,-43.7732],[-65.3505,-43.7734],[-65.3503,-43.7736],[-65.3503,-43.7739],[-65.3503,-43.7744],[-65.3502,-43.7747],[-65.35,-43.7753],[-65.3497,-43.7757],[-65.3493,-43.7761],[-65.3489,-43.7763],[-65.3483,-43.7766],[-65.3478,-43.7767],[-65.3475,-43.777],[-65.3473,-43.7772],[-65.3467,-43.7775],[-65.3455,-43.7777]]]]},"geometry_name":"geom","properties":{"departamen":"Florentino Ameghino","cabecera":"Camarones","superficie":"15.889,28"},"bbox":[-67.0927,-45.0655,-65.1879,-43.7587]},{"type":"Feature","id":"departamentos.14","geometry":{"type":"MultiPolygon","coordinates":[[[[-69.5053,-42.7968],[-69.5097,-42.8418],[-69.5105,-42.8491],[-69.5585,-43.332],[-69.5314,-43.7847],[-69.9997,-43.7791],[-70.617,-43.7686],[-70.9229,-43.7623],[-70.9923,-43.7609],[-70.9959,-43.8507],[-71.1162,-43.8493],[-71.1165,-43.8611],[-71.1184,-43.9398],[-71.1358,-43.9395],[-71.1905,-43.9386],[-71.3717,-43.9354],[-71.3713,-43.9253],[-71.3693,-43.8831],[-71.3821,-43.8794],[-71.3839,-43.8789],[-71.3938,-43.8805],[-71.4024,-43.8844],[-71.4098,-43.8894],[-71.4174,-43.8942],[-71.4258,-43.8984],[-71.4341,-43.9026],[-71.4429,-43.9063],[-71.452,-43.9096],[-71.4604,-43.9136],[-71.4689,-43.9177],[-71.4783,-43.9201],[-71.4883,-43.9218],[-71.4982,-43.9236],[-71.5081,-43.9253],[-71.5181,-43.9263],[-71.5282,-43.9259],[-71.5384,-43.9259],[-71.5485,-43.926],[-71.5587,-43.9264],[-71.5687,-43.9275],[-71.5787,-43.9285],[-71.5889,-43.9286],[-71.5944,-43.9286],[-71.5991,-43.9285],[-71.609,-43.9297],[-71.6171,-43.9312],[-71.6189,-43.9315],[-71.6196,-43.9316],[-71.6271,-43.9326],[-71.6289,-43.9328],[-71.6359,-43.9335],[-71.6389,-43.9338],[-71.6418,-43.934],[-71.6439,-43.9342],[-71.6451,-43.9343],[-71.6454,-43.9344],[-71.6492,-43.9348],[-71.6496,-43.9349],[-71.6504,-43.9251],[-71.6507,-43.9237],[-71.6516,-43.9221],[-71.6522,-43.921],[-71.6536,-43.9183],[-71.6543,-43.9174],[-71.6547,-43.9163],[-71.6549,-43.9156],[-71.6553,-43.9149],[-71.6553,-43.9147],[-71.6559,-43.9138],[-71.662,-43.9063],[-71.6632,-43.9048],[-71.6648,-43.9036],[-71.6651,-43.9031],[-71.6658,-43.9018],[-71.666,-43.9016],[-71.6664,-43.9012],[-71.6672,-43.9011],[-71.6686,-43.9014],[-71.6714,-43.9023],[-71.673,-43.9028],[-71.6761,-43.9041],[-71.677,-43.9043],[-71.6822,-43.9045],[-71.6873,-43.903],[-71.6884,-43.9029],[-71.6904,-43.903],[-71.6916,-43.9033],[-71.6926,-43.9035],[-71.6936,-43.9033],[-71.6951,-43.9027],[-71.6955,-43.9021],[-71.6957,-43.9013],[-71.6957,-43.9006],[-71.6956,-43.8992],[-71.6957,-43.8983],[-71.6962,-43.8972],[-71.6981,-43.8955],[-71.6989,-43.895],[-71.7022,-43.8945],[-71.7071,-43.8946],[-71.7074,-43.8945],[-71.7073,-43.894],[-71.7066,-43.8928],[-71.7061,-43.8916],[-71.7063,-43.8909],[-71.7069,-43.8899],[-71.7074,-43.889],[-71.7076,-43.8884],[-71.7076,-43.8876],[-71.7073,-43.8869],[-71.7063,-43.8853],[-71.7059,-43.8848],[-71.7057,-43.8842],[-71.7059,-43.8837],[-71.7066,-43.8828],[-71.7067,-43.8819],[-71.7066,-43.8812],[-71.7063,-43.8806],[-71.7058,-43.88],[-71.7042,-43.8788],[-71.7034,-43.8783],[-71.7033,-43.8776],[-71.7035,-43.8765],[-71.7056,-43.873],[-71.7059,-43.8719],[-71.7055,-43.8709],[-71.7048,-43.8696],[-71.7046,-43.8683],[-71.7049,-43.867],[-71.7056,-43.8655],[-71.7089,-43.8629],[-71.7092,-43.8621],[-71.7091,-43.8613],[-71.7087,-43.8599],[-71.7087,-43.8582],[-71.7086,-43.8573],[-71.7087,-43.8557],[-71.7098,-43.8557],[-71.7112,-43.8556],[-71.7162,-43.8547],[-71.7294,-43.8587],[-71.732,-43.8597],[-71.7322,-43.8588],[-71.7331,-43.8575],[-71.7355,-43.8562],[-71.7376,-43.8546],[-71.7387,-43.8533],[-71.7394,-43.852],[-71.7405,-43.8512],[-71.7459,-43.8493],[-71.7472,-43.8488],[-71.7503,-43.8478],[-71.7523,-43.8466],[-71.7539,-43.8457],[-71.7554,-43.8457],[-71.7569,-43.8455],[-71.7588,-43.8446],[-71.7601,-43.8435],[-71.761,-43.8427],[-71.7627,-43.8406],[-71.7634,-43.8395],[-71.7635,-43.8384],[-71.7633,-43.8372],[-71.7623,-43.836],[-71.7611,-43.835],[-71.7594,-43.8334],[-71.7586,-43.831],[-71.7591,-43.8269],[-71.7594,-43.8255],[-71.7597,-43.8246],[-71.7596,-43.8234],[-71.7588,-43.8229],[-71.7563,-43.8226],[-71.7538,-43.8222],[-71.7524,-43.8219],[-71.7523,-43.8215],[-71.7545,-43.8188],[-71.7556,-43.8169],[-71.7567,-43.8157],[-71.7567,-43.8151],[-71.7558,-43.814],[-71.7503,-43.8097],[-71.7494,-43.8087],[-71.7493,-43.8081],[-71.7493,-43.8074],[-71.7497,-43.8068],[-71.7498,-43.806],[-71.7498,-43.8058],[-71.75,-43.8044],[-71.75,-43.803],[-71.7499,-43.8016],[-71.75,-43.8007],[-71.7504,-43.7998],[-71.7508,-43.7992],[-71.7511,-43.7986],[-71.7513,-43.7977],[-71.7513,-43.7969],[-71.7512,-43.7964],[-71.7507,-43.7952],[-71.7504,-43.7938],[-71.7505,-43.7927],[-71.7512,-43.7916],[-71.7519,-43.7909],[-71.7528,-43.7901],[-71.7535,-43.789],[-71.7534,-43.7882],[-71.7529,-43.7873],[-71.7506,-43.7853],[-71.7458,-43.7824],[-71.7405,-43.7801],[-71.736,-43.7785],[-71.7359,-43.7769],[-71.7359,-43.7755],[-71.7358,-43.7749],[-71.7338,-43.7691],[-71.731,-43.7644],[-71.7294,-43.7622],[-71.7176,-43.7521],[-71.7167,-43.7514],[-71.7045,-43.7408],[-71.7019,-43.7385],[-71.7009,-43.7357],[-71.6998,-43.7333],[-71.6994,-43.7326],[-71.6983,-43.7295],[-71.6983,-43.7285],[-71.6978,-43.7269],[-71.6967,-43.7261],[-71.6932,-43.7254],[-71.6873,-43.7227],[-71.6837,-43.7211],[-71.6807,-43.7208],[-71.6781,-43.7212],[-71.6732,-43.7222],[-71.6691,-43.723],[-71.6679,-43.7233],[-71.6658,-43.7225],[-71.6611,-43.7192],[-71.6598,-43.7177],[-71.6596,-43.7166],[-71.66,-43.7145],[-71.6605,-43.7123],[-71.6614,-43.7111],[-71.6625,-43.7106],[-71.6629,-43.7103],[-71.6629,-43.7097],[-71.6621,-43.7084],[-71.6616,-43.7073],[-71.6615,-43.7066],[-71.6615,-43.7056],[-71.6616,-43.7034],[-71.6604,-43.7024],[-71.6571,-43.7009],[-71.6534,-43.7005],[-71.6505,-43.7008],[-71.6483,-43.7019],[-71.6467,-43.7034],[-71.6455,-43.7039],[-71.6434,-43.7032],[-71.6406,-43.7032],[-71.6368,-43.7035],[-71.6361,-43.7041],[-71.6351,-43.7049],[-71.6348,-43.7055],[-71.6351,-43.706],[-71.6354,-43.7063],[-71.6354,-43.7066],[-71.635,-43.7069],[-71.6345,-43.707],[-71.6338,-43.7072],[-71.6331,-43.7076],[-71.6324,-43.7079],[-71.6319,-43.7081],[-71.6315,-43.7079],[-71.6305,-43.7065],[-71.6304,-43.7052],[-71.6303,-43.7034],[-71.6306,-43.7015],[-71.6311,-43.7007],[-71.6313,-43.7001],[-71.631,-43.6995],[-71.6301,-43.6986],[-71.6283,-43.6983],[-71.6267,-43.699],[-71.6242,-43.7001],[-71.6215,-43.7009],[-71.6167,-43.7008],[-71.6117,-43.7006],[-71.6086,-43.7001],[-71.6067,-43.7003],[-71.6053,-43.6992],[-71.6032,-43.6977],[-71.601,-43.6973],[-71.5998,-43.697],[-71.6002,-43.6959],[-71.6008,-43.6944],[-71.6011,-43.6926],[-71.6014,-43.6911],[-71.6024,-43.6891],[-71.6024,-43.6886],[-71.6025,-43.6873],[-71.6027,-43.6868],[-71.6028,-43.6867],[-71.6044,-43.6861],[-71.6065,-43.6853],[-71.6092,-43.6836],[-71.6106,-43.682],[-71.6113,-43.68],[-71.6112,-43.6787],[-71.6116,-43.6776],[-71.612,-43.676],[-71.5963,-43.6766],[-71.5883,-43.6755],[-71.5865,-43.6725],[-71.5864,-43.6714],[-71.5869,-43.6705],[-71.5866,-43.6692],[-71.5854,-43.6668],[-71.5854,-43.6656],[-71.5854,-43.6648],[-71.5843,-43.6637],[-71.584,-43.663],[-71.5831,-43.6625],[-71.5828,-43.661],[-71.5816,-43.6597],[-71.5814,-43.6592],[-71.5815,-43.6591],[-71.5818,-43.6586],[-71.5823,-43.6578],[-71.5825,-43.6569],[-71.5816,-43.6554],[-71.5814,-43.6541],[-71.5814,-43.6531],[-71.5816,-43.6523],[-71.5815,-43.6517],[-71.5819,-43.6512],[-71.5831,-43.6507],[-71.5851,-43.6483],[-71.586,-43.6469],[-71.5859,-43.6459],[-71.5867,-43.6455],[-71.5873,-43.6453],[-71.5876,-43.6447],[-71.5879,-43.6442],[-71.5883,-43.644],[-71.5887,-43.6438],[-71.589,-43.6434],[-71.5888,-43.6428],[-71.5886,-43.6423],[-71.5889,-43.6418],[-71.5903,-43.6413],[-71.5907,-43.6408],[-71.5907,-43.6403],[-71.591,-43.6399],[-71.5914,-43.6391],[-71.5914,-43.6385],[-71.5912,-43.6382],[-71.5911,-43.6378],[-71.5915,-43.6375],[-71.592,-43.6376],[-71.5924,-43.6377],[-71.5927,-43.6376],[-71.5929,-43.6373],[-71.593,-43.6368],[-71.5933,-43.6366],[-71.5936,-43.6366],[-71.594,-43.6367],[-71.5943,-43.6367],[-71.5946,-43.6365],[-71.5947,-43.6361],[-71.5948,-43.6358],[-71.5953,-43.6355],[-71.5955,-43.6353],[-71.5959,-43.635],[-71.5962,-43.6348],[-71.5963,-43.6345],[-71.5964,-43.6342],[-71.5966,-43.6339],[-71.5968,-43.6337],[-71.5972,-43.6336],[-71.5975,-43.6336],[-71.5981,-43.6334],[-71.5991,-43.6334],[-71.5997,-43.6331],[-71.5999,-43.6329],[-71.6004,-43.6328],[-71.6008,-43.6328],[-71.6013,-43.6328],[-71.6017,-43.6327],[-71.6018,-43.6325],[-71.6014,-43.6322],[-71.6011,-43.632],[-71.6015,-43.6317],[-71.602,-43.6317],[-71.6024,-43.6317],[-71.6029,-43.6317],[-71.6033,-43.6315],[-71.6035,-43.6311],[-71.6035,-43.6308],[-71.6036,-43.6304],[-71.6041,-43.6304],[-71.6048,-43.6307],[-71.6051,-43.6308],[-71.6054,-43.6308],[-71.6057,-43.6304],[-71.606,-43.6297],[-71.6069,-43.629],[-71.6078,-43.6286],[-71.6083,-43.6286],[-71.6087,-43.6286],[-71.6091,-43.6283],[-71.6095,-43.6281],[-71.6101,-43.6281],[-71.6109,-43.6282],[-71.612,-43.6282],[-71.6123,-43.6278],[-71.6129,-43.6278],[-71.6134,-43.6278],[-71.6139,-43.6276],[-71.6143,-43.6276],[-71.615,-43.6276],[-71.6155,-43.6275],[-71.6159,-43.6275],[-71.616,-43.6274],[-71.6163,-43.6271],[-71.6167,-43.6271],[-71.6171,-43.6271],[-71.6175,-43.6271],[-71.6178,-43.6269],[-71.6182,-43.6267],[-71.6192,-43.6264],[-71.6215,-43.6263],[-71.6224,-43.6259],[-71.623,-43.6256],[-71.6236,-43.6255],[-71.6241,-43.6253],[-71.6263,-43.6237],[-71.6277,-43.6236],[-71.6289,-43.6232],[-71.6299,-43.6233],[-71.6311,-43.6236],[-71.6319,-43.6237],[-71.6327,-43.6232],[-71.6343,-43.623],[-71.6361,-43.6231],[-71.6375,-43.6231],[-71.6382,-43.6228],[-71.6383,-43.6226],[-71.6389,-43.6221],[-71.6401,-43.6213],[-71.641,-43.6213],[-71.642,-43.6214],[-71.6427,-43.6216],[-71.6432,-43.6216],[-71.6436,-43.6218],[-71.6441,-43.6218],[-71.6446,-43.6216],[-71.6451,-43.6215],[-71.6457,-43.6214],[-71.6463,-43.6211],[-71.6472,-43.6211],[-71.6485,-43.6215],[-71.6492,-43.6216],[-71.6502,-43.6211],[-71.6508,-43.6208],[-71.6516,-43.6209],[-71.6524,-43.621],[-71.6529,-43.6212],[-71.6536,-43.6213],[-71.6545,-43.6214],[-71.6556,-43.6216],[-71.6564,-43.6214],[-71.657,-43.6211],[-71.6575,-43.6209],[-71.658,-43.6209],[-71.6584,-43.6213],[-71.659,-43.6218],[-71.6594,-43.6218],[-71.66,-43.6217],[-71.6605,-43.6214],[-71.6612,-43.6211],[-71.6618,-43.6211],[-71.6621,-43.6214],[-71.6625,-43.622],[-71.6628,-43.6222],[-71.6634,-43.6223],[-71.6641,-43.6224],[-71.6649,-43.6226],[-71.6651,-43.6226],[-71.6657,-43.6228],[-71.6663,-43.623],[-71.6667,-43.6232],[-71.667,-43.6233],[-71.6674,-43.6234],[-71.6677,-43.6235],[-71.6682,-43.6237],[-71.669,-43.6235],[-71.6695,-43.6234],[-71.67,-43.6235],[-71.6711,-43.6236],[-71.6715,-43.6238],[-71.672,-43.6243],[-71.6726,-43.6246],[-71.673,-43.6249],[-71.6735,-43.6251],[-71.674,-43.625],[-71.6743,-43.6246],[-71.6745,-43.6244],[-71.6747,-43.6243],[-71.6752,-43.6244],[-71.6757,-43.6245],[-71.6764,-43.6246],[-71.6773,-43.6246],[-71.6781,-43.6245],[-71.6784,-43.6243],[-71.679,-43.6241],[-71.6798,-43.6243],[-71.681,-43.6248],[-71.6819,-43.6246],[-71.6823,-43.6247],[-71.6832,-43.6251],[-71.6836,-43.6254],[-71.6842,-43.6256],[-71.6848,-43.6256],[-71.6855,-43.6255],[-71.6858,-43.6256],[-71.6861,-43.6259],[-71.6864,-43.6261],[-71.6867,-43.6262],[-71.6873,-43.6262],[-71.6878,-43.6261],[-71.6885,-43.626],[-71.689,-43.626],[-71.6894,-43.6262],[-71.6898,-43.6265],[-71.6903,-43.6268],[-71.6906,-43.6268],[-71.6925,-43.6264],[-71.6937,-43.6265],[-71.6944,-43.6266],[-71.695,-43.6264],[-71.6952,-43.6262],[-71.6955,-43.6258],[-71.6958,-43.6258],[-71.6961,-43.626],[-71.6966,-43.626],[-71.6972,-43.625],[-71.6977,-43.6248],[-71.6987,-43.6246],[-71.6994,-43.6245],[-71.7,-43.6245],[-71.7005,-43.6245],[-71.7009,-43.6246],[-71.7013,-43.6248],[-71.7017,-43.625],[-71.702,-43.6252],[-71.7024,-43.6254],[-71.7027,-43.6254],[-71.7031,-43.6254],[-71.7035,-43.6252],[-71.7037,-43.625],[-71.7037,-43.6248],[-71.7036,-43.6245],[-71.7028,-43.6245],[-71.7024,-43.6242],[-71.7019,-43.624],[-71.7018,-43.6238],[-71.7018,-43.6236],[-71.7022,-43.6234],[-71.7028,-43.6233],[-71.703,-43.6232],[-71.7033,-43.623],[-71.7033,-43.6227],[-71.7033,-43.6226],[-71.7032,-43.6224],[-71.703,-43.6222],[-71.703,-43.6219],[-71.7033,-43.6214],[-71.7032,-43.6208],[-71.703,-43.6199],[-71.703,-43.6193],[-71.7029,-43.6191],[-71.7028,-43.6184],[-71.7027,-43.6179],[-71.7025,-43.617],[-71.7026,-43.6164],[-71.7026,-43.6158],[-71.7027,-43.6152],[-71.7031,-43.6146],[-71.7035,-43.614],[-71.7037,-43.6137],[-71.7039,-43.6131],[-71.7041,-43.6129],[-71.7044,-43.6125],[-71.7044,-43.6122],[-71.7044,-43.6116],[-71.7047,-43.6105],[-71.7056,-43.6096],[-71.7067,-43.6085],[-71.7073,-43.6076],[-71.7077,-43.6068],[-71.7077,-43.6062],[-71.7075,-43.6053],[-71.7075,-43.6045],[-71.7077,-43.6041],[-71.7082,-43.6038],[-71.7089,-43.6037],[-71.7096,-43.6035],[-71.7099,-43.6032],[-71.7099,-43.6029],[-71.7094,-43.6023],[-71.7086,-43.6018],[-71.7079,-43.6012],[-71.7077,-43.6007],[-71.708,-43.6],[-71.7086,-43.5992],[-71.7087,-43.5987],[-71.7087,-43.5973],[-71.7087,-43.5967],[-71.7089,-43.5962],[-71.7092,-43.5958],[-71.7101,-43.5951],[-71.7102,-43.5949],[-71.7102,-43.5947],[-71.7101,-43.5944],[-71.7096,-43.5942],[-71.7088,-43.5939],[-71.7082,-43.5938],[-71.708,-43.5937],[-71.7079,-43.5934],[-71.7081,-43.5932],[-71.7083,-43.5925],[-71.7086,-43.5921],[-71.7088,-43.5918],[-71.7088,-43.5914],[-71.7086,-43.591],[-71.7083,-43.5907],[-71.7077,-43.5906],[-71.7068,-43.5905],[-71.7064,-43.5904],[-71.7058,-43.5901],[-71.7058,-43.5896],[-71.706,-43.5894],[-71.7063,-43.5893],[-71.707,-43.5892],[-71.7076,-43.5892],[-71.7079,-43.5891],[-71.7078,-43.5887],[-71.7074,-43.5886],[-71.7071,-43.5884],[-71.7071,-43.5881],[-71.7073,-43.5875],[-71.7076,-43.5867],[-71.7079,-43.5859],[-71.7078,-43.585],[-71.708,-43.5845],[-71.7085,-43.5839],[-71.7093,-43.5833],[-71.711,-43.5825],[-71.7133,-43.5812],[-71.7147,-43.5808],[-71.7154,-43.5804],[-71.7157,-43.58],[-71.7157,-43.5794],[-71.7158,-43.5789],[-71.7163,-43.578],[-71.7171,-43.5769],[-71.7176,-43.5764],[-71.7182,-43.5763],[-71.7187,-43.5764],[-71.7193,-43.5767],[-71.7196,-43.577],[-71.7194,-43.5774],[-71.7191,-43.5775],[-71.7187,-43.5777],[-71.7185,-43.5778],[-71.7184,-43.5782],[-71.7185,-43.5785],[-71.7187,-43.5788],[-71.7191,-43.5788],[-71.7194,-43.5787],[-71.7205,-43.5782],[-71.721,-43.5779],[-71.7214,-43.5777],[-71.7217,-43.5778],[-71.7223,-43.5783],[-71.7228,-43.5786],[-71.7261,-43.5787],[-71.7275,-43.5787],[-71.7288,-43.5793],[-71.7299,-43.5795],[-71.7317,-43.5796],[-71.7328,-43.5796],[-71.7333,-43.5796],[-71.7341,-43.5799],[-71.735,-43.5806],[-71.7355,-43.5814],[-71.7357,-43.582],[-71.7369,-43.5828],[-71.7376,-43.5833],[-71.7381,-43.5839],[-71.7385,-43.5844],[-71.7392,-43.5848],[-71.7404,-43.5852],[-71.7417,-43.5856],[-71.7423,-43.5859],[-71.743,-43.5859],[-71.7436,-43.5859],[-71.7439,-43.5858],[-71.7447,-43.5855],[-71.7451,-43.5855],[-71.7453,-43.5855],[-71.7464,-43.5855],[-71.7483,-43.5852],[-71.7496,-43.5852],[-71.751,-43.5853],[-71.752,-43.5854],[-71.7528,-43.5854],[-71.7541,-43.5851],[-71.7574,-43.5842],[-71.7572,-43.5838],[-71.7568,-43.5829],[-71.7567,-43.5828],[-71.7558,-43.5808],[-71.7536,-43.5767],[-71.7507,-43.5715],[-71.7477,-43.5671],[-71.7413,-43.5622],[-71.7388,-43.5592],[-71.7365,-43.556],[-71.7339,-43.553],[-71.7314,-43.5499],[-71.7275,-43.5475],[-71.7262,-43.5467],[-71.7222,-43.5446],[-71.718,-43.5425],[-71.7135,-43.5415],[-71.7085,-43.5419],[-71.7021,-43.5433],[-71.6975,-43.5451],[-71.6935,-43.5474],[-71.6914,-43.5482],[-71.6891,-43.5475],[-71.6868,-43.5464],[-71.683,-43.5438],[-71.6817,-43.5428],[-71.6796,-43.541],[-71.6775,-43.5389],[-71.6766,-43.538],[-71.6743,-43.5347],[-71.6734,-43.5312],[-71.6736,-43.5273],[-71.6723,-43.524],[-71.6679,-43.5219],[-71.6629,-43.5211],[-71.6579,-43.5207],[-71.6528,-43.5212],[-71.6478,-43.5219],[-71.6429,-43.5229],[-71.6379,-43.5237],[-71.6329,-43.5241],[-71.6281,-43.523],[-71.6241,-43.5207],[-71.619,-43.5202],[-71.614,-43.5208],[-71.6096,-43.5227],[-71.605,-43.5244],[-71.6001,-43.5249],[-71.5952,-43.5237],[-71.5905,-43.5224],[-71.5857,-43.5211],[-71.5807,-43.5204],[-71.5756,-43.5201],[-71.5704,-43.5201],[-71.566,-43.5215],[-71.5621,-43.5241],[-71.5582,-43.5265],[-71.5542,-43.5287],[-71.5496,-43.5303],[-71.5445,-43.5304],[-71.5395,-43.53],[-71.5349,-43.5283],[-71.5299,-43.5277],[-71.5248,-43.5267],[-71.5201,-43.5265],[-71.5199,-43.5264],[-71.5154,-43.5278],[-71.5112,-43.53],[-71.507,-43.5323],[-71.5025,-43.534],[-71.4986,-43.5363],[-71.4942,-43.5383],[-71.4893,-43.5391],[-71.4844,-43.5401],[-71.4809,-43.5428],[-71.4771,-43.5453],[-71.4735,-43.5478],[-71.4716,-43.5513],[-71.4686,-43.5542],[-71.4685,-43.5543],[-71.4648,-43.5568],[-71.4606,-43.5589],[-71.4572,-43.5615],[-71.4554,-43.5651],[-71.4535,-43.5674],[-71.4528,-43.5682],[-71.4481,-43.5694],[-71.4429,-43.5699],[-71.4378,-43.5697],[-71.4329,-43.5689],[-71.4279,-43.568],[-71.4229,-43.5671],[-71.4179,-43.5666],[-71.4129,-43.566],[-71.4079,-43.5652],[-71.403,-43.5643],[-71.398,-43.5634],[-71.3957,-43.563],[-71.3931,-43.5626],[-71.3881,-43.5618],[-71.3831,-43.5611],[-71.3781,-43.5605],[-71.3731,-43.5599],[-71.368,-43.5593],[-71.363,-43.5586],[-71.3581,-43.5578],[-71.3533,-43.5566],[-71.3485,-43.5553],[-71.3437,-43.5541],[-71.3388,-43.553],[-71.3339,-43.5521],[-71.3288,-43.5516],[-71.3237,-43.5516],[-71.3187,-43.5523],[-71.314,-43.5536],[-71.3093,-43.5553],[-71.3052,-43.5573],[-71.3019,-43.5602],[-71.2984,-43.5629],[-71.2945,-43.5652],[-71.2902,-43.5672],[-71.2855,-43.5686],[-71.2807,-43.5699],[-71.2759,-43.5712],[-71.2711,-43.5725],[-71.2663,-43.5736],[-71.2614,-43.5745],[-71.2564,-43.5751],[-71.2513,-43.5756],[-71.2462,-43.576],[-71.241,-43.5762],[-71.2362,-43.5771],[-71.2325,-43.5795],[-71.2289,-43.5822],[-71.2249,-43.5845],[-71.2205,-43.5863],[-71.2158,-43.5879],[-71.2109,-43.5889],[-71.2058,-43.5891],[-71.2007,-43.5888],[-71.1956,-43.5885],[-71.1905,-43.5886],[-71.1854,-43.5893],[-71.1811,-43.591],[-71.1774,-43.5937],[-71.1742,-43.5966],[-71.1713,-43.5996],[-71.168,-43.6024],[-71.1643,-43.605],[-71.161,-43.6078],[-71.1584,-43.611],[-71.1557,-43.6141],[-71.1523,-43.6169],[-71.1485,-43.6193],[-71.1437,-43.6207],[-71.1397,-43.6229],[-71.1365,-43.6258],[-71.1325,-43.628],[-71.1277,-43.6294],[-71.1229,-43.6306],[-71.118,-43.6317],[-71.1131,-43.6328],[-71.1081,-43.6337],[-71.1032,-43.6332],[-71.0984,-43.6319],[-71.0936,-43.6305],[-71.0889,-43.6291],[-71.0842,-43.6277],[-71.0794,-43.6263],[-71.0747,-43.625],[-71.07,-43.6236],[-71.0653,-43.6221],[-71.0606,-43.6207],[-71.0559,-43.6192],[-71.0512,-43.6178],[-71.0464,-43.6166],[-71.0416,-43.6153],[-71.037,-43.6138],[-71.0324,-43.6122],[-71.0279,-43.6104],[-71.0235,-43.6085],[-71.0193,-43.6064],[-71.0154,-43.604],[-71.0122,-43.6012],[-71.0094,-43.5981],[-71.0066,-43.595],[-71.0039,-43.5919],[-71.0012,-43.5887],[-70.9984,-43.5856],[-70.9956,-43.5825],[-70.9926,-43.5795],[-70.9895,-43.5766],[-70.9862,-43.5738],[-70.9827,-43.5711],[-70.9789,-43.5687],[-70.975,-43.5663],[-70.9711,-43.5639],[-70.967,-43.5616],[-70.9627,-43.5597],[-70.958,-43.5582],[-70.9533,-43.5569],[-70.9484,-43.5558],[-70.9436,-43.5547],[-70.9389,-43.5533],[-70.9343,-43.5517],[-70.9298,-43.5499],[-70.9254,-43.548],[-70.9211,-43.546],[-70.9169,-43.5439],[-70.9131,-43.5415],[-70.9098,-43.5387],[-70.907,-43.5356],[-70.9043,-43.5324],[-70.9013,-43.5294],[-70.898,-43.5266],[-70.8951,-43.5235],[-70.8924,-43.5204],[-70.8901,-43.5171],[-70.888,-43.5137],[-70.8861,-43.5103],[-70.8842,-43.5069],[-70.8825,-43.5034],[-70.8811,-43.4998],[-70.8798,-43.4962],[-70.8784,-43.4927],[-70.8766,-43.4892],[-70.8746,-43.4858],[-70.8745,-43.4857],[-70.8722,-43.4826],[-70.8694,-43.4795],[-70.8671,-43.4762],[-70.866,-43.4747],[-70.8647,-43.4729],[-70.8619,-43.4698],[-70.8586,-43.467],[-70.8552,-43.4643],[-70.8549,-43.464],[-70.8518,-43.4615],[-70.8486,-43.4586],[-70.8465,-43.4551],[-70.8456,-43.4529],[-70.845,-43.4515],[-70.8451,-43.448],[-70.8477,-43.4448],[-70.8508,-43.4417],[-70.8524,-43.4382],[-70.8535,-43.4346],[-70.8552,-43.4318],[-70.8556,-43.4312],[-70.8584,-43.428],[-70.8607,-43.4248],[-70.8619,-43.4212],[-70.8623,-43.4174],[-70.862,-43.4138],[-70.8597,-43.4104],[-70.8584,-43.4069],[-70.8591,-43.4033],[-70.8606,-43.3996],[-70.8628,-43.3962],[-70.8644,-43.3928],[-70.8645,-43.3891],[-70.8645,-43.3854],[-70.8651,-43.3817],[-70.8654,-43.378],[-70.8654,-43.3743],[-70.8648,-43.3706],[-70.8637,-43.367],[-70.8628,-43.3634],[-70.8629,-43.3597],[-70.8635,-43.356],[-70.864,-43.3523],[-70.8644,-43.3486],[-70.865,-43.3449],[-70.8657,-43.3413],[-70.8667,-43.3376],[-70.8685,-43.3342],[-70.8717,-43.3314],[-70.8757,-43.329],[-70.8799,-43.3263],[-70.8818,-43.3229],[-70.8834,-43.3194],[-70.8849,-43.3158],[-70.886,-43.3121],[-70.886,-43.3085],[-70.8846,-43.305],[-70.8826,-43.3015],[-70.8808,-43.298],[-70.879,-43.2946],[-70.8769,-43.2912],[-70.8744,-43.288],[-70.8715,-43.285],[-70.8685,-43.282],[-70.8656,-43.2789],[-70.8628,-43.2758],[-70.86,-43.2727],[-70.8576,-43.2695],[-70.8561,-43.266],[-70.8554,-43.2623],[-70.8545,-43.2589],[-70.8545,-43.2586],[-70.8536,-43.2564],[-70.8531,-43.2551],[-70.8498,-43.25],[-70.8459,-43.2453],[-70.8409,-43.2411],[-70.8375,-43.2383],[-70.8341,-43.2356],[-70.8309,-43.2327],[-70.827,-43.228],[-70.8248,-43.2226],[-70.8247,-43.2171],[-70.8244,-43.2134],[-70.8239,-43.2078],[-70.8239,-43.2041],[-70.8251,-43.2006],[-70.8274,-43.1934],[-70.8275,-43.1897],[-70.8276,-43.1859],[-70.8278,-43.1823],[-70.8279,-43.1786],[-70.8279,-43.1748],[-70.8278,-43.1711],[-70.8273,-43.1675],[-70.8259,-43.1639],[-70.824,-43.1585],[-70.8233,-43.1549],[-70.8231,-43.1512],[-70.8228,-43.1456],[-70.8225,-43.1419],[-70.8221,-43.1382],[-70.8205,-43.1328],[-70.8188,-43.1293],[-70.8155,-43.1243],[-70.8109,-43.1199],[-70.8075,-43.1172],[-70.8039,-43.1145],[-70.7992,-43.1102],[-70.7953,-43.1053],[-70.7933,-43.1019],[-70.7924,-43.0983],[-70.7931,-43.0928],[-70.794,-43.0891],[-70.7944,-43.0854],[-70.7943,-43.0799],[-70.7938,-43.0762],[-70.7932,-43.0725],[-70.7922,-43.0689],[-70.7907,-43.0653],[-70.7889,-43.0619],[-70.7873,-43.0584],[-70.7862,-43.0547],[-70.7855,-43.051],[-70.7862,-43.0456],[-70.7872,-43.0419],[-70.7879,-43.0383],[-70.7894,-43.0347],[-70.7909,-43.0311],[-70.792,-43.0275],[-70.7909,-43.0241],[-70.7874,-43.0213],[-70.7834,-43.019],[-70.7792,-43.0169],[-70.7748,-43.0151],[-70.7675,-43.0139],[-70.7603,-43.0123],[-70.7557,-43.0107],[-70.7512,-43.0092],[-70.7461,-43.0087],[-70.7418,-43.0071],[-70.7382,-43.0044],[-70.7317,-43.0018],[-70.7243,-43.0005],[-70.7196,-42.999],[-70.7158,-42.9967],[-70.7125,-42.9939],[-70.7095,-42.9908],[-70.7072,-42.9875],[-70.7055,-42.984],[-70.7038,-42.9805],[-70.7006,-42.9735],[-70.6997,-42.9719],[-70.6982,-42.9703],[-70.696,-42.9696],[-70.6934,-42.9694],[-70.6884,-42.9691],[-70.6834,-42.9687],[-70.6783,-42.9684],[-70.6733,-42.968],[-70.6683,-42.9676],[-70.6633,-42.9673],[-70.6583,-42.9671],[-70.6507,-42.9671],[-70.6457,-42.9672],[-70.6306,-42.9675],[-70.6257,-42.9665],[-70.6171,-42.9628],[-70.613,-42.9606],[-70.609,-42.9583],[-70.6051,-42.9559],[-70.5984,-42.9534],[-70.5913,-42.9515],[-70.5868,-42.9499],[-70.5806,-42.9465],[-70.5778,-42.9435],[-70.5762,-42.94],[-70.575,-42.9363],[-70.5741,-42.9327],[-70.5741,-42.9326],[-70.574,-42.9325],[-70.5738,-42.9323],[-70.5737,-42.9321],[-70.5736,-42.9319],[-70.5735,-42.9317],[-70.5733,-42.9315],[-70.573,-42.9311],[-70.5729,-42.931],[-70.5727,-42.9309],[-70.5725,-42.9307],[-70.5723,-42.9306],[-70.5721,-42.9304],[-70.5719,-42.9303],[-70.5717,-42.9302],[-70.5715,-42.93],[-70.5715,-42.93],[-70.5714,-42.9299],[-70.5713,-42.9299],[-70.5711,-42.9297],[-70.5708,-42.9296],[-70.5706,-42.9294],[-70.5704,-42.9293],[-70.5701,-42.9292],[-70.5699,-42.929],[-70.5697,-42.9289],[-70.5695,-42.9287],[-70.5692,-42.9286],[-70.569,-42.9285],[-70.569,-42.9284],[-70.5688,-42.9283],[-70.5686,-42.9282],[-70.5683,-42.928],[-70.5681,-42.9279],[-70.5679,-42.9278],[-70.5677,-42.9276],[-70.5675,-42.9275],[-70.5673,-42.9273],[-70.5672,-42.9273],[-70.5658,-42.926],[-70.5646,-42.924],[-70.5641,-42.9223],[-70.5641,-42.9222],[-70.5641,-42.9222],[-70.5642,-42.922],[-70.5642,-42.922],[-70.5643,-42.9218],[-70.5644,-42.9216],[-70.5645,-42.9214],[-70.5646,-42.9212],[-70.5648,-42.9207],[-70.5649,-42.9206],[-70.5651,-42.9205],[-70.5653,-42.9203],[-70.5655,-42.9201],[-70.5657,-42.9199],[-70.5658,-42.9198],[-70.566,-42.9196],[-70.5662,-42.9194],[-70.5663,-42.9193],[-70.5663,-42.9192],[-70.572,-42.9152],[-70.5753,-42.9124],[-70.5783,-42.9095],[-70.5809,-42.9062],[-70.5805,-42.9026],[-70.5784,-42.8972],[-70.5762,-42.8939],[-70.5744,-42.8904],[-70.5744,-42.8903],[-70.5742,-42.8896],[-70.5742,-42.8893],[-70.5741,-42.8891],[-70.574,-42.8887],[-70.5739,-42.8881],[-70.5739,-42.888],[-70.5736,-42.887],[-70.5734,-42.8845],[-70.5733,-42.8835],[-70.5733,-42.883],[-70.5733,-42.8823],[-70.5733,-42.8816],[-70.5734,-42.8811],[-70.5737,-42.8795],[-70.5738,-42.8795],[-70.5738,-42.8795],[-70.574,-42.8791],[-70.5745,-42.8779],[-70.5747,-42.8777],[-70.5751,-42.8771],[-70.5754,-42.8767],[-70.5757,-42.8763],[-70.5759,-42.8761],[-70.576,-42.8761],[-70.576,-42.8761],[-70.5803,-42.8714],[-70.5831,-42.8683],[-70.5845,-42.8665],[-70.5856,-42.8651],[-70.5872,-42.8616],[-70.5883,-42.8579],[-70.5889,-42.8542],[-70.5885,-42.8506],[-70.5864,-42.8472],[-70.5836,-42.8441],[-70.5803,-42.8413],[-70.577,-42.8384],[-70.5739,-42.8355],[-70.5713,-42.8324],[-70.569,-42.8291],[-70.5668,-42.8257],[-70.5645,-42.8225],[-70.5619,-42.8193],[-70.5594,-42.8161],[-70.5572,-42.8127],[-70.5554,-42.8093],[-70.5543,-42.8057],[-70.5539,-42.802],[-70.5526,-42.7984],[-70.551,-42.7949],[-70.5493,-42.7914],[-70.5476,-42.7879],[-70.5459,-42.7845],[-70.5442,-42.781],[-70.5427,-42.7774],[-70.5412,-42.7739],[-70.5398,-42.7703],[-70.5384,-42.7668],[-70.5367,-42.7633],[-70.5346,-42.7599],[-70.5322,-42.7567],[-70.5295,-42.7536],[-70.5267,-42.7505],[-70.5242,-42.7473],[-70.5218,-42.7441],[-70.5202,-42.742],[-70.5192,-42.7409],[-70.5166,-42.7377],[-70.5139,-42.7346],[-70.5111,-42.7315],[-70.5081,-42.7285],[-70.5048,-42.7258],[-70.5013,-42.7231],[-70.4989,-42.7199],[-70.4959,-42.7169],[-70.4927,-42.714],[-70.4897,-42.711],[-70.4869,-42.708],[-70.484,-42.705],[-70.4807,-42.7024],[-70.4805,-42.7023],[-70.4771,-42.6996],[-70.4768,-42.6993],[-70.4744,-42.6965],[-70.4719,-42.6932],[-70.4689,-42.6903],[-70.4654,-42.6877],[-70.4618,-42.6851],[-70.4612,-42.6846],[-70.4587,-42.6822],[-70.4559,-42.6791],[-70.4533,-42.6759],[-70.4509,-42.6726],[-70.449,-42.6692],[-70.4472,-42.6658],[-70.4452,-42.6624],[-70.4431,-42.659],[-70.4412,-42.6555],[-70.4393,-42.652],[-70.4349,-42.6478],[-70.4306,-42.6458],[-70.4271,-42.6442],[-70.4262,-42.6439],[-70.4197,-42.641],[-70.4155,-42.6391],[-70.4092,-42.636],[-70.4052,-42.6338],[-70.4012,-42.6315],[-70.3975,-42.6292],[-70.3959,-42.6276],[-70.3938,-42.6243],[-70.3921,-42.6208],[-70.39,-42.6174],[-70.3849,-42.6134],[-70.3807,-42.6113],[-70.3763,-42.6094],[-70.3741,-42.6084],[-70.3724,-42.6072],[-70.371,-42.6057],[-70.3682,-42.6015],[-70.3638,-42.5998],[-70.3589,-42.5983],[-70.3538,-42.5967],[-70.3493,-42.596],[-70.3479,-42.5969],[-70.3475,-42.6012],[-70.3459,-42.6017],[-70.3437,-42.6014],[-70.3384,-42.5999],[-70.3359,-42.5992],[-70.3313,-42.5975],[-70.329,-42.5967],[-70.3267,-42.5963],[-70.3243,-42.5966],[-70.322,-42.5976],[-70.32,-42.5989],[-70.3194,-42.6008],[-70.3185,-42.6024],[-70.3164,-42.6034],[-70.3155,-42.6035],[-70.3139,-42.6038],[-70.3138,-42.6038],[-70.3117,-42.6037],[-70.3116,-42.6037],[-70.3113,-42.6037],[-70.3113,-42.6037],[-70.3113,-42.6037],[-70.3111,-42.6036],[-70.311,-42.6036],[-70.3109,-42.6036],[-70.3086,-42.6036],[-70.3085,-42.6037],[-70.3074,-42.6047],[-70.308,-42.6068],[-70.3081,-42.6074],[-70.3081,-42.6076],[-70.3082,-42.6087],[-70.3082,-42.6087],[-70.3079,-42.6105],[-70.306,-42.6116],[-70.306,-42.6119],[-70.306,-42.6133],[-70.3063,-42.6152],[-70.3054,-42.617],[-70.3035,-42.618],[-70.301,-42.6186],[-70.2986,-42.6195],[-70.2967,-42.6207],[-70.2954,-42.6221],[-70.2932,-42.6256],[-70.2926,-42.6274],[-70.2941,-42.6289],[-70.2941,-42.6308],[-70.2936,-42.6326],[-70.2921,-42.6339],[-70.2921,-42.6339],[-70.2898,-42.6348],[-70.2803,-42.6372],[-70.2755,-42.6384],[-70.2755,-42.6384],[-70.273,-42.639],[-70.2709,-42.6397],[-70.2663,-42.6413],[-70.2639,-42.6417],[-70.262,-42.6419],[-70.2588,-42.6419],[-70.2575,-42.6416],[-70.2541,-42.6407],[-70.2527,-42.6398],[-70.2525,-42.6397],[-70.2523,-42.6395],[-70.2509,-42.6386],[-70.2484,-42.637],[-70.2482,-42.6369],[-70.243,-42.6345],[-70.2373,-42.6327],[-70.2351,-42.6323],[-70.2347,-42.6322],[-70.2325,-42.6318],[-70.2323,-42.6317],[-70.2318,-42.6316],[-70.2278,-42.6307],[-70.2238,-42.6284],[-70.2198,-42.6261],[-70.2152,-42.6247],[-70.2103,-42.624],[-70.2053,-42.6236],[-70.1978,-42.6236],[-70.1927,-42.6239],[-70.1878,-42.6245],[-70.1806,-42.6261],[-70.1757,-42.6271],[-70.1683,-42.6277],[-70.1633,-42.6281],[-70.1583,-42.6283],[-70.1533,-42.6287],[-70.1483,-42.6293],[-70.1435,-42.6302],[-70.1363,-42.6317],[-70.1314,-42.6326],[-70.1265,-42.6336],[-70.1217,-42.6345],[-70.1169,-42.6355],[-70.1096,-42.637],[-70.1049,-42.6382],[-70.0978,-42.6402],[-70.0974,-42.6404],[-70.0943,-42.6417],[-70.0913,-42.6429],[-70.0878,-42.6456],[-70.084,-42.648],[-70.0801,-42.6503],[-70.0759,-42.6524],[-70.072,-42.6547],[-70.0668,-42.6587],[-70.0636,-42.6615],[-70.0603,-42.6643],[-70.0553,-42.6686],[-70.0513,-42.6707],[-70.0465,-42.6719],[-70.0418,-42.673],[-70.0293,-42.6735],[-70.0242,-42.6736],[-70.017,-42.6725],[-70.0137,-42.6696],[-70.0112,-42.6665],[-70.0088,-42.6632],[-70.0063,-42.66],[-70.0027,-42.6551],[-70.0009,-42.6516],[-69.9974,-42.649],[-69.9934,-42.6467],[-69.9903,-42.6439],[-69.9887,-42.6407],[-69.9839,-42.6393],[-69.9764,-42.6384],[-69.9713,-42.638],[-69.9645,-42.6362],[-69.9613,-42.6331],[-69.9571,-42.6316],[-69.952,-42.632],[-69.9473,-42.6334],[-69.9426,-42.6347],[-69.9377,-42.6352],[-69.9302,-42.636],[-69.9252,-42.6366],[-69.9178,-42.637],[-69.9129,-42.6364],[-69.9079,-42.6356],[-69.9029,-42.6356],[-69.8979,-42.6358],[-69.8929,-42.636],[-69.8878,-42.6356],[-69.8833,-42.6342],[-69.8795,-42.6318],[-69.8739,-42.628],[-69.8673,-42.6252],[-69.8626,-42.6239],[-69.8551,-42.6236],[-69.8475,-42.6244],[-69.8431,-42.6258],[-69.8393,-42.6285],[-69.8349,-42.6301],[-69.83,-42.6311],[-69.8251,-42.6322],[-69.8206,-42.6337],[-69.8181,-42.6368],[-69.8159,-42.6402],[-69.8123,-42.6429],[-69.808,-42.6448],[-69.8032,-42.6452],[-69.798,-42.6449],[-69.7933,-42.6459],[-69.7888,-42.6476],[-69.7845,-42.6496],[-69.7802,-42.6515],[-69.776,-42.6536],[-69.772,-42.6558],[-69.7688,-42.6586],[-69.7658,-42.6616],[-69.7621,-42.664],[-69.7582,-42.6664],[-69.7548,-42.6691],[-69.752,-42.6722],[-69.7487,-42.675],[-69.7449,-42.6775],[-69.7408,-42.6797],[-69.7364,-42.6814],[-69.7317,-42.6825],[-69.7267,-42.6832],[-69.7217,-42.6837],[-69.7167,-42.684],[-69.7117,-42.684],[-69.7066,-42.684],[-69.7016,-42.6841],[-69.6966,-42.6841],[-69.6915,-42.684],[-69.6865,-42.6838],[-69.6815,-42.6834],[-69.6768,-42.6823],[-69.6725,-42.6802],[-69.6678,-42.6796],[-69.6627,-42.6797],[-69.6577,-42.6802],[-69.6527,-42.6809],[-69.6479,-42.6819],[-69.6431,-42.6831],[-69.6384,-42.6843],[-69.6335,-42.6852],[-69.6286,-42.686],[-69.6274,-42.6861],[-69.6236,-42.6865],[-69.6185,-42.6864],[-69.6136,-42.6867],[-69.609,-42.688],[-69.6045,-42.6897],[-69.6001,-42.6916],[-69.596,-42.6937],[-69.5921,-42.6961],[-69.5886,-42.6987],[-69.585,-42.7013],[-69.5814,-42.7039],[-69.5777,-42.7064],[-69.5736,-42.7086],[-69.5708,-42.7102],[-69.5696,-42.7109],[-69.5662,-42.7135],[-69.5637,-42.7166],[-69.5616,-42.7201],[-69.5594,-42.7234],[-69.5571,-42.7267],[-69.5558,-42.7287],[-69.5549,-42.73],[-69.5547,-42.7303],[-69.5526,-42.7333],[-69.5505,-42.7367],[-69.5483,-42.74],[-69.5455,-42.7431],[-69.5427,-42.7462],[-69.5406,-42.7495],[-69.5396,-42.7532],[-69.5391,-42.7569],[-69.5384,-42.7606],[-69.5372,-42.7642],[-69.535,-42.7675],[-69.5326,-42.7707],[-69.53,-42.7739],[-69.5272,-42.777],[-69.5242,-42.7799],[-69.5208,-42.7827],[-69.5173,-42.7854],[-69.5141,-42.7882],[-69.511,-42.7911],[-69.5053,-42.7968]]]]},"geometry_name":"geom","properties":{"departamen":"Languineo","cabecera":"Tecka","superficie":"14.788,67"},"bbox":[-71.7635,-43.9398,-69.5053,-42.596]},{"type":"Feature","id":"departamentos.15","geometry":{"type":"MultiPolygon","coordinates":[[[[-67.0814,-45.0352],[-67.0799,-45.0463],[-66.603,-45.0434],[-66.603,-45.0434],[-66.5445,-45.0431],[-66.5445,-45.0431],[-66.4092,-45.0423],[-66.4065,-45.0422],[-66.3665,-45.042],[-66.3674,-45.0423],[-66.3686,-45.043],[-66.3696,-45.0441],[-66.3698,-45.0449],[-66.3696,-45.0452],[-66.3691,-45.0455],[-66.3684,-45.0456],[-66.3679,-45.0457],[-66.3678,-45.0461],[-66.3684,-45.0462],[-66.369,-45.0463],[-66.3696,-45.0465],[-66.3704,-45.0467],[-66.371,-45.0467],[-66.3718,-45.0473],[-66.3721,-45.0483],[-66.3719,-45.0488],[-66.371,-45.0493],[-66.3706,-45.0494],[-66.3706,-45.0494],[-66.3708,-45.0495],[-66.3712,-45.0494],[-66.3717,-45.0493],[-66.3726,-45.0491],[-66.3734,-45.0495],[-66.3742,-45.0502],[-66.3746,-45.0515],[-66.3746,-45.0529],[-66.3746,-45.0537],[-66.3748,-45.055],[-66.3747,-45.0559],[-66.3741,-45.0569],[-66.373,-45.0576],[-66.3707,-45.0586],[-66.3685,-45.0594],[-66.3674,-45.0598],[-66.3662,-45.0603],[-66.3648,-45.0606],[-66.3639,-45.0609],[-66.3636,-45.0612],[-66.3633,-45.0616],[-66.3636,-45.0617],[-66.3642,-45.0617],[-66.3651,-45.0615],[-66.3656,-45.0613],[-66.3663,-45.0614],[-66.3663,-45.0614],[-66.3673,-45.0613],[-66.3683,-45.0609],[-66.3686,-45.0607],[-66.3688,-45.0605],[-66.3701,-45.0602],[-66.3709,-45.0598],[-66.3717,-45.0593],[-66.3725,-45.0592],[-66.3735,-45.059],[-66.3742,-45.0589],[-66.3745,-45.0586],[-66.375,-45.0583],[-66.3757,-45.0583],[-66.3764,-45.0579],[-66.377,-45.0577],[-66.3785,-45.0573],[-66.3797,-45.057],[-66.3811,-45.0565],[-66.3812,-45.0565],[-66.3823,-45.0561],[-66.383,-45.0561],[-66.3841,-45.056],[-66.3853,-45.0559],[-66.3861,-45.0556],[-66.3864,-45.0555],[-66.3865,-45.0555],[-66.3861,-45.0549],[-66.3862,-45.054],[-66.3873,-45.053],[-66.3879,-45.0527],[-66.3889,-45.0523],[-66.3911,-45.0521],[-66.3921,-45.0521],[-66.3943,-45.0524],[-66.3952,-45.0527],[-66.3959,-45.0531],[-66.3961,-45.0533],[-66.3964,-45.0532],[-66.3966,-45.0535],[-66.3967,-45.0536],[-66.3973,-45.0536],[-66.3982,-45.0533],[-66.3985,-45.0531],[-66.4008,-45.054],[-66.4032,-45.0552],[-66.4057,-45.0565],[-66.4073,-45.0575],[-66.4082,-45.0583],[-66.4088,-45.0591],[-66.409,-45.0597],[-66.4088,-45.0604],[-66.4083,-45.0607],[-66.4081,-45.0611],[-66.4082,-45.0614],[-66.4084,-45.0618],[-66.409,-45.0619],[-66.41,-45.062],[-66.411,-45.062],[-66.4123,-45.0619],[-66.4139,-45.0622],[-66.4156,-45.0629],[-66.4168,-45.0635],[-66.4177,-45.0641],[-66.4193,-45.0649],[-66.4205,-45.0656],[-66.4216,-45.0665],[-66.4225,-45.0673],[-66.4226,-45.0681],[-66.4223,-45.0685],[-66.4222,-45.0689],[-66.4226,-45.0693],[-66.4233,-45.0695],[-66.4243,-45.0697],[-66.425,-45.07],[-66.4256,-45.0706],[-66.4263,-45.0708],[-66.4264,-45.0709],[-66.4266,-45.0711],[-66.4271,-45.0711],[-66.4275,-45.0708],[-66.4276,-45.0708],[-66.4291,-45.0704],[-66.4311,-45.0706],[-66.4325,-45.0711],[-66.4335,-45.0719],[-66.4334,-45.0724],[-66.4334,-45.0728],[-66.4338,-45.0729],[-66.4343,-45.0729],[-66.4352,-45.0728],[-66.4363,-45.0728],[-66.4381,-45.0733],[-66.4392,-45.0736],[-66.4402,-45.0738],[-66.4404,-45.0739],[-66.441,-45.0743],[-66.441,-45.0743],[-66.4418,-45.0743],[-66.4427,-45.0739],[-66.4432,-45.0736],[-66.4438,-45.073],[-66.4441,-45.0728],[-66.4443,-45.0727],[-66.4447,-45.0725],[-66.4461,-45.0727],[-66.4469,-45.0722],[-66.4483,-45.0722],[-66.4513,-45.0726],[-66.4534,-45.073],[-66.4551,-45.0735],[-66.4562,-45.074],[-66.4576,-45.0744],[-66.4601,-45.075],[-66.463,-45.0758],[-66.4653,-45.0767],[-66.4676,-45.0779],[-66.4717,-45.08],[-66.4745,-45.0818],[-66.4772,-45.0837],[-66.4795,-45.0852],[-66.4806,-45.0859],[-66.4817,-45.0868],[-66.4821,-45.0875],[-66.482,-45.0881],[-66.4815,-45.0885],[-66.4814,-45.089],[-66.482,-45.0898],[-66.4819,-45.0907],[-66.4819,-45.0915],[-66.4816,-45.0922],[-66.4817,-45.0926],[-66.4817,-45.0927],[-66.4822,-45.0932],[-66.483,-45.0931],[-66.4835,-45.0928],[-66.4838,-45.0925],[-66.484,-45.0924],[-66.4851,-45.0924],[-66.4864,-45.0927],[-66.4867,-45.0927],[-66.4872,-45.0925],[-66.488,-45.0928],[-66.4892,-45.0933],[-66.4897,-45.0932],[-66.4917,-45.0945],[-66.493,-45.0959],[-66.4938,-45.097],[-66.494,-45.0977],[-66.4937,-45.0978],[-66.4933,-45.098],[-66.4933,-45.0983],[-66.4933,-45.0983],[-66.4936,-45.0985],[-66.4947,-45.0982],[-66.4952,-45.0981],[-66.4958,-45.0978],[-66.4961,-45.0977],[-66.4968,-45.0973],[-66.4975,-45.0973],[-66.4989,-45.0976],[-66.4993,-45.0979],[-66.4998,-45.0982],[-66.5002,-45.0985],[-66.5007,-45.0985],[-66.5013,-45.0983],[-66.5015,-45.0979],[-66.5018,-45.097],[-66.5024,-45.0966],[-66.5024,-45.0966],[-66.5033,-45.0963],[-66.5048,-45.0962],[-66.5058,-45.0964],[-66.506,-45.0966],[-66.5064,-45.0969],[-66.5068,-45.0969],[-66.5076,-45.0965],[-66.508,-45.0963],[-66.5085,-45.0963],[-66.5095,-45.0963],[-66.5098,-45.096],[-66.5101,-45.0959],[-66.5106,-45.0957],[-66.5111,-45.0956],[-66.5113,-45.0955],[-66.5115,-45.0954],[-66.5124,-45.0952],[-66.5137,-45.0957],[-66.5154,-45.0964],[-66.5171,-45.0969],[-66.5187,-45.098],[-66.5203,-45.0997],[-66.5218,-45.1017],[-66.5234,-45.1038],[-66.524,-45.105],[-66.5242,-45.1058],[-66.5252,-45.1065],[-66.5263,-45.1068],[-66.5283,-45.1085],[-66.5295,-45.1092],[-66.5307,-45.1102],[-66.5316,-45.1115],[-66.5327,-45.1131],[-66.5335,-45.1147],[-66.5339,-45.1155],[-66.5346,-45.1173],[-66.5351,-45.1188],[-66.5352,-45.1213],[-66.5354,-45.1229],[-66.5354,-45.1248],[-66.5358,-45.1277],[-66.5359,-45.1297],[-66.5358,-45.1313],[-66.5356,-45.133],[-66.5356,-45.1342],[-66.5353,-45.1355],[-66.535,-45.138],[-66.5342,-45.1402],[-66.533,-45.1424],[-66.5314,-45.1443],[-66.5288,-45.1462],[-66.5277,-45.147],[-66.5266,-45.1482],[-66.5245,-45.1492],[-66.5226,-45.1495],[-66.5213,-45.1494],[-66.5206,-45.1494],[-66.5198,-45.1485],[-66.5191,-45.1479],[-66.5187,-45.1476],[-66.5183,-45.1475],[-66.5177,-45.1472],[-66.5171,-45.147],[-66.5166,-45.1467],[-66.5159,-45.1465],[-66.5155,-45.1465],[-66.515,-45.1468],[-66.5149,-45.1468],[-66.5141,-45.1473],[-66.5132,-45.1474],[-66.5127,-45.1471],[-66.5122,-45.1471],[-66.5111,-45.1472],[-66.5098,-45.1469],[-66.5091,-45.147],[-66.5082,-45.1473],[-66.5073,-45.1476],[-66.5064,-45.1472],[-66.506,-45.147],[-66.5055,-45.1464],[-66.5047,-45.1459],[-66.5041,-45.1451],[-66.5038,-45.1448],[-66.5028,-45.1443],[-66.5024,-45.1444],[-66.5019,-45.145],[-66.5018,-45.1451],[-66.5009,-45.1451],[-66.5002,-45.145],[-66.4986,-45.145],[-66.4984,-45.145],[-66.4977,-45.1449],[-66.4975,-45.145],[-66.4969,-45.1452],[-66.4961,-45.1464],[-66.4944,-45.1474],[-66.492,-45.1481],[-66.4887,-45.1482],[-66.4879,-45.148],[-66.487,-45.1478],[-66.4866,-45.1476],[-66.4856,-45.1476],[-66.4851,-45.1473],[-66.4838,-45.1472],[-66.4827,-45.1471],[-66.4808,-45.1467],[-66.4787,-45.1463],[-66.4772,-45.1461],[-66.4752,-45.1457],[-66.4734,-45.1453],[-66.4714,-45.1449],[-66.4699,-45.1446],[-66.4698,-45.1446],[-66.4688,-45.1448],[-66.4676,-45.1447],[-66.4671,-45.1441],[-66.4664,-45.1441],[-66.4663,-45.1441],[-66.4658,-45.1439],[-66.4657,-45.1438],[-66.4651,-45.144],[-66.4648,-45.1444],[-66.4641,-45.1447],[-66.464,-45.1454],[-66.4632,-45.1461],[-66.4616,-45.1465],[-66.4601,-45.1466],[-66.459,-45.147],[-66.459,-45.1473],[-66.4593,-45.1473],[-66.4598,-45.1472],[-66.4604,-45.1471],[-66.4609,-45.1471],[-66.4606,-45.1474],[-66.4604,-45.1476],[-66.4606,-45.1479],[-66.4603,-45.1483],[-66.4605,-45.1485],[-66.4607,-45.1488],[-66.4606,-45.1492],[-66.4608,-45.1491],[-66.4615,-45.1489],[-66.4619,-45.1489],[-66.4623,-45.1488],[-66.4629,-45.149],[-66.4635,-45.1492],[-66.4635,-45.1494],[-66.464,-45.1496],[-66.4641,-45.1501],[-66.4638,-45.1504],[-66.4641,-45.1507],[-66.4639,-45.1513],[-66.4643,-45.1512],[-66.4651,-45.1515],[-66.4662,-45.1518],[-66.4671,-45.1521],[-66.4675,-45.1521],[-66.4678,-45.1521],[-66.4682,-45.1521],[-66.4687,-45.1524],[-66.469,-45.1531],[-66.4689,-45.1537],[-66.4679,-45.1541],[-66.4674,-45.1543],[-66.4679,-45.1547],[-66.4679,-45.155],[-66.4681,-45.1553],[-66.4685,-45.1552],[-66.4691,-45.1555],[-66.4692,-45.1561],[-66.469,-45.1568],[-66.4686,-45.1573],[-66.4679,-45.1576],[-66.4677,-45.1578],[-66.467,-45.1583],[-66.4667,-45.159],[-66.4669,-45.1599],[-66.4676,-45.1608],[-66.468,-45.1614],[-66.4683,-45.1617],[-66.4689,-45.1616],[-66.4697,-45.1616],[-66.4704,-45.1618],[-66.4709,-45.1616],[-66.4712,-45.1618],[-66.4714,-45.1622],[-66.4718,-45.1625],[-66.4725,-45.1631],[-66.4728,-45.1637],[-66.4729,-45.1644],[-66.4728,-45.1648],[-66.4727,-45.165],[-66.4723,-45.1653],[-66.4726,-45.1656],[-66.4732,-45.1659],[-66.4736,-45.1657],[-66.4738,-45.1655],[-66.4737,-45.165],[-66.4737,-45.165],[-66.4738,-45.1645],[-66.4744,-45.1643],[-66.4749,-45.1644],[-66.4754,-45.1648],[-66.4758,-45.1646],[-66.4759,-45.1645],[-66.4763,-45.1649],[-66.4764,-45.1653],[-66.4772,-45.1652],[-66.4781,-45.1645],[-66.4785,-45.1642],[-66.4788,-45.1639],[-66.4789,-45.1636],[-66.4797,-45.1636],[-66.4809,-45.1639],[-66.4817,-45.1642],[-66.4818,-45.1642],[-66.4824,-45.1643],[-66.4837,-45.1643],[-66.4845,-45.1642],[-66.4856,-45.1644],[-66.4862,-45.1635],[-66.4866,-45.1627],[-66.4873,-45.1623],[-66.4879,-45.1623],[-66.4884,-45.1617],[-66.4892,-45.1613],[-66.4905,-45.1613],[-66.491,-45.1613],[-66.4914,-45.1611],[-66.4918,-45.1607],[-66.4918,-45.1606],[-66.4918,-45.1605],[-66.4919,-45.1598],[-66.4926,-45.1591],[-66.4927,-45.1591],[-66.4932,-45.1588],[-66.4939,-45.1593],[-66.4939,-45.1602],[-66.4935,-45.1608],[-66.4942,-45.1612],[-66.4942,-45.1619],[-66.4938,-45.1626],[-66.4926,-45.1636],[-66.4922,-45.1638],[-66.4921,-45.1646],[-66.4914,-45.1652],[-66.4912,-45.1658],[-66.4907,-45.1662],[-66.4906,-45.1667],[-66.4909,-45.1668],[-66.4911,-45.1668],[-66.4919,-45.1668],[-66.4926,-45.167],[-66.4934,-45.1668],[-66.4935,-45.166],[-66.4931,-45.1656],[-66.4932,-45.1652],[-66.4932,-45.165],[-66.4936,-45.1647],[-66.4942,-45.1645],[-66.4943,-45.1645],[-66.4948,-45.1648],[-66.4951,-45.1647],[-66.4952,-45.1647],[-66.4956,-45.1643],[-66.4963,-45.1644],[-66.498,-45.1643],[-66.4986,-45.1645],[-66.4994,-45.1647],[-66.5002,-45.1647],[-66.5009,-45.1643],[-66.5011,-45.1642],[-66.5025,-45.1639],[-66.5041,-45.1644],[-66.5047,-45.1649],[-66.5049,-45.165],[-66.5056,-45.165],[-66.5063,-45.1648],[-66.5068,-45.1645],[-66.507,-45.1639],[-66.5074,-45.163],[-66.5075,-45.1616],[-66.5076,-45.1611],[-66.5075,-45.1606],[-66.5074,-45.1601],[-66.5076,-45.1595],[-66.5081,-45.1592],[-66.5084,-45.1592],[-66.5088,-45.1589],[-66.5099,-45.1583],[-66.5107,-45.1582],[-66.5101,-45.1579],[-66.5098,-45.1576],[-66.509,-45.1575],[-66.5085,-45.1575],[-66.5075,-45.1572],[-66.5073,-45.1568],[-66.5076,-45.1565],[-66.5084,-45.1562],[-66.5087,-45.1554],[-66.5093,-45.1545],[-66.5102,-45.154],[-66.5115,-45.1535],[-66.5127,-45.1532],[-66.5136,-45.1526],[-66.5146,-45.1521],[-66.5149,-45.1521],[-66.516,-45.1518],[-66.5167,-45.1525],[-66.5169,-45.1518],[-66.5171,-45.1515],[-66.518,-45.1517],[-66.5189,-45.1519],[-66.52,-45.1519],[-66.5206,-45.1517],[-66.5212,-45.1519],[-66.5221,-45.1518],[-66.5224,-45.1519],[-66.5231,-45.1519],[-66.5243,-45.1514],[-66.5245,-45.1513],[-66.526,-45.1511],[-66.5278,-45.1507],[-66.5305,-45.1508],[-66.5319,-45.1504],[-66.5335,-45.15],[-66.5345,-45.15],[-66.5362,-45.1502],[-66.5374,-45.1503],[-66.5385,-45.1504],[-66.5385,-45.1505],[-66.5389,-45.1508],[-66.539,-45.1512],[-66.5382,-45.1512],[-66.538,-45.1512],[-66.5383,-45.1515],[-66.5383,-45.1515],[-66.5391,-45.1519],[-66.5395,-45.1523],[-66.5397,-45.1528],[-66.5403,-45.1529],[-66.5404,-45.1523],[-66.5408,-45.1517],[-66.5411,-45.1499],[-66.5421,-45.1479],[-66.5442,-45.1452],[-66.5459,-45.1435],[-66.5479,-45.1426],[-66.5487,-45.1421],[-66.5489,-45.1418],[-66.5485,-45.1414],[-66.5475,-45.141],[-66.5462,-45.1405],[-66.5459,-45.1399],[-66.546,-45.139],[-66.546,-45.1383],[-66.546,-45.1376],[-66.5461,-45.1375],[-66.5467,-45.1369],[-66.5474,-45.1367],[-66.5485,-45.137],[-66.5491,-45.1375],[-66.5494,-45.1381],[-66.5499,-45.1385],[-66.5504,-45.1388],[-66.5513,-45.1392],[-66.5521,-45.1398],[-66.5532,-45.1398],[-66.5542,-45.1406],[-66.5549,-45.141],[-66.5555,-45.1416],[-66.5568,-45.1418],[-66.5579,-45.1415],[-66.5584,-45.141],[-66.5595,-45.1411],[-66.5595,-45.1424],[-66.5599,-45.1427],[-66.56,-45.1427],[-66.5606,-45.1425],[-66.561,-45.1421],[-66.5621,-45.1422],[-66.5625,-45.1422],[-66.5632,-45.1422],[-66.5635,-45.1421],[-66.5641,-45.1419],[-66.5655,-45.1419],[-66.5662,-45.1424],[-66.5664,-45.143],[-66.5664,-45.1432],[-66.5669,-45.1435],[-66.5678,-45.1436],[-66.5687,-45.1432],[-66.5693,-45.1429],[-66.5697,-45.1428],[-66.5702,-45.143],[-66.5704,-45.143],[-66.5714,-45.1433],[-66.5725,-45.143],[-66.5733,-45.1428],[-66.574,-45.1423],[-66.5746,-45.1423],[-66.5752,-45.142],[-66.5749,-45.1416],[-66.5756,-45.1408],[-66.5764,-45.1405],[-66.5765,-45.1405],[-66.5777,-45.1403],[-66.5786,-45.1403],[-66.5798,-45.14],[-66.5801,-45.1403],[-66.5802,-45.1407],[-66.5804,-45.141],[-66.5804,-45.1411],[-66.5807,-45.1418],[-66.5807,-45.1425],[-66.5803,-45.1425],[-66.5795,-45.1424],[-66.5797,-45.143],[-66.5797,-45.1434],[-66.5798,-45.1435],[-66.5802,-45.1435],[-66.5806,-45.143],[-66.5812,-45.1423],[-66.582,-45.1415],[-66.5829,-45.1408],[-66.5833,-45.1402],[-66.5843,-45.1395],[-66.5855,-45.1391],[-66.5867,-45.1389],[-66.5873,-45.1391],[-66.5877,-45.139],[-66.5885,-45.1389],[-66.5892,-45.1386],[-66.5901,-45.1384],[-66.5907,-45.1382],[-66.5909,-45.1382],[-66.5913,-45.138],[-66.592,-45.1378],[-66.5933,-45.138],[-66.5946,-45.1387],[-66.5961,-45.1392],[-66.5963,-45.1393],[-66.5968,-45.1394],[-66.5973,-45.1395],[-66.5981,-45.139],[-66.5988,-45.139],[-66.5997,-45.1394],[-66.6007,-45.1405],[-66.6009,-45.1418],[-66.6007,-45.1422],[-66.601,-45.1425],[-66.6018,-45.1427],[-66.6022,-45.1434],[-66.6023,-45.1445],[-66.6015,-45.145],[-66.6009,-45.1453],[-66.6016,-45.1457],[-66.6025,-45.1462],[-66.6027,-45.147],[-66.6024,-45.1478],[-66.6019,-45.1485],[-66.6009,-45.1488],[-66.6004,-45.1485],[-66.5999,-45.149],[-66.5999,-45.1498],[-66.5994,-45.1504],[-66.599,-45.151],[-66.5982,-45.1514],[-66.5971,-45.1515],[-66.5969,-45.152],[-66.5968,-45.153],[-66.5966,-45.1538],[-66.5961,-45.1543],[-66.5953,-45.1547],[-66.5943,-45.1554],[-66.5932,-45.1561],[-66.5922,-45.1567],[-66.5917,-45.1571],[-66.5914,-45.1576],[-66.5906,-45.1581],[-66.5892,-45.1578],[-66.5892,-45.1578],[-66.5878,-45.157],[-66.587,-45.1569],[-66.5864,-45.157],[-66.5856,-45.157],[-66.5855,-45.157],[-66.5844,-45.157],[-66.5844,-45.1571],[-66.5854,-45.1576],[-66.586,-45.1579],[-66.5863,-45.1584],[-66.5863,-45.159],[-66.5857,-45.1593],[-66.5858,-45.1595],[-66.5869,-45.1596],[-66.588,-45.1599],[-66.5883,-45.16],[-66.5893,-45.1601],[-66.5907,-45.1601],[-66.5914,-45.16],[-66.5917,-45.1599],[-66.5925,-45.1599],[-66.5935,-45.1599],[-66.5946,-45.1601],[-66.5946,-45.1603],[-66.5954,-45.1606],[-66.5963,-45.1608],[-66.5977,-45.161],[-66.5985,-45.1613],[-66.5992,-45.1617],[-66.5997,-45.1627],[-66.5995,-45.1643],[-66.5994,-45.1652],[-66.5987,-45.1658],[-66.5976,-45.1659],[-66.5969,-45.1666],[-66.5964,-45.1673],[-66.5959,-45.1686],[-66.5957,-45.1692],[-66.5955,-45.1696],[-66.5955,-45.1702],[-66.5952,-45.1708],[-66.5945,-45.1716],[-66.5936,-45.172],[-66.5931,-45.1719],[-66.5922,-45.1717],[-66.5918,-45.1719],[-66.5916,-45.1722],[-66.5914,-45.1725],[-66.5909,-45.1726],[-66.5904,-45.1723],[-66.59,-45.1722],[-66.5898,-45.1724],[-66.5897,-45.1727],[-66.589,-45.1731],[-66.5896,-45.1735],[-66.5894,-45.1742],[-66.5889,-45.1747],[-66.5882,-45.1751],[-66.5869,-45.1745],[-66.5868,-45.1745],[-66.5863,-45.1743],[-66.5857,-45.1743],[-66.5855,-45.1736],[-66.5858,-45.1733],[-66.5866,-45.1731],[-66.587,-45.173],[-66.587,-45.1727],[-66.5869,-45.1725],[-66.5861,-45.1729],[-66.5852,-45.1734],[-66.5844,-45.1733],[-66.5836,-45.1732],[-66.5837,-45.1729],[-66.5831,-45.1725],[-66.5819,-45.1714],[-66.5811,-45.1703],[-66.5807,-45.1691],[-66.5809,-45.1688],[-66.5811,-45.1685],[-66.5812,-45.168],[-66.5817,-45.1674],[-66.582,-45.1672],[-66.5818,-45.1668],[-66.5813,-45.1667],[-66.5805,-45.1668],[-66.5801,-45.1673],[-66.5791,-45.1681],[-66.5788,-45.1682],[-66.5781,-45.1685],[-66.5772,-45.1686],[-66.5767,-45.1687],[-66.5765,-45.1684],[-66.5761,-45.1686],[-66.5755,-45.1685],[-66.5752,-45.1684],[-66.5748,-45.1681],[-66.5745,-45.1681],[-66.5744,-45.1682],[-66.5741,-45.1686],[-66.5732,-45.1693],[-66.5727,-45.1698],[-66.5721,-45.1705],[-66.5713,-45.1706],[-66.5708,-45.1704],[-66.5699,-45.1711],[-66.5691,-45.1712],[-66.5684,-45.1718],[-66.5675,-45.1721],[-66.5669,-45.1723],[-66.5667,-45.1729],[-66.5672,-45.1732],[-66.5681,-45.173],[-66.5685,-45.1731],[-66.5685,-45.1736],[-66.5688,-45.174],[-66.5683,-45.1745],[-66.5686,-45.1749],[-66.569,-45.1751],[-66.5696,-45.1756],[-66.5694,-45.1767],[-66.5683,-45.1775],[-66.5677,-45.1777],[-66.5668,-45.1776],[-66.5665,-45.1774],[-66.5662,-45.1771],[-66.5659,-45.1773],[-66.5658,-45.1773],[-66.5662,-45.178],[-66.5661,-45.1788],[-66.5659,-45.1793],[-66.5652,-45.1796],[-66.564,-45.1799],[-66.5629,-45.1799],[-66.5623,-45.1794],[-66.5617,-45.1797],[-66.5613,-45.1801],[-66.5604,-45.1793],[-66.56,-45.1787],[-66.559,-45.1783],[-66.5588,-45.1781],[-66.5585,-45.1782],[-66.5579,-45.1784],[-66.5578,-45.1785],[-66.5575,-45.1787],[-66.5571,-45.179],[-66.556,-45.179],[-66.5551,-45.1787],[-66.5542,-45.1783],[-66.5535,-45.1777],[-66.5535,-45.1772],[-66.5533,-45.1771],[-66.5529,-45.1773],[-66.5524,-45.1779],[-66.5519,-45.1783],[-66.5507,-45.1787],[-66.5497,-45.1785],[-66.5496,-45.1783],[-66.5493,-45.1781],[-66.5486,-45.1782],[-66.5481,-45.1784],[-66.5476,-45.1786],[-66.5463,-45.1787],[-66.5449,-45.1788],[-66.5457,-45.1783],[-66.5466,-45.1779],[-66.5467,-45.1778],[-66.5461,-45.1777],[-66.5461,-45.1777],[-66.546,-45.1778],[-66.5453,-45.1781],[-66.5452,-45.1782],[-66.5435,-45.1787],[-66.5424,-45.1787],[-66.542,-45.1784],[-66.5411,-45.1776],[-66.5401,-45.1765],[-66.539,-45.1759],[-66.5377,-45.1755],[-66.5369,-45.1753],[-66.5365,-45.1752],[-66.5361,-45.1754],[-66.5361,-45.1754],[-66.5361,-45.176],[-66.5363,-45.1767],[-66.5364,-45.1774],[-66.5366,-45.1781],[-66.5371,-45.1787],[-66.5375,-45.1788],[-66.538,-45.179],[-66.5397,-45.1788],[-66.5405,-45.1788],[-66.5412,-45.1798],[-66.5405,-45.1813],[-66.5398,-45.1818],[-66.5389,-45.182],[-66.5381,-45.1825],[-66.5369,-45.1823],[-66.5356,-45.1819],[-66.5347,-45.1817],[-66.535,-45.1814],[-66.535,-45.181],[-66.5342,-45.1809],[-66.534,-45.1813],[-66.5342,-45.1816],[-66.5337,-45.1821],[-66.5341,-45.1825],[-66.5341,-45.183],[-66.5337,-45.1835],[-66.5336,-45.1839],[-66.5329,-45.1844],[-66.5318,-45.1849],[-66.5305,-45.1851],[-66.5297,-45.1854],[-66.5292,-45.1858],[-66.528,-45.1866],[-66.5279,-45.1872],[-66.5285,-45.1883],[-66.5287,-45.1888],[-66.5285,-45.1893],[-66.5285,-45.1897],[-66.5282,-45.1905],[-66.5282,-45.191],[-66.5278,-45.192],[-66.5273,-45.1927],[-66.5265,-45.1929],[-66.5258,-45.1929],[-66.525,-45.1923],[-66.525,-45.1923],[-66.5246,-45.1924],[-66.5243,-45.1924],[-66.5239,-45.1924],[-66.5226,-45.1923],[-66.5216,-45.1924],[-66.5209,-45.1926],[-66.5204,-45.1928],[-66.5202,-45.1934],[-66.5202,-45.1937],[-66.5206,-45.1938],[-66.5212,-45.194],[-66.5215,-45.1943],[-66.5221,-45.1943],[-66.5224,-45.1948],[-66.5225,-45.1953],[-66.5222,-45.1957],[-66.5217,-45.1958],[-66.5216,-45.1965],[-66.5212,-45.1968],[-66.5204,-45.1968],[-66.5199,-45.197],[-66.5193,-45.1975],[-66.5187,-45.1978],[-66.518,-45.1976],[-66.5174,-45.1975],[-66.5171,-45.1971],[-66.5171,-45.1971],[-66.5166,-45.1973],[-66.5158,-45.1975],[-66.5156,-45.1976],[-66.5153,-45.1974],[-66.5146,-45.1969],[-66.5141,-45.1968],[-66.5138,-45.1971],[-66.5139,-45.1972],[-66.514,-45.1977],[-66.514,-45.1992],[-66.5142,-45.1994],[-66.5146,-45.1995],[-66.5151,-45.1995],[-66.5154,-45.1998],[-66.5157,-45.1999],[-66.5161,-45.1999],[-66.5163,-45.2003],[-66.5165,-45.2007],[-66.516,-45.2009],[-66.5157,-45.2011],[-66.5156,-45.2015],[-66.5162,-45.2016],[-66.5168,-45.2018],[-66.5173,-45.2022],[-66.5175,-45.2026],[-66.5177,-45.2024],[-66.5183,-45.2024],[-66.5186,-45.2026],[-66.5191,-45.2025],[-66.5195,-45.2024],[-66.5198,-45.2027],[-66.5196,-45.2031],[-66.5192,-45.2037],[-66.5193,-45.204],[-66.5194,-45.2042],[-66.5198,-45.2045],[-66.52,-45.2046],[-66.5205,-45.2044],[-66.5207,-45.2043],[-66.5211,-45.204],[-66.5214,-45.2039],[-66.5217,-45.2036],[-66.5222,-45.2039],[-66.522,-45.2042],[-66.5221,-45.2045],[-66.5224,-45.2045],[-66.5226,-45.2043],[-66.523,-45.2045],[-66.5236,-45.2046],[-66.5239,-45.2048],[-66.5242,-45.2049],[-66.5246,-45.205],[-66.525,-45.2056],[-66.525,-45.2067],[-66.5248,-45.2076],[-66.5246,-45.2081],[-66.5242,-45.2084],[-66.5235,-45.2082],[-66.5228,-45.2082],[-66.5225,-45.2083],[-66.5229,-45.2086],[-66.5235,-45.2085],[-66.524,-45.2087],[-66.5243,-45.2092],[-66.5237,-45.2095],[-66.5232,-45.2098],[-66.5226,-45.2105],[-66.522,-45.211],[-66.5222,-45.2111],[-66.5219,-45.2116],[-66.5209,-45.2125],[-66.5204,-45.2128],[-66.5201,-45.2132],[-66.5196,-45.2136],[-66.5197,-45.2138],[-66.5199,-45.2144],[-66.52,-45.2147],[-66.5202,-45.2151],[-66.5198,-45.2155],[-66.5196,-45.2161],[-66.5194,-45.2167],[-66.5198,-45.2171],[-66.5203,-45.2173],[-66.5209,-45.2174],[-66.5213,-45.2172],[-66.5216,-45.2177],[-66.5209,-45.2181],[-66.5204,-45.2187],[-66.5194,-45.2192],[-66.5187,-45.22],[-66.5178,-45.2207],[-66.5181,-45.2207],[-66.5178,-45.2213],[-66.5177,-45.2217],[-66.518,-45.2221],[-66.5183,-45.2226],[-66.5187,-45.2229],[-66.519,-45.223],[-66.5194,-45.2227],[-66.5198,-45.2229],[-66.5202,-45.223],[-66.5206,-45.2232],[-66.521,-45.2233],[-66.5214,-45.2233],[-66.5224,-45.2233],[-66.5224,-45.2231],[-66.5224,-45.2231],[-66.5225,-45.2229],[-66.5223,-45.2225],[-66.5225,-45.2223],[-66.5228,-45.2226],[-66.5231,-45.2225],[-66.5234,-45.2226],[-66.5234,-45.2226],[-66.5238,-45.2227],[-66.5239,-45.2226],[-66.5239,-45.2223],[-66.5239,-45.2223],[-66.5239,-45.2223],[-66.5244,-45.2224],[-66.5247,-45.2223],[-66.5247,-45.222],[-66.525,-45.2222],[-66.5255,-45.2223],[-66.5258,-45.2222],[-66.5255,-45.2217],[-66.5259,-45.2217],[-66.5262,-45.2218],[-66.5271,-45.2218],[-66.5269,-45.2215],[-66.5269,-45.2213],[-66.5272,-45.2215],[-66.5275,-45.2215],[-66.528,-45.2211],[-66.5284,-45.2212],[-66.5285,-45.2214],[-66.5288,-45.2214],[-66.5289,-45.2215],[-66.529,-45.2216],[-66.5294,-45.2217],[-66.53,-45.2216],[-66.5304,-45.2215],[-66.5307,-45.221],[-66.5311,-45.2211],[-66.5313,-45.2208],[-66.5313,-45.2205],[-66.5317,-45.2204],[-66.5319,-45.2203],[-66.5319,-45.2204],[-66.5319,-45.2205],[-66.5323,-45.2205],[-66.5327,-45.2205],[-66.5333,-45.2202],[-66.5336,-45.2203],[-66.5347,-45.2204],[-66.5354,-45.2206],[-66.5358,-45.2212],[-66.536,-45.2216],[-66.5357,-45.2221],[-66.5355,-45.2223],[-66.5359,-45.2226],[-66.5361,-45.2227],[-66.5365,-45.2229],[-66.5366,-45.2231],[-66.5368,-45.2236],[-66.5366,-45.2238],[-66.5364,-45.2239],[-66.5366,-45.2243],[-66.537,-45.2243],[-66.5374,-45.2244],[-66.5374,-45.2244],[-66.5375,-45.2247],[-66.5377,-45.225],[-66.5379,-45.225],[-66.5383,-45.2247],[-66.5384,-45.2245],[-66.5385,-45.2244],[-66.5386,-45.2241],[-66.5389,-45.2238],[-66.5393,-45.2242],[-66.5396,-45.2244],[-66.5401,-45.2245],[-66.5405,-45.2244],[-66.5408,-45.2247],[-66.5411,-45.2247],[-66.5412,-45.2247],[-66.5412,-45.2251],[-66.5415,-45.2252],[-66.5422,-45.2251],[-66.5429,-45.2251],[-66.5432,-45.2247],[-66.5435,-45.2239],[-66.5437,-45.2236],[-66.5438,-45.223],[-66.5438,-45.2229],[-66.5443,-45.2224],[-66.5447,-45.2227],[-66.5448,-45.2228],[-66.5453,-45.2229],[-66.546,-45.2228],[-66.547,-45.2226],[-66.5476,-45.2224],[-66.5479,-45.2222],[-66.5486,-45.2219],[-66.5493,-45.2217],[-66.5496,-45.2213],[-66.5498,-45.2212],[-66.5502,-45.221],[-66.5504,-45.221],[-66.5509,-45.2207],[-66.5514,-45.2208],[-66.5513,-45.2205],[-66.552,-45.2203],[-66.5523,-45.2201],[-66.5531,-45.2203],[-66.5533,-45.2202],[-66.5526,-45.2197],[-66.5517,-45.2197],[-66.5521,-45.2189],[-66.5515,-45.2183],[-66.5512,-45.2177],[-66.5518,-45.2171],[-66.5515,-45.2167],[-66.5509,-45.2164],[-66.5506,-45.2158],[-66.5508,-45.215],[-66.5513,-45.2145],[-66.552,-45.2141],[-66.5528,-45.2137],[-66.5532,-45.2136],[-66.5545,-45.2132],[-66.5556,-45.2132],[-66.5569,-45.2134],[-66.5574,-45.214],[-66.5571,-45.2145],[-66.557,-45.2146],[-66.5569,-45.215],[-66.5575,-45.215],[-66.5587,-45.2147],[-66.5591,-45.2145],[-66.5598,-45.2143],[-66.5608,-45.2143],[-66.5612,-45.2139],[-66.5608,-45.2136],[-66.5612,-45.2134],[-66.5615,-45.2127],[-66.5621,-45.2125],[-66.5627,-45.2123],[-66.5635,-45.2124],[-66.564,-45.2125],[-66.5653,-45.2125],[-66.5665,-45.2122],[-66.5669,-45.2122],[-66.5669,-45.2122],[-66.5675,-45.212],[-66.5678,-45.2121],[-66.568,-45.2121],[-66.5681,-45.2123],[-66.5689,-45.2121],[-66.5693,-45.2119],[-66.5695,-45.2118],[-66.5698,-45.2117],[-66.5712,-45.2116],[-66.5721,-45.2115],[-66.5728,-45.2116],[-66.573,-45.2124],[-66.5729,-45.2125],[-66.5731,-45.2128],[-66.5733,-45.213],[-66.5744,-45.2133],[-66.575,-45.2129],[-66.5755,-45.2126],[-66.5758,-45.2124],[-66.5767,-45.2126],[-66.5773,-45.2125],[-66.5781,-45.2122],[-66.5785,-45.2118],[-66.5789,-45.2117],[-66.5795,-45.2116],[-66.5803,-45.2119],[-66.5805,-45.2121],[-66.5805,-45.2123],[-66.5802,-45.2128],[-66.5798,-45.2132],[-66.58,-45.2134],[-66.5808,-45.2134],[-66.5808,-45.2132],[-66.5808,-45.2127],[-66.5812,-45.2121],[-66.5814,-45.2122],[-66.5818,-45.2122],[-66.5823,-45.2122],[-66.5828,-45.212],[-66.5832,-45.2119],[-66.5835,-45.2119],[-66.584,-45.212],[-66.5837,-45.2125],[-66.5836,-45.2128],[-66.5837,-45.2129],[-66.584,-45.2131],[-66.5843,-45.2131],[-66.5845,-45.2132],[-66.5848,-45.2134],[-66.5848,-45.2136],[-66.5854,-45.2137],[-66.5858,-45.2136],[-66.5862,-45.2138],[-66.5865,-45.214],[-66.5867,-45.2145],[-66.5872,-45.215],[-66.5879,-45.215],[-66.5879,-45.215],[-66.5885,-45.2149],[-66.5891,-45.215],[-66.5898,-45.215],[-66.5901,-45.2145],[-66.5905,-45.2142],[-66.5907,-45.2139],[-66.5915,-45.2138],[-66.5926,-45.214],[-66.5937,-45.2143],[-66.5943,-45.2139],[-66.5948,-45.2142],[-66.5957,-45.2141],[-66.5965,-45.214],[-66.5974,-45.214],[-66.5975,-45.214],[-66.5984,-45.2141],[-66.5993,-45.2138],[-66.5994,-45.2138],[-66.6007,-45.2133],[-66.6012,-45.2133],[-66.602,-45.2133],[-66.6029,-45.2138],[-66.6034,-45.2139],[-66.6035,-45.2141],[-66.6035,-45.2143],[-66.6033,-45.2145],[-66.604,-45.2145],[-66.605,-45.2145],[-66.6046,-45.2142],[-66.6053,-45.2136],[-66.6063,-45.213],[-66.6069,-45.2127],[-66.6073,-45.2125],[-66.6079,-45.2126],[-66.6081,-45.2126],[-66.6083,-45.2125],[-66.6086,-45.2124],[-66.6098,-45.2121],[-66.6112,-45.212],[-66.6131,-45.2123],[-66.6143,-45.2125],[-66.6159,-45.2127],[-66.6174,-45.2128],[-66.6196,-45.2132],[-66.6214,-45.2136],[-66.6228,-45.214],[-66.6235,-45.2141],[-66.6239,-45.2144],[-66.6239,-45.2145],[-66.624,-45.2149],[-66.6243,-45.2149],[-66.6248,-45.2148],[-66.6249,-45.2147],[-66.6257,-45.2146],[-66.6271,-45.2145],[-66.6287,-45.2147],[-66.6297,-45.2149],[-66.6298,-45.215],[-66.6301,-45.2151],[-66.6305,-45.2155],[-66.6309,-45.2156],[-66.6316,-45.2152],[-66.6323,-45.2149],[-66.6328,-45.2148],[-66.6323,-45.2145],[-66.6324,-45.2141],[-66.6336,-45.2139],[-66.6347,-45.2137],[-66.6358,-45.2135],[-66.6372,-45.2132],[-66.6387,-45.2131],[-66.6404,-45.2132],[-66.6427,-45.2132],[-66.6454,-45.2132],[-66.6477,-45.2132],[-66.6488,-45.2134],[-66.6495,-45.2136],[-66.6498,-45.2143],[-66.6498,-45.2147],[-66.6499,-45.2149],[-66.65,-45.2148],[-66.6503,-45.2147],[-66.6506,-45.2147],[-66.6504,-45.2143],[-66.6504,-45.2139],[-66.6509,-45.2135],[-66.652,-45.2128],[-66.6556,-45.2119],[-66.6592,-45.2114],[-66.6592,-45.2114],[-66.662,-45.2114],[-66.6635,-45.2116],[-66.6642,-45.2117],[-66.6655,-45.2118],[-66.6676,-45.2122],[-66.6712,-45.2131],[-66.6744,-45.2139],[-66.6766,-45.2145],[-66.6793,-45.2152],[-66.6829,-45.2164],[-66.6858,-45.2175],[-66.6879,-45.2184],[-66.6892,-45.219],[-66.6925,-45.2204],[-66.6973,-45.2226],[-66.7012,-45.2236],[-66.7023,-45.2238],[-66.7053,-45.2243],[-66.7064,-45.2243],[-66.7082,-45.2241],[-66.7099,-45.2236],[-66.7119,-45.2231],[-66.7123,-45.223],[-66.7153,-45.2227],[-66.7169,-45.2226],[-66.7188,-45.2224],[-66.7226,-45.2223],[-66.7264,-45.2223],[-66.7345,-45.2222],[-66.7412,-45.2224],[-66.7413,-45.2224],[-66.7421,-45.2224],[-66.7422,-45.2224],[-66.7462,-45.2227],[-66.7507,-45.2231],[-66.7564,-45.2238],[-66.7609,-45.2245],[-66.7657,-45.2253],[-66.7684,-45.2261],[-66.7708,-45.2272],[-66.773,-45.2278],[-66.7755,-45.2283],[-66.7776,-45.2293],[-66.7786,-45.2302],[-66.7801,-45.231],[-66.7806,-45.2313],[-66.7807,-45.2313],[-66.7802,-45.2319],[-66.7817,-45.2318],[-66.7823,-45.2316],[-66.783,-45.2314],[-66.7836,-45.2314],[-66.784,-45.2319],[-66.7845,-45.2322],[-66.7851,-45.2318],[-66.7858,-45.2313],[-66.7866,-45.2312],[-66.7873,-45.2315],[-66.788,-45.2308],[-66.7885,-45.2306],[-66.7891,-45.23],[-66.7894,-45.2297],[-66.79,-45.2287],[-66.791,-45.2281],[-66.7932,-45.2277],[-66.7948,-45.2278],[-66.7956,-45.2278],[-66.7976,-45.228],[-66.7986,-45.2281],[-66.7992,-45.2283],[-66.8011,-45.2287],[-66.8025,-45.2289],[-66.8053,-45.2296],[-66.8067,-45.23],[-66.8071,-45.2302],[-66.8083,-45.2305],[-66.8091,-45.2306],[-66.8101,-45.2307],[-66.8132,-45.2311],[-66.8165,-45.2321],[-66.8181,-45.2328],[-66.8196,-45.234],[-66.8198,-45.2347],[-66.8198,-45.2347],[-66.82,-45.2349],[-66.8206,-45.2348],[-66.8214,-45.2345],[-66.8226,-45.2345],[-66.8232,-45.2346],[-66.8235,-45.2343],[-66.8241,-45.2345],[-66.8248,-45.2345],[-66.8257,-45.2346],[-66.8267,-45.2342],[-66.8272,-45.234],[-66.827,-45.2335],[-66.8269,-45.2332],[-66.8273,-45.2327],[-66.8281,-45.2329],[-66.8286,-45.233],[-66.8288,-45.2327],[-66.8295,-45.2328],[-66.83,-45.2328],[-66.8308,-45.2327],[-66.8315,-45.2322],[-66.8317,-45.232],[-66.8319,-45.2314],[-66.8325,-45.2311],[-66.8329,-45.2308],[-66.8339,-45.231],[-66.835,-45.231],[-66.8364,-45.2307],[-66.8379,-45.2305],[-66.8391,-45.2307],[-66.8393,-45.2306],[-66.8395,-45.2305],[-66.8404,-45.2301],[-66.8413,-45.23],[-66.8457,-45.2307],[-66.8536,-45.2321],[-66.8601,-45.2338],[-66.8627,-45.2347],[-66.8667,-45.2353],[-66.8709,-45.2365],[-66.876,-45.2377],[-66.8785,-45.2387],[-66.8801,-45.2393],[-66.8814,-45.2397],[-66.8829,-45.2402],[-66.8846,-45.2406],[-66.889,-45.2417],[-66.8925,-45.2432],[-66.8958,-45.2443],[-66.8976,-45.245],[-66.8997,-45.2462],[-66.9007,-45.247],[-66.9028,-45.2475],[-66.9062,-45.2487],[-66.9088,-45.2496],[-66.9128,-45.2511],[-66.9158,-45.2523],[-66.9204,-45.2542],[-66.9225,-45.2551],[-66.9267,-45.2566],[-66.9288,-45.2575],[-66.931,-45.2584],[-66.9325,-45.259],[-66.9341,-45.2594],[-66.9363,-45.2601],[-66.9391,-45.2612],[-66.9414,-45.2621],[-66.9436,-45.2632],[-66.9464,-45.2646],[-66.9488,-45.2658],[-66.9519,-45.267],[-66.9537,-45.2677],[-66.9552,-45.2687],[-66.9571,-45.2703],[-66.9582,-45.271],[-66.9592,-45.2714],[-66.9606,-45.272],[-66.9618,-45.2723],[-66.964,-45.273],[-66.9655,-45.2738],[-66.9677,-45.2755],[-66.9691,-45.2766],[-66.97,-45.2776],[-66.9708,-45.2786],[-66.972,-45.279],[-66.9733,-45.2799],[-66.9748,-45.2807],[-66.976,-45.2814],[-66.977,-45.2831],[-66.9781,-45.2841],[-66.9803,-45.2858],[-66.9827,-45.288],[-66.9847,-45.2897],[-66.9857,-45.2907],[-66.9881,-45.2923],[-66.9901,-45.2938],[-66.9925,-45.2951],[-66.9946,-45.2963],[-66.9965,-45.2975],[-66.9978,-45.2983],[-66.9997,-45.2993],[-67.0021,-45.3005],[-67.003,-45.301],[-67.0041,-45.3016],[-67.0059,-45.3027],[-67.0074,-45.3035],[-67.0098,-45.3041],[-67.0134,-45.3059],[-67.0161,-45.3074],[-67.0191,-45.3097],[-67.0203,-45.3106],[-67.0227,-45.3129],[-67.0247,-45.3142],[-67.0263,-45.3154],[-67.0281,-45.3171],[-67.0305,-45.3183],[-67.0332,-45.3201],[-67.0349,-45.3214],[-67.036,-45.3222],[-67.0377,-45.3242],[-67.0389,-45.3254],[-67.0401,-45.3268],[-67.0409,-45.3283],[-67.042,-45.3292],[-67.0432,-45.3302],[-67.0444,-45.3311],[-67.0448,-45.3318],[-67.0455,-45.3325],[-67.0477,-45.3342],[-67.0495,-45.3353],[-67.052,-45.337],[-67.054,-45.3385],[-67.0557,-45.3398],[-67.0581,-45.3413],[-67.0603,-45.3429],[-67.0623,-45.3446],[-67.064,-45.3462],[-67.0655,-45.348],[-67.0671,-45.3502],[-67.0686,-45.3518],[-67.0699,-45.3538],[-67.0709,-45.356],[-67.0713,-45.3575],[-67.0717,-45.3592],[-67.0722,-45.3605],[-67.0723,-45.3616],[-67.0727,-45.3626],[-67.0731,-45.3635],[-67.0742,-45.3652],[-67.0752,-45.3662],[-67.0772,-45.3681],[-67.0784,-45.3693],[-67.0803,-45.3706],[-67.0822,-45.3715],[-67.0831,-45.3721],[-67.0851,-45.3736],[-67.0868,-45.3747],[-67.0891,-45.3761],[-67.0907,-45.3773],[-67.0917,-45.3784],[-67.0928,-45.3796],[-67.0939,-45.3808],[-67.0941,-45.3811],[-67.0947,-45.3822],[-67.0957,-45.3836],[-67.0973,-45.3853],[-67.0984,-45.3869],[-67.1003,-45.3893],[-67.1028,-45.3924],[-67.104,-45.394],[-67.1049,-45.3949],[-67.1058,-45.3961],[-67.107,-45.3971],[-67.1088,-45.3988],[-67.1106,-45.3998],[-67.113,-45.4014],[-67.1155,-45.4025],[-67.1173,-45.4037],[-67.1189,-45.4051],[-67.1202,-45.4062],[-67.1219,-45.4072],[-67.1232,-45.4083],[-67.1242,-45.4095],[-67.1251,-45.4108],[-67.1262,-45.4125],[-67.1284,-45.4136],[-67.1306,-45.4151],[-67.1323,-45.4165],[-67.1343,-45.4181],[-67.1366,-45.4204],[-67.1382,-45.4221],[-67.1393,-45.4235],[-67.1411,-45.4256],[-67.1431,-45.4281],[-67.1445,-45.4298],[-67.1477,-45.4333],[-67.1509,-45.437],[-67.1536,-45.4405],[-67.1552,-45.4424],[-67.1576,-45.4456],[-67.1592,-45.4478],[-67.1604,-45.4497],[-67.1616,-45.4514],[-67.1623,-45.4529],[-67.1631,-45.4542],[-67.1636,-45.4554],[-67.1641,-45.4562],[-67.1649,-45.4569],[-67.1654,-45.4578],[-67.1668,-45.4596],[-67.1679,-45.461],[-67.1691,-45.4623],[-67.1704,-45.4635],[-67.1722,-45.4648],[-67.1742,-45.4666],[-67.1755,-45.468],[-67.1769,-45.4694],[-67.1777,-45.4706],[-67.1787,-45.4716],[-67.1799,-45.473],[-67.181,-45.4742],[-67.1823,-45.4754],[-67.1835,-45.4763],[-67.1846,-45.4773],[-67.1857,-45.4782],[-67.1866,-45.4793],[-67.1879,-45.4807],[-67.1896,-45.4829],[-67.1904,-45.4834],[-67.1914,-45.485],[-67.1927,-45.4872],[-67.1944,-45.4899],[-67.1953,-45.4908],[-67.1962,-45.4919],[-67.1971,-45.4928],[-67.1978,-45.4938],[-67.1986,-45.4943],[-67.2004,-45.4958],[-67.2024,-45.498],[-67.2043,-45.5002],[-67.2055,-45.5015],[-67.2071,-45.5032],[-67.2081,-45.5045],[-67.2099,-45.5078],[-67.2101,-45.5089],[-67.2101,-45.5097],[-67.2108,-45.5109],[-67.212,-45.5128],[-67.2126,-45.5139],[-67.2143,-45.5167],[-67.2163,-45.5194],[-67.2175,-45.5209],[-67.2183,-45.5218],[-67.2189,-45.5228],[-67.2196,-45.5234],[-67.2201,-45.5242],[-67.2208,-45.5255],[-67.2215,-45.5271],[-67.2219,-45.5274],[-67.2228,-45.5275],[-67.2245,-45.5276],[-67.2265,-45.5284],[-67.2298,-45.5299],[-67.23,-45.5299],[-67.2331,-45.5315],[-67.2363,-45.534],[-67.238,-45.5352],[-67.2396,-45.5361],[-67.242,-45.5377],[-67.2438,-45.5391],[-67.2462,-45.5406],[-67.2474,-45.5416],[-67.249,-45.5426],[-67.2508,-45.5443],[-67.2523,-45.5451],[-67.2543,-45.5465],[-67.2568,-45.5482],[-67.2583,-45.5491],[-67.2604,-45.5502],[-67.2615,-45.5512],[-67.263,-45.5522],[-67.2647,-45.5535],[-67.2669,-45.5552],[-67.2699,-45.5581],[-67.2721,-45.5598],[-67.2744,-45.5612],[-67.2779,-45.5637],[-67.2816,-45.5666],[-67.2844,-45.5692],[-67.2862,-45.5713],[-67.288,-45.5736],[-67.2908,-45.5766],[-67.2916,-45.5776],[-67.2935,-45.5799],[-67.2945,-45.5813],[-67.2959,-45.5829],[-67.2973,-45.5841],[-67.2985,-45.5853],[-67.2996,-45.5865],[-67.3002,-45.5873],[-67.3011,-45.5883],[-67.3027,-45.5897],[-67.3044,-45.5911],[-67.3063,-45.5921],[-67.3089,-45.5939],[-67.3127,-45.5966],[-67.3156,-45.5988],[-67.3175,-45.6002],[-67.3195,-45.6014],[-67.3217,-45.6028],[-67.324,-45.6045],[-67.326,-45.6065],[-67.3285,-45.6088],[-67.331,-45.6115],[-67.3338,-45.6142],[-67.3353,-45.6153],[-67.3373,-45.6164],[-67.3415,-45.6196],[-67.3451,-45.623],[-67.3503,-45.6293],[-67.3531,-45.6333],[-67.3557,-45.638],[-67.3582,-45.6441],[-67.3586,-45.6454],[-67.36,-45.6504],[-67.3603,-45.6527],[-67.3609,-45.6555],[-67.3614,-45.6595],[-67.3615,-45.662],[-67.3616,-45.6655],[-67.3615,-45.6681],[-67.361,-45.6695],[-67.3607,-45.6703],[-67.3608,-45.6714],[-67.3602,-45.6726],[-67.359,-45.6754],[-67.3589,-45.6767],[-67.3587,-45.6779],[-67.3585,-45.6794],[-67.3587,-45.6807],[-67.3592,-45.6823],[-67.3597,-45.684],[-67.3602,-45.6855],[-67.3611,-45.6874],[-67.3613,-45.6891],[-67.3616,-45.6912],[-67.3618,-45.6929],[-67.3621,-45.6944],[-67.362,-45.6958],[-67.3616,-45.6976],[-67.3614,-45.6992],[-67.3607,-45.7005],[-67.3601,-45.7019],[-67.3595,-45.7029],[-67.3592,-45.7043],[-67.3587,-45.706],[-67.3576,-45.7081],[-67.3565,-45.7094],[-67.356,-45.7104],[-67.3553,-45.7104],[-67.355,-45.7104],[-67.3538,-45.7106],[-67.3525,-45.7112],[-67.3507,-45.7116],[-67.3502,-45.7117],[-67.3502,-45.7118],[-67.3502,-45.712],[-67.35,-45.7122],[-67.3496,-45.7128],[-67.349,-45.7132],[-67.3481,-45.7132],[-67.347,-45.713],[-67.3457,-45.7129],[-67.3446,-45.7131],[-67.3444,-45.7133],[-67.3443,-45.7135],[-67.3439,-45.7139],[-67.3442,-45.7147],[-67.3441,-45.7153],[-67.3443,-45.7163],[-67.3444,-45.7177],[-67.3441,-45.7185],[-67.3439,-45.7191],[-67.3437,-45.7199],[-67.3435,-45.7206],[-67.3434,-45.7208],[-67.3433,-45.7212],[-67.343,-45.7218],[-67.3427,-45.7223],[-67.3423,-45.7229],[-67.3422,-45.7232],[-67.3423,-45.7233],[-67.3427,-45.7232],[-67.3433,-45.7232],[-67.344,-45.7233],[-67.3446,-45.7233],[-67.3451,-45.7236],[-67.3458,-45.7239],[-67.3465,-45.7244],[-67.347,-45.7249],[-67.3478,-45.7253],[-67.349,-45.7255],[-67.3498,-45.7253],[-67.3513,-45.725],[-67.3533,-45.7246],[-67.3561,-45.724],[-67.3575,-45.7238],[-67.3592,-45.7234],[-67.3603,-45.7235],[-67.3617,-45.7238],[-67.3624,-45.7242],[-67.3635,-45.725],[-67.3647,-45.7256],[-67.3664,-45.7261],[-67.3674,-45.7264],[-67.3692,-45.7271],[-67.3718,-45.7284],[-67.3732,-45.7289],[-67.3752,-45.7296],[-67.3762,-45.7305],[-67.3768,-45.7317],[-67.3776,-45.7326],[-67.3787,-45.7345],[-67.3791,-45.7357],[-67.3792,-45.7372],[-67.3788,-45.7385],[-67.3779,-45.7399],[-67.3774,-45.7409],[-67.3774,-45.742],[-67.3774,-45.7431],[-67.3774,-45.7442],[-67.3776,-45.7458],[-67.3775,-45.7467],[-67.3769,-45.7487],[-67.376,-45.7499],[-67.3748,-45.751],[-67.3744,-45.7514],[-67.3742,-45.7516],[-67.3733,-45.7521],[-67.3714,-45.7533],[-67.371,-45.7534],[-67.3701,-45.7537],[-67.369,-45.754],[-67.3686,-45.7542],[-67.3683,-45.7545],[-67.3682,-45.7547],[-67.3681,-45.7547],[-67.3682,-45.7551],[-67.3686,-45.7556],[-67.3698,-45.7564],[-67.3711,-45.7577],[-67.3718,-45.7583],[-67.3724,-45.7595],[-67.3726,-45.7602],[-67.3727,-45.761],[-67.3723,-45.7619],[-67.3722,-45.7627],[-67.372,-45.7635],[-67.3718,-45.7644],[-67.372,-45.7651],[-67.3722,-45.7657],[-67.3728,-45.7659],[-67.3733,-45.7661],[-67.3735,-45.7665],[-67.3738,-45.7668],[-67.3738,-45.7673],[-67.3735,-45.7677],[-67.3735,-45.7679],[-67.3736,-45.7685],[-67.3738,-45.7689],[-67.3735,-45.7694],[-67.3731,-45.7701],[-67.3724,-45.7704],[-67.3721,-45.7711],[-67.3716,-45.7717],[-67.3705,-45.7723],[-67.3697,-45.7728],[-67.3678,-45.774],[-67.3668,-45.7748],[-67.3666,-45.7749],[-67.3661,-45.7758],[-67.3661,-45.7764],[-67.366,-45.777],[-67.366,-45.7775],[-67.3656,-45.7782],[-67.3653,-45.7783],[-67.3652,-45.7785],[-67.3652,-45.7789],[-67.3651,-45.7791],[-67.3652,-45.7795],[-67.3654,-45.7796],[-67.3657,-45.7799],[-67.3661,-45.7801],[-67.3664,-45.78],[-67.3664,-45.7802],[-67.3669,-45.7802],[-67.3668,-45.7804],[-67.3668,-45.7806],[-67.3669,-45.7809],[-67.3673,-45.7812],[-67.3676,-45.782],[-67.3675,-45.783],[-67.3675,-45.7843],[-67.3676,-45.7853],[-67.368,-45.786],[-67.3683,-45.7868],[-67.3686,-45.7873],[-67.369,-45.7873],[-67.37,-45.7877],[-67.3713,-45.7882],[-67.3722,-45.7884],[-67.3729,-45.7884],[-67.3733,-45.7886],[-67.3735,-45.7888],[-67.3737,-45.7893],[-67.3738,-45.7896],[-67.3742,-45.7899],[-67.3744,-45.7902],[-67.3749,-45.7903],[-67.3752,-45.7907],[-67.3756,-45.7909],[-67.3762,-45.7912],[-67.377,-45.7915],[-67.3785,-45.7911],[-67.3786,-45.7911],[-67.379,-45.791],[-67.3792,-45.7909],[-67.3794,-45.7907],[-67.3793,-45.7904],[-67.3794,-45.7901],[-67.3804,-45.7897],[-67.3827,-45.7891],[-67.3849,-45.7885],[-67.3861,-45.788],[-67.3875,-45.7876],[-67.3884,-45.7873],[-67.3895,-45.7871],[-67.3903,-45.787],[-67.3913,-45.7869],[-67.3922,-45.7866],[-67.3929,-45.7864],[-67.3938,-45.7865],[-67.395,-45.7868],[-67.3958,-45.7868],[-67.3967,-45.7872],[-67.3979,-45.7875],[-67.3989,-45.788],[-67.3999,-45.7885],[-67.4009,-45.789],[-67.4023,-45.7898],[-67.4037,-45.7909],[-67.4043,-45.7913],[-67.4053,-45.7925],[-67.4061,-45.7934],[-67.406,-45.794],[-67.4056,-45.7943],[-67.406,-45.7947],[-67.4063,-45.7953],[-67.4061,-45.7958],[-67.4058,-45.7961],[-67.4058,-45.7966],[-67.4061,-45.7972],[-67.4066,-45.7978],[-67.407,-45.7982],[-67.4077,-45.7983],[-67.4093,-45.7986],[-67.4124,-45.7997],[-67.4131,-45.7997],[-67.414,-45.7998],[-67.4155,-45.8001],[-67.4157,-45.8],[-67.4164,-45.8004],[-67.4177,-45.8013],[-67.4188,-45.8023],[-67.4196,-45.8033],[-67.4204,-45.804],[-67.421,-45.8049],[-67.4217,-45.8057],[-67.4225,-45.8069],[-67.4238,-45.8083],[-67.4251,-45.8094],[-67.4258,-45.81],[-67.4265,-45.8107],[-67.4274,-45.8111],[-67.428,-45.8115],[-67.43,-45.8122],[-67.4321,-45.8129],[-67.4338,-45.8135],[-67.4346,-45.8139],[-67.4358,-45.8142],[-67.4369,-45.8146],[-67.438,-45.8152],[-67.439,-45.8158],[-67.4405,-45.8166],[-67.4416,-45.8172],[-67.4423,-45.8172],[-67.4427,-45.8168],[-67.4438,-45.8166],[-67.4467,-45.8165],[-67.4492,-45.8166],[-67.4503,-45.8169],[-67.4515,-45.8174],[-67.4532,-45.8184],[-67.4547,-45.8195],[-67.4558,-45.8208],[-67.4569,-45.8219],[-67.459,-45.824],[-67.4595,-45.8247],[-67.4602,-45.8256],[-67.4608,-45.8265],[-67.4616,-45.8279],[-67.4621,-45.8288],[-67.4625,-45.8299],[-67.4625,-45.8311],[-67.4625,-45.8318],[-67.4622,-45.8325],[-67.4619,-45.8336],[-67.4617,-45.8344],[-67.462,-45.835],[-67.4626,-45.8354],[-67.4633,-45.836],[-67.4644,-45.8371],[-67.466,-45.8384],[-67.4672,-45.8396],[-67.4678,-45.8408],[-67.4685,-45.8419],[-67.469,-45.8431],[-67.4691,-45.8439],[-67.4691,-45.8446],[-67.4688,-45.8458],[-67.4685,-45.8464],[-67.4683,-45.8469],[-67.4685,-45.8472],[-67.4691,-45.8475],[-67.4701,-45.8478],[-67.4716,-45.8486],[-67.4733,-45.8496],[-67.4742,-45.8505],[-67.4747,-45.8511],[-67.4751,-45.852],[-67.4756,-45.8527],[-67.4758,-45.8538],[-67.4757,-45.8548],[-67.4754,-45.8558],[-67.4753,-45.8571],[-67.4749,-45.8584],[-67.4738,-45.8602],[-67.4728,-45.8611],[-67.4714,-45.8616],[-67.4683,-45.8615],[-67.4678,-45.8615],[-67.4678,-45.8613],[-67.4679,-45.8605],[-67.4647,-45.8605],[-67.4647,-45.8608],[-67.4655,-45.861],[-67.4654,-45.8616],[-67.4654,-45.8619],[-67.4633,-45.8619],[-67.4623,-45.8621],[-67.4623,-45.8623],[-67.4619,-45.8624],[-67.4616,-45.8622],[-67.4591,-45.8621],[-67.4588,-45.8623],[-67.4578,-45.862],[-67.4571,-45.8617],[-67.4565,-45.8613],[-67.4564,-45.8605],[-67.4564,-45.8604],[-67.4564,-45.8594],[-67.4564,-45.8593],[-67.4566,-45.859],[-67.4564,-45.8589],[-67.4563,-45.8589],[-67.4562,-45.8597],[-67.4562,-45.8605],[-67.4562,-45.8608],[-67.4564,-45.8614],[-67.4572,-45.862],[-67.4584,-45.8624],[-67.4603,-45.8626],[-67.4622,-45.8626],[-67.4637,-45.8627],[-67.4649,-45.8633],[-67.4663,-45.8642],[-67.4678,-45.8644],[-67.4704,-45.8647],[-67.4733,-45.8652],[-67.4742,-45.8641],[-67.4744,-45.8639],[-67.4747,-45.8637],[-67.4773,-45.8641],[-67.4784,-45.8644],[-67.4794,-45.8649],[-67.4797,-45.8657],[-67.4799,-45.8662],[-67.4815,-45.8669],[-67.4829,-45.8675],[-67.4845,-45.8683],[-67.4855,-45.8689],[-67.4855,-45.8693],[-67.4895,-45.8718],[-67.4928,-45.8738],[-67.4938,-45.8744],[-67.494,-45.8746],[-67.4942,-45.8746],[-67.4944,-45.8742],[-67.4945,-45.8741],[-67.495,-45.8737],[-67.4959,-45.8736],[-67.4961,-45.8735],[-67.497,-45.8736],[-67.4978,-45.874],[-67.4979,-45.8746],[-67.4981,-45.8749],[-67.4991,-45.8748],[-67.4998,-45.8754],[-67.5005,-45.8765],[-67.5008,-45.8773],[-67.5011,-45.8781],[-67.5014,-45.8789],[-67.5021,-45.8796],[-67.5025,-45.88],[-67.5028,-45.8806],[-67.5033,-45.8808],[-67.5039,-45.8815],[-67.5048,-45.8822],[-67.5053,-45.8828],[-67.5059,-45.8831],[-67.5064,-45.8835],[-67.5073,-45.8843],[-67.5077,-45.8851],[-67.5088,-45.8867],[-67.5103,-45.8888],[-67.5118,-45.891],[-67.5129,-45.893],[-67.5143,-45.8949],[-67.5162,-45.8967],[-67.5178,-45.8982],[-67.5194,-45.8995],[-67.5208,-45.9007],[-67.522,-45.9018],[-67.5233,-45.9029],[-67.5245,-45.9038],[-67.526,-45.905],[-67.527,-45.9057],[-67.5288,-45.9071],[-67.5307,-45.9087],[-67.5328,-45.9106],[-67.536,-45.9127],[-67.5375,-45.9133],[-67.5396,-45.9139],[-67.5402,-45.9141],[-67.5417,-45.9144],[-67.5432,-45.9149],[-67.5449,-45.916],[-67.5461,-45.9171],[-67.5477,-45.9188],[-67.5521,-45.9257],[-67.5538,-45.9288],[-67.5552,-45.9318],[-67.5558,-45.9332],[-67.5567,-45.9353],[-67.5573,-45.9373],[-67.5575,-45.9386],[-67.5573,-45.9403],[-67.5568,-45.9418],[-67.5565,-45.9431],[-67.5557,-45.9451],[-67.5546,-45.9459],[-67.5537,-45.9466],[-67.5529,-45.9469],[-67.5517,-45.9474],[-67.551,-45.9477],[-67.5506,-45.9482],[-67.5506,-45.9489],[-67.5508,-45.9494],[-67.5508,-45.9499],[-67.5509,-45.9506],[-67.5506,-45.952],[-67.5493,-45.9532],[-67.5489,-45.9535],[-67.548,-45.9541],[-67.5478,-45.9541],[-67.5471,-45.9543],[-67.5463,-45.9544],[-67.5438,-45.9551],[-67.5437,-45.9551],[-67.5414,-45.9557],[-67.5395,-45.9559],[-67.5369,-45.9564],[-67.536,-45.9566],[-67.5357,-45.9567],[-67.5356,-45.9567],[-67.5337,-45.9572],[-67.5332,-45.9573],[-67.5325,-45.9574],[-67.532,-45.9578],[-67.5314,-45.9584],[-67.5312,-45.959],[-67.5316,-45.9594],[-67.5317,-45.9595],[-67.5324,-45.96],[-67.5331,-45.9602],[-67.5343,-45.9607],[-67.5354,-45.9608],[-67.5372,-45.9609],[-67.5381,-45.9609],[-67.5387,-45.9608],[-67.5394,-45.9608],[-67.5409,-45.9609],[-67.5422,-45.961],[-67.5435,-45.961],[-67.5461,-45.9611],[-67.5473,-45.9612],[-67.5484,-45.9615],[-67.5495,-45.9615],[-67.5511,-45.961],[-67.5516,-45.9609],[-67.5517,-45.9609],[-67.5537,-45.9609],[-67.5555,-45.9609],[-67.5581,-45.9607],[-67.5602,-45.9608],[-67.5614,-45.961],[-67.5622,-45.9613],[-67.5624,-45.9618],[-67.5632,-45.962],[-67.564,-45.962],[-67.5641,-45.962],[-67.5643,-45.9621],[-67.5652,-45.9626],[-67.5672,-45.9643],[-67.5682,-45.9654],[-67.5684,-45.966],[-67.5688,-45.9669],[-67.5693,-45.9683],[-67.5699,-45.9693],[-67.5706,-45.9707],[-67.5713,-45.9714],[-67.5717,-45.972],[-67.5718,-45.9728],[-67.572,-45.9735],[-67.5723,-45.974],[-67.5724,-45.9746],[-67.5722,-45.9751],[-67.5723,-45.9755],[-67.5724,-45.9758],[-67.5724,-45.9762],[-67.5726,-45.9766],[-67.5728,-45.9767],[-67.5733,-45.9768],[-67.5736,-45.9768],[-67.5737,-45.9768],[-67.5747,-45.9769],[-67.5757,-45.9769],[-67.5765,-45.9771],[-67.5774,-45.9773],[-67.5784,-45.9773],[-67.579,-45.9773],[-67.5792,-45.9773],[-67.5809,-45.9775],[-67.5821,-45.9779],[-67.5825,-45.9781],[-67.5831,-45.9786],[-67.5839,-45.9793],[-67.5848,-45.9802],[-67.5861,-45.9808],[-67.5866,-45.9816],[-67.5869,-45.9821],[-67.5873,-45.9831],[-67.5876,-45.9847],[-67.5872,-45.9859],[-67.5865,-45.9864],[-67.5861,-45.9866],[-67.5856,-45.9869],[-67.5855,-45.9872],[-67.5869,-45.987],[-67.5886,-45.9871],[-67.5886,-45.9871],[-67.5898,-45.9871],[-67.591,-45.9873],[-67.5923,-45.9878],[-67.5927,-45.9881],[-67.5925,-45.9886],[-67.5925,-45.9888],[-67.5924,-45.9901],[-67.5927,-45.9913],[-67.5929,-45.9931],[-67.594,-45.9952],[-67.5947,-45.9967],[-67.5955,-45.9982],[-67.5955,-45.9988],[-67.5956,-45.9991],[-67.5956,-45.9996],[-67.5956,-45.9997],[-67.5957,-45.9998],[-67.5965,-45.9998],[-67.5968,-45.9998],[-67.5969,-45.9998],[-67.5975,-45.9998],[-67.5976,-45.9998],[-67.5978,-45.9998],[-67.5983,-45.9998],[-67.5986,-45.9998],[-67.5997,-45.9998],[-67.6011,-45.9998],[-67.6016,-45.9998],[-67.6022,-45.9998],[-67.6022,-45.9998],[-67.6022,-45.9998],[-67.6025,-45.9998],[-67.6027,-45.9998],[-67.6039,-45.9998],[-67.6053,-45.9998],[-67.6067,-45.9998],[-67.608,-45.9998],[-67.6089,-45.9998],[-67.6094,-45.9998],[-67.6094,-45.9998],[-67.6106,-45.9998],[-67.6108,-45.9998],[-67.612,-45.9998],[-67.6122,-45.9998],[-67.6136,-45.9998],[-67.6142,-45.9998],[-67.615,-45.9998],[-67.6161,-45.9998],[-67.6164,-45.9998],[-67.6178,-45.9998],[-67.6192,-45.9998],[-67.6205,-45.9998],[-67.6215,-45.9998],[-67.6219,-45.9998],[-67.6233,-45.9998],[-67.6247,-45.9998],[-67.6261,-45.9998],[-67.6269,-45.9998],[-67.6275,-45.9998],[-67.6286,-45.9998],[-67.6289,-45.9998],[-67.6303,-45.9998],[-67.6317,-45.9998],[-67.633,-45.9998],[-67.6338,-45.9998],[-67.6344,-45.9998],[-67.6358,-45.9998],[-67.6372,-45.9998],[-67.6386,-45.9998],[-67.64,-45.9998],[-67.6408,-45.9998],[-67.6414,-45.9998],[-67.6415,-45.9998],[-67.6428,-45.9998],[-67.6442,-45.9998],[-67.6455,-45.9998],[-67.6469,-45.9998],[-67.6483,-45.9998],[-67.6497,-45.9998],[-67.6511,-45.9998],[-67.6525,-45.9998],[-67.6539,-45.9998],[-67.6553,-45.9998],[-67.6558,-45.9998],[-67.6567,-45.9998],[-67.658,-45.9998],[-67.6594,-45.9998],[-67.6608,-45.9998],[-67.6622,-45.9998],[-67.6636,-45.9998],[-67.665,-45.9998],[-67.6664,-45.9998],[-67.6678,-45.9998],[-67.6692,-45.9998],[-67.6705,-45.9998],[-67.6719,-45.9998],[-67.6733,-45.9998],[-67.6741,-45.9998],[-67.6747,-45.9998],[-67.6761,-45.9998],[-67.6775,-45.9998],[-67.6789,-45.9998],[-67.6801,-45.9998],[-67.6803,-45.9998],[-67.6817,-45.9998],[-67.683,-45.9998],[-67.6844,-45.9998],[-67.6845,-45.9998],[-67.6858,-45.9998],[-67.6872,-45.9998],[-67.6886,-45.9998],[-67.69,-45.9998],[-67.6914,-45.9998],[-67.6928,-45.9998],[-67.6942,-45.9998],[-67.6955,-45.9998],[-67.6961,-45.9998],[-67.6969,-45.9998],[-67.6983,-45.9998],[-67.6997,-45.9998],[-67.7011,-45.9998],[-67.7025,-45.9998],[-67.7039,-45.9998],[-67.7053,-45.9998],[-67.7059,-45.9998],[-67.7067,-45.9998],[-67.708,-45.9998],[-67.7094,-45.9998],[-67.7102,-45.9998],[-67.7108,-45.9998],[-67.7122,-45.9998],[-67.7122,-45.9998],[-67.7136,-45.9998],[-67.715,-45.9998],[-67.7164,-45.9998],[-67.7178,-45.9998],[-67.7192,-45.9998],[-67.7205,-45.9998],[-67.7219,-45.9998],[-67.7233,-45.9998],[-67.7247,-45.9998],[-67.7261,-45.9998],[-67.7275,-45.9998],[-67.7289,-45.9998],[-67.7303,-45.9998],[-67.7317,-45.9998],[-67.733,-45.9998],[-67.7344,-45.9998],[-67.7358,-45.9998],[-67.7372,-45.9998],[-67.7386,-45.9998],[-67.74,-45.9998],[-67.7407,-45.9998],[-67.7414,-45.9998],[-67.7428,-45.9998],[-67.7442,-45.9998],[-67.7455,-45.9998],[-67.7469,-45.9998],[-67.7481,-45.9998],[-67.7483,-45.9998],[-67.7497,-45.9998],[-67.7511,-45.9998],[-67.7525,-45.9998],[-67.7539,-45.9998],[-67.7553,-45.9998],[-67.7567,-45.9998],[-67.758,-45.9998],[-67.7594,-45.9998],[-67.7608,-45.9998],[-67.761,-45.9998],[-67.7622,-45.9998],[-67.7636,-45.9998],[-67.765,-45.9998],[-67.7664,-45.9998],[-67.7678,-45.9998],[-67.7692,-45.9998],[-67.7705,-45.9998],[-67.7719,-45.9998],[-67.7733,-45.9998],[-67.7747,-45.9998],[-67.7761,-45.9998],[-67.7775,-45.9998],[-67.778,-45.9998],[-67.7789,-45.9998],[-67.7803,-45.9998],[-67.7817,-45.9998],[-67.783,-45.9998],[-67.7839,-45.9998],[-67.7844,-45.9998],[-67.7845,-45.9998],[-67.7858,-45.9998],[-67.7872,-45.9998],[-67.7886,-45.9998],[-67.79,-45.9998],[-67.7914,-45.9998],[-67.7928,-45.9998],[-67.7942,-45.9998],[-67.7955,-45.9998],[-67.7969,-45.9998],[-67.7983,-45.9998],[-67.7997,-45.9998],[-67.8011,-45.9998],[-67.8025,-45.9998],[-67.8039,-45.9998],[-67.8053,-45.9998],[-67.8067,-45.9998],[-67.8081,-45.9998],[-67.8094,-45.9998],[-67.8105,-45.9998],[-67.8108,-45.9998],[-67.8122,-45.9998],[-67.8136,-45.9998],[-67.815,-45.9998],[-67.8164,-45.9998],[-67.8178,-45.9998],[-67.8192,-45.9998],[-67.8206,-45.9998],[-67.8219,-45.9998],[-67.8233,-45.9998],[-67.8247,-45.9998],[-67.8261,-45.9998],[-67.8275,-45.9998],[-67.8283,-45.9998],[-67.8289,-45.9998],[-67.8303,-45.9998],[-67.8312,-45.9998],[-67.8317,-45.9998],[-67.8331,-45.9998],[-67.8344,-45.9998],[-67.8358,-45.9998],[-67.8372,-45.9998],[-67.8386,-45.9998],[-67.84,-45.9998],[-67.8414,-45.9998],[-67.8428,-45.9998],[-67.8442,-45.9998],[-67.8445,-45.9998],[-67.8456,-45.9998],[-67.8469,-45.9998],[-67.8483,-45.9998],[-67.8497,-45.9998],[-67.8511,-45.9998],[-67.8512,-45.9998],[-67.8525,-45.9998],[-67.8539,-45.9998],[-67.8553,-45.9998],[-67.8567,-45.9998],[-67.8581,-45.9998],[-67.8594,-45.9998],[-67.8608,-45.9998],[-67.8616,-45.9998],[-67.8622,-45.9998],[-67.8636,-45.9998],[-67.865,-45.9998],[-67.8664,-45.9998],[-67.8678,-45.9998],[-67.8692,-45.9998],[-67.8706,-45.9998],[-67.8719,-45.9998],[-67.8733,-45.9998],[-67.8747,-45.9998],[-67.8761,-45.9998],[-67.8775,-45.9998],[-67.8789,-45.9998],[-67.8803,-45.9998],[-67.8817,-45.9998],[-67.8831,-45.9998],[-67.8844,-45.9998],[-67.8858,-45.9998],[-67.8872,-45.9998],[-67.8877,-45.9998],[-67.8886,-45.9998],[-67.89,-45.9998],[-67.8914,-45.9998],[-67.8928,-45.9998],[-67.8942,-45.9998],[-67.8956,-45.9998],[-67.8969,-45.9998],[-67.8981,-45.9998],[-67.8983,-45.9998],[-67.8997,-45.9998],[-67.9011,-45.9998],[-67.9025,-45.9998],[-67.9039,-45.9998],[-67.9053,-45.9998],[-67.9067,-45.9998],[-67.9081,-45.9998],[-67.9094,-45.9998],[-67.9108,-45.9998],[-67.9122,-45.9998],[-67.9136,-45.9998],[-67.915,-45.9998],[-67.9164,-45.9998],[-67.9178,-45.9998],[-67.9192,-45.9998],[-67.9206,-45.9998],[-67.9219,-45.9998],[-67.9233,-45.9998],[-67.9246,-45.9998],[-67.9247,-45.9998],[-67.9261,-45.9998],[-67.9275,-45.9998],[-67.9289,-45.9998],[-67.9303,-45.9998],[-67.9317,-45.9998],[-67.9331,-45.9998],[-67.9335,-45.9998],[-67.9344,-45.9998],[-67.9358,-45.9998],[-67.9372,-45.9998],[-67.9386,-45.9998],[-67.94,-45.9998],[-67.9414,-45.9998],[-67.9422,-45.9998],[-67.9428,-45.9998],[-67.9442,-45.9998],[-67.9456,-45.9998],[-67.9469,-45.9998],[-67.9483,-45.9998],[-67.9495,-45.9998],[-67.9497,-45.9998],[-67.9511,-45.9998],[-67.9525,-45.9998],[-67.9539,-45.9998],[-67.9553,-45.9998],[-67.9567,-45.9998],[-67.9581,-45.9998],[-67.9594,-45.9998],[-67.9608,-45.9998],[-67.9615,-45.9998],[-67.9622,-45.9998],[-67.9624,-45.9998],[-67.9636,-45.9998],[-67.965,-45.9998],[-67.9664,-45.9998],[-67.9678,-45.9998],[-67.9692,-45.9998],[-67.9706,-45.9998],[-67.9719,-45.9998],[-67.9733,-45.9998],[-67.9747,-45.9998],[-67.9761,-45.9998],[-67.9775,-45.9998],[-67.978,-45.9998],[-67.978,-45.9998],[-67.9789,-45.9998],[-67.9803,-45.9998],[-67.9817,-45.9998],[-67.9831,-45.9998],[-67.9844,-45.9998],[-67.9858,-45.9998],[-67.9872,-45.9998],[-67.9886,-45.9998],[-67.99,-45.9998],[-67.9914,-45.9998],[-67.9928,-45.9998],[-67.9942,-45.9998],[-67.9956,-45.9998],[-67.9969,-45.9998],[-67.9983,-45.9998],[-67.9997,-45.9998],[-68.0011,-45.9998],[-68.0025,-45.9998],[-68.0039,-45.9998],[-68.0053,-45.9998],[-68.0064,-45.9998],[-68.0067,-45.9998],[-68.0081,-45.9998],[-68.0094,-45.9998],[-68.0108,-45.9998],[-68.0122,-45.9998],[-68.0136,-45.9998],[-68.015,-45.9998],[-68.0164,-45.9998],[-68.0167,-45.9998],[-68.0178,-45.9998],[-68.0192,-45.9998],[-68.0206,-45.9998],[-68.0219,-45.9998],[-68.0233,-45.9998],[-68.0247,-45.9998],[-68.0261,-45.9998],[-68.0275,-45.9998],[-68.0289,-45.9998],[-68.0303,-45.9998],[-68.0317,-45.9998],[-68.0331,-45.9998],[-68.0344,-45.9998],[-68.0358,-45.9998],[-68.0372,-45.9998],[-68.0386,-45.9998],[-68.04,-45.9998],[-68.0414,-45.9998],[-68.0428,-45.9998],[-68.0442,-45.9998],[-68.0456,-45.9998],[-68.0469,-45.9998],[-68.0483,-45.9998],[-68.0497,-45.9998],[-68.0499,-45.9998],[-68.0511,-45.9998],[-68.0525,-45.9998],[-68.0539,-45.9998],[-68.0553,-45.9998],[-68.0567,-45.9998],[-68.0581,-45.9998],[-68.0592,-45.9998],[-68.0594,-45.9998],[-68.0608,-45.9998],[-68.0622,-45.9998],[-68.0636,-45.9998],[-68.065,-45.9998],[-68.0664,-45.9998],[-68.0678,-45.9998],[-68.0692,-45.9998],[-68.0706,-45.9998],[-68.0719,-45.9998],[-68.0733,-45.9998],[-68.0747,-45.9998],[-68.0761,-45.9998],[-68.0775,-45.9998],[-68.0789,-45.9998],[-68.0803,-45.9998],[-68.0817,-45.9998],[-68.0829,-45.9998],[-68.0831,-45.9998],[-68.0845,-45.9998],[-68.0858,-45.9998],[-68.0872,-45.9998],[-68.0886,-45.9998],[-68.09,-45.9998],[-68.0914,-45.9998],[-68.0928,-45.9998],[-68.0942,-45.9998],[-68.0956,-45.9998],[-68.097,-45.9998],[-68.0983,-45.9998],[-68.0995,-45.9998],[-68.0997,-45.9998],[-68.1011,-45.9998],[-68.1025,-45.9998],[-68.1039,-45.9998],[-68.1052,-45.9998],[-68.1053,-45.9998],[-68.1067,-45.9998],[-68.1081,-45.9998],[-68.1095,-45.9998],[-68.1108,-45.9998],[-68.1122,-45.9998],[-68.1127,-45.9998],[-68.1131,-45.9998],[-68.1136,-45.9998],[-68.1137,-45.9998],[-68.115,-45.9998],[-68.1164,-45.9998],[-68.1178,-45.9998],[-68.1192,-45.9998],[-68.1206,-45.9998],[-68.122,-45.9998],[-68.1233,-45.9998],[-68.1247,-45.9998],[-68.1261,-45.9998],[-68.1275,-45.9998],[-68.1289,-45.9998],[-68.1303,-45.9998],[-68.1317,-45.9998],[-68.1331,-45.9998],[-68.1345,-45.9998],[-68.1358,-45.9998],[-68.1364,-45.9998],[-68.1372,-45.9998],[-68.1386,-45.9998],[-68.14,-45.9998],[-68.1414,-45.9998],[-68.1428,-45.9998],[-68.1442,-45.9998],[-68.1456,-45.9998],[-68.1461,-45.9998],[-68.147,-45.9998],[-68.1483,-45.9998],[-68.1497,-45.9998],[-68.1511,-45.9998],[-68.1525,-45.9998],[-68.1539,-45.9998],[-68.1553,-45.9998],[-68.1567,-45.9998],[-68.1577,-45.9998],[-68.1581,-45.9998],[-68.1595,-45.9998],[-68.1608,-45.9998],[-68.1622,-45.9998],[-68.1636,-45.9998],[-68.165,-45.9998],[-68.1664,-45.9998],[-68.1678,-45.9998],[-68.1688,-45.9998],[-68.1692,-45.9998],[-68.1706,-45.9998],[-68.172,-45.9998],[-68.1733,-45.9998],[-68.1747,-45.9998],[-68.1761,-45.9998],[-68.1775,-45.9998],[-68.1789,-45.9998],[-68.1803,-45.9998],[-68.1817,-45.9998],[-68.1831,-45.9998],[-68.1845,-45.9998],[-68.1858,-45.9998],[-68.1872,-45.9998],[-68.1886,-45.9998],[-68.19,-45.9998],[-68.1914,-45.9998],[-68.1928,-45.9998],[-68.1942,-45.9998],[-68.1956,-45.9998],[-68.197,-45.9998],[-68.1983,-45.9998],[-68.1997,-45.9998],[-68.2003,-45.9998],[-68.2011,-45.9998],[-68.2025,-45.9998],[-68.2039,-45.9998],[-68.2053,-45.9998],[-68.2067,-45.9998],[-68.2081,-45.9998],[-68.2093,-45.9998],[-68.2095,-45.9998],[-68.2108,-45.9998],[-68.2122,-45.9998],[-68.2136,-45.9998],[-68.215,-45.9998],[-68.2164,-45.9998],[-68.2178,-45.9998],[-68.2192,-45.9998],[-68.2206,-45.9998],[-68.222,-45.9998],[-68.2233,-45.9998],[-68.2247,-45.9998],[-68.2261,-45.9998],[-68.2275,-45.9998],[-68.2289,-45.9998],[-68.2303,-45.9998],[-68.2317,-45.9998],[-68.2326,-45.9998],[-68.2331,-45.9998],[-68.2345,-45.9998],[-68.2358,-45.9998],[-68.2372,-45.9998],[-68.2386,-45.9998],[-68.24,-45.9998],[-68.2414,-45.9998],[-68.2428,-45.9998],[-68.2442,-45.9998],[-68.2456,-45.9998],[-68.2465,-45.9998],[-68.247,-45.9998],[-68.2483,-45.9998],[-68.2497,-45.9998],[-68.2511,-45.9998],[-68.2525,-45.9998],[-68.2539,-45.9998],[-68.2553,-45.9998],[-68.2565,-45.9998],[-68.2567,-45.9998],[-68.2581,-45.9998],[-68.2595,-45.9998],[-68.2608,-45.9998],[-68.2622,-45.9998],[-68.2636,-45.9998],[-68.265,-45.9998],[-68.2664,-45.9998],[-68.2678,-45.9998],[-68.2692,-45.9998],[-68.2706,-45.9998],[-68.272,-45.9998],[-68.2733,-45.9998],[-68.2747,-45.9998],[-68.2761,-45.9998],[-68.2775,-45.9998],[-68.2789,-45.9998],[-68.2803,-45.9998],[-68.2817,-45.9998],[-68.2831,-45.9998],[-68.2845,-45.9998],[-68.2858,-45.9998],[-68.2872,-45.9998],[-68.2886,-45.9998],[-68.29,-45.9998],[-68.2914,-45.9998],[-68.2928,-45.9998],[-68.2942,-45.9998],[-68.2956,-45.9998],[-68.297,-45.9998],[-68.2977,-45.9998],[-68.2983,-45.9998],[-68.2997,-45.9998],[-68.3007,-45.9998],[-68.3011,-45.9998],[-68.3025,-45.9998],[-68.3032,-45.9998],[-68.3039,-45.9998],[-68.3053,-45.9998],[-68.3067,-45.9998],[-68.3081,-45.9998],[-68.3095,-45.9998],[-68.3108,-45.9998],[-68.3113,-45.9998],[-68.3122,-45.9998],[-68.3136,-45.9998],[-68.315,-45.9998],[-68.3164,-45.9998],[-68.3172,-45.9998],[-68.3178,-45.9998],[-68.3192,-45.9998],[-68.3206,-45.9998],[-68.322,-45.9998],[-68.3233,-45.9998],[-68.3247,-45.9998],[-68.3257,-45.9998],[-68.3261,-45.9998],[-68.3262,-45.9998],[-68.3275,-45.9998],[-68.3289,-45.9998],[-68.3303,-45.9998],[-68.3304,-45.9998],[-68.3306,-45.9998],[-68.3317,-45.9998],[-68.3331,-45.9998],[-68.3334,-45.9998],[-68.3345,-45.9998],[-68.3358,-45.9998],[-68.3372,-45.9998],[-68.3386,-45.9998],[-68.34,-45.9998],[-68.3414,-45.9998],[-68.3428,-45.9998],[-68.3442,-45.9998],[-68.3456,-45.9998],[-68.347,-45.9998],[-68.3472,-45.9998],[-68.3483,-45.9998],[-68.3484,-45.9998],[-68.3488,-45.9998],[-68.3497,-45.9998],[-68.3511,-45.9998],[-68.3511,-45.9998],[-68.3525,-45.9998],[-68.3539,-45.9998],[-68.3553,-45.9998],[-68.3567,-45.9998],[-68.3581,-45.9998],[-68.3595,-45.9998],[-68.3596,-45.9998],[-68.3599,-45.9998],[-68.3604,-45.9998],[-68.3609,-45.9998],[-68.3615,-45.9998],[-68.3622,-45.9998],[-68.3631,-45.9998],[-68.3632,-45.9945],[-68.3632,-45.9935],[-68.3632,-45.9905],[-68.3663,-45.4993],[-68.3666,-45.4456],[-68.3678,-45.2445],[-68.3712,-44.6872],[-67.7481,-44.6849],[-67.1602,-44.6797],[-67.0942,-44.6789],[-67.0934,-44.6989],[-67.0927,-44.721],[-67.0824,-45.0075],[-67.0814,-45.0352]]]]},"geometry_name":"geom","properties":{"departamen":"Escalante","cabecera":"Comodoro Rivadavia","superficie":"14.295,46"},"bbox":[-68.3712,-45.9998,-66.3633,-44.6789]}],"totalFeatures":15,"numberMatched":15,"numberReturned":15,"timeStamp":"2026-07-24T11:44:18.067Z","crs":{"type":"name","properties":{"name":"urn:ogc:def:crs:EPSG::4326"}},"bbox":[-72.1883,-45.9998,-63.5828,-41.9998]}