{"type":"FeatureCollection","features":[{"type":"Feature","id":"juzgados.1","geometry":{"type":"MultiPolygon","coordinates":[[[[-65.7975,-43.229],[-65.7928,-43.3213],[-65.7947,-43.3304],[-65.7873,-43.3327],[-65.7773,-43.3328],[-65.7688,-43.3392],[-65.7775,-43.3457],[-65.7517,-43.3649],[-65.743,-43.3586],[-65.7169,-43.3779],[-65.726,-43.3843],[-65.7378,-43.3872],[-65.7376,-43.3875],[-65.7395,-43.3882],[-65.7388,-43.4213],[-65.7381,-43.424],[-65.7379,-43.4529],[-65.7341,-43.4593],[-65.7733,-43.5365],[-65.803,-43.5517],[-65.8055,-43.5518],[-65.8018,-43.5864],[-65.9052,-43.5887],[-65.9061,-43.5937],[-65.9516,-43.592],[-65.9352,-43.6394],[-65.9668,-43.6401],[-65.9643,-43.6851],[-66.0883,-43.6877],[-66.093,-43.6905],[-66.1006,-43.6875],[-66.1164,-43.6871],[-66.1331,-43.6899],[-66.1415,-43.6961],[-66.1477,-43.697],[-66.1536,-43.6996],[-66.1586,-43.6996],[-66.1608,-43.7028],[-66.159,-43.698],[-66.1495,-43.689],[-66.1876,-43.6678],[-66.2489,-43.5772],[-66.2454,-43.5756],[-66.2448,-43.5756],[-66.2444,-43.5752],[-66.2445,-43.5747],[-66.2444,-43.5735],[-66.2443,-43.5731],[-66.2443,-43.5728],[-66.2444,-43.5727],[-66.2445,-43.5724],[-66.2448,-43.5721],[-66.2448,-43.5718],[-66.2448,-43.5716],[-66.2449,-43.5713],[-66.245,-43.5711],[-66.2448,-43.5706],[-66.2482,-43.571],[-66.2522,-43.5689],[-66.253,-43.5515],[-66.2539,-43.5452],[-66.254,-43.5334],[-66.254,-43.5319],[-66.2536,-43.5301],[-66.2547,-43.5222],[-66.274,-43.5311],[-66.2829,-43.5338],[-66.2847,-43.4651],[-66.2343,-43.4677],[-66.2341,-43.4655],[-66.219,-43.4666],[-66.1998,-43.4669],[-66.1586,-43.4659],[-66.166,-43.3287],[-66.1045,-43.3273],[-66.1081,-43.2788],[-66.1068,-43.28],[-65.9604,-43.2779],[-65.9483,-43.2785],[-65.946,-43.2789],[-65.9449,-43.2787],[-65.9249,-43.2797],[-65.9226,-43.2785],[-65.9233,-43.2327],[-65.7975,-43.229]]]]},"geometry_name":"geom","properties":{"nombre":"28 DE JULIO"},"bbox":[-66.2847,-43.7028,-65.7169,-43.229]},{"type":"Feature","id":"juzgados.2","geometry":{"type":"MultiPolygon","coordinates":[[[[-70.2006,-41.9929],[-70.0174,-41.9924],[-69.8082,-41.9911],[-69.4824,-41.9929],[-68.9567,-41.9974],[-68.6283,-41.9971],[-68.6326,-42.6233],[-69.4861,-42.6206],[-69.9107,-42.6169],[-69.9105,-42.4871],[-69.9564,-42.4858],[-70.0292,-42.4836],[-70.0288,-42.464],[-70.0291,-42.4366],[-70.2134,-42.4315],[-70.2144,-42.4315],[-70.2006,-41.9929]]]]},"geometry_name":"geom","properties":{"nombre":"GASTRE"},"bbox":[-70.2144,-42.6233,-68.6283,-41.9911]},{"type":"Feature","id":"juzgados.3","geometry":{"type":"MultiPolygon","coordinates":[[[[-68.6283,-41.9971],[-68.4092,-41.9964],[-67.8317,-41.9963],[-67.531,-41.9957],[-67.5289,-42.7185],[-67.1632,-42.719],[-67.1612,-42.8829],[-67.1587,-43.0775],[-67.1626,-43.0775],[-68.0145,-43.0822],[-68.0133,-42.9009],[-68.5051,-42.9011],[-68.5037,-42.8132],[-68.5629,-42.813],[-68.5666,-42.8572],[-68.6308,-42.8537],[-68.6326,-42.6233],[-68.6283,-41.9971]]]]},"geometry_name":"geom","properties":{"nombre":"GAN GAN"},"bbox":[-68.6326,-43.0822,-67.1587,-41.9957]},{"type":"Feature","id":"juzgados.4","geometry":{"type":"MultiPolygon","coordinates":[[[[-70.975,-41.995],[-70.7228,-41.9942],[-70.4874,-41.9931],[-70.2006,-41.9929],[-70.2144,-42.4315],[-70.5247,-42.4278],[-70.6822,-42.5423],[-70.8514,-42.4145],[-70.7901,-42.3702],[-70.9553,-42.2403],[-70.9567,-42.2392],[-70.9213,-42.2127],[-70.9774,-42.1673],[-70.976,-42.1659],[-70.9686,-42.1582],[-70.9678,-42.1575],[-71.0778,-42.0712],[-70.9772,-41.9966],[-70.975,-41.995]]]]},"geometry_name":"geom","properties":{"nombre":"CUSHAMEN"},"bbox":[-71.0778,-42.5423,-70.2006,-41.9929]},{"type":"Feature","id":"juzgados.5","geometry":{"type":"MultiPolygon","coordinates":[[[[-67.531,-41.9957],[-67.2633,-41.9945],[-66.7258,-41.9954],[-66.2741,-41.9944],[-66.2112,-41.9943],[-66.1816,-42.8691],[-67.1612,-42.8829],[-67.1632,-42.719],[-67.5289,-42.7185],[-67.531,-41.9957]]]]},"geometry_name":"geom","properties":{"nombre":"TELSEN"},"bbox":[-67.531,-42.8829,-66.1816,-41.9943]},{"type":"Feature","id":"juzgados.6","geometry":{"type":"MultiPolygon","coordinates":[[[[-71.1063,-41.9949],[-70.975,-41.995],[-70.9772,-41.9966],[-71.0778,-42.0712],[-70.9678,-42.1575],[-70.9686,-42.1582],[-70.976,-42.1659],[-70.9774,-42.1673],[-70.9213,-42.2127],[-70.9567,-42.2392],[-70.9553,-42.2403],[-70.7901,-42.3702],[-70.8514,-42.4145],[-70.9623,-42.4944],[-71.1322,-42.3653],[-71.2526,-42.4507],[-71.4185,-42.3275],[-71.4156,-42.3244],[-71.4173,-42.3198],[-71.4148,-42.3173],[-71.4109,-42.3133],[-71.4054,-42.3085],[-71.4024,-42.3085],[-71.3995,-42.3084],[-71.3854,-42.2921],[-71.385,-42.2915],[-71.383,-42.2892],[-71.377,-42.289],[-71.3741,-42.2845],[-71.3729,-42.284],[-71.3643,-42.2802],[-71.3613,-42.2788],[-71.3563,-42.2764],[-71.3547,-42.2757],[-71.3511,-42.2718],[-71.3328,-42.2403],[-71.3288,-42.2137],[-71.3231,-42.2071],[-71.3221,-42.2065],[-71.3175,-42.2029],[-71.315,-42.2013],[-71.3122,-42.1995],[-71.3072,-42.1964],[-71.31,-42.1893],[-71.3009,-42.1813],[-71.3017,-42.1784],[-71.3079,-42.1533],[-71.3082,-42.1524],[-71.3048,-42.1492],[-71.2975,-42.1413],[-71.2936,-42.0488],[-71.4059,-42.0458],[-71.4149,-42.0455],[-71.4161,-42.0455],[-71.4149,-41.9948],[-71.1063,-41.9949]]]]},"geometry_name":"geom","properties":{"nombre":"EL MAITEN"},"bbox":[-71.4185,-42.4944,-70.7901,-41.9948]},{"type":"Feature","id":"juzgados.7","geometry":{"type":"MultiPolygon","coordinates":[[[[-71.7667,-41.9951],[-71.7402,-41.995],[-71.6996,-41.996],[-71.6491,-41.9957],[-71.5881,-41.9956],[-71.5095,-41.9959],[-71.4249,-41.9948],[-71.4149,-41.9948],[-71.4161,-42.0455],[-71.5074,-42.0433],[-71.509,-42.0395],[-71.5145,-42.0373],[-71.5214,-42.0399],[-71.5267,-42.042],[-71.5337,-42.0415],[-71.5381,-42.0437],[-71.5433,-42.0472],[-71.5523,-42.0489],[-71.5583,-42.0499],[-71.5628,-42.0528],[-71.5632,-42.058],[-71.5607,-42.0616],[-71.5562,-42.0647],[-71.5537,-42.0692],[-71.5519,-42.0755],[-71.5522,-42.0808],[-71.554,-42.0862],[-71.5576,-42.0913],[-71.5611,-42.0946],[-71.5655,-42.0981],[-71.5705,-42.1021],[-71.5751,-42.105],[-71.5806,-42.1093],[-71.5872,-42.115],[-71.5928,-42.1202],[-71.597,-42.1241],[-71.6033,-42.1304],[-71.6041,-42.1349],[-71.6048,-42.1388],[-71.6051,-42.1436],[-71.6049,-42.1492],[-71.603,-42.1526],[-71.5968,-42.1516],[-71.5934,-42.1481],[-71.5905,-42.1447],[-71.5927,-42.149],[-71.5955,-42.1547],[-71.599,-42.1585],[-71.605,-42.1627],[-71.6117,-42.1657],[-71.6209,-42.1698],[-71.6259,-42.1729],[-71.6274,-42.1775],[-71.6292,-42.1834],[-71.6321,-42.1895],[-71.6379,-42.1938],[-71.6405,-42.1981],[-71.6431,-42.2032],[-71.6507,-42.2145],[-71.6543,-42.2174],[-71.6581,-42.2226],[-71.5461,-42.2262],[-71.5491,-42.316],[-72.1238,-42.3006],[-72.1235,-42.3],[-72.1235,-42.299],[-72.1235,-42.2981],[-72.1237,-42.297],[-72.1243,-42.2959],[-72.1247,-42.2954],[-72.1252,-42.2948],[-72.1258,-42.2937],[-72.1266,-42.2926],[-72.1276,-42.2912],[-72.1281,-42.2901],[-72.1282,-42.2894],[-72.1282,-42.2886],[-72.1284,-42.2876],[-72.129,-42.2866],[-72.1304,-42.2852],[-72.1312,-42.2842],[-72.1318,-42.2837],[-72.1324,-42.2831],[-72.133,-42.2825],[-72.1335,-42.2819],[-72.1347,-42.281],[-72.1359,-42.28],[-72.137,-42.2789],[-72.1385,-42.2778],[-72.1399,-42.277],[-72.141,-42.2763],[-72.1421,-42.2755],[-72.1428,-42.2748],[-72.1433,-42.2736],[-72.1434,-42.2728],[-72.1436,-42.2714],[-72.1436,-42.2704],[-72.1438,-42.2695],[-72.1443,-42.2686],[-72.1452,-42.2679],[-72.146,-42.2674],[-72.1469,-42.2671],[-72.1483,-42.2665],[-72.1498,-42.2659],[-72.1509,-42.2651],[-72.1522,-42.2637],[-72.1525,-42.2631],[-72.1529,-42.2625],[-72.1537,-42.2615],[-72.1542,-42.2608],[-72.1548,-42.26],[-72.1555,-42.2594],[-72.1562,-42.2587],[-72.157,-42.2579],[-72.1576,-42.257],[-72.158,-42.2562],[-72.1582,-42.2553],[-72.1584,-42.2546],[-72.1587,-42.2532],[-72.1589,-42.2522],[-72.1591,-42.2511],[-72.1591,-42.2502],[-72.159,-42.2493],[-72.159,-42.2486],[-72.159,-42.2477],[-72.1589,-42.247],[-72.1587,-42.2463],[-72.1585,-42.2455],[-72.1576,-42.2442],[-72.1557,-42.2435],[-72.1548,-42.2434],[-72.1538,-42.2432],[-72.153,-42.2431],[-72.1521,-42.243],[-72.1507,-42.2427],[-72.1491,-42.2424],[-72.1477,-42.2421],[-72.1466,-42.2418],[-72.1456,-42.2412],[-72.1448,-42.2402],[-72.1445,-42.2395],[-72.1443,-42.2389],[-72.1443,-42.2377],[-72.1445,-42.2365],[-72.1448,-42.2352],[-72.1451,-42.2345],[-72.1454,-42.2338],[-72.1457,-42.2332],[-72.1465,-42.2314],[-72.1468,-42.2305],[-72.147,-42.2297],[-72.1473,-42.229],[-72.1476,-42.2281],[-72.1478,-42.2274],[-72.1483,-42.2262],[-72.1485,-42.2255],[-72.1488,-42.2248],[-72.1494,-42.2228],[-72.1499,-42.2216],[-72.1506,-42.221],[-72.1517,-42.2201],[-72.1528,-42.2192],[-72.1534,-42.2186],[-72.1542,-42.2176],[-72.1546,-42.217],[-72.1552,-42.2158],[-72.1555,-42.2152],[-72.1558,-42.2141],[-72.1561,-42.213],[-72.1563,-42.2119],[-72.1565,-42.2107],[-72.1566,-42.2101],[-72.1564,-42.209],[-72.1559,-42.2079],[-72.1553,-42.207],[-72.1549,-42.2064],[-72.1539,-42.2052],[-72.1528,-42.2045],[-72.1514,-42.2041],[-72.1495,-42.2031],[-72.1482,-42.2024],[-72.1479,-42.2009],[-72.1481,-42.2002],[-72.1482,-42.1995],[-72.1475,-42.1983],[-72.1468,-42.1974],[-72.1468,-42.1966],[-72.1469,-42.1959],[-72.1472,-42.1946],[-72.1474,-42.1938],[-72.1476,-42.1926],[-72.1479,-42.1918],[-72.1485,-42.1908],[-72.1492,-42.1897],[-72.1501,-42.1886],[-72.1508,-42.1881],[-72.1515,-42.1877],[-72.1526,-42.1871],[-72.1541,-42.1864],[-72.1555,-42.1856],[-72.1563,-42.1851],[-72.1578,-42.1842],[-72.1585,-42.1838],[-72.1602,-42.1831],[-72.1609,-42.1828],[-72.1616,-42.1824],[-72.1628,-42.1816],[-72.1643,-42.1808],[-72.1656,-42.1801],[-72.1668,-42.1796],[-72.1687,-42.1787],[-72.1698,-42.1779],[-72.1708,-42.1772],[-72.1719,-42.1765],[-72.1732,-42.1756],[-72.174,-42.1748],[-72.1748,-42.174],[-72.1761,-42.1726],[-72.1765,-42.1718],[-72.1767,-42.1706],[-72.1768,-42.1698],[-72.177,-42.1691],[-72.1774,-42.1677],[-72.1776,-42.1664],[-72.1777,-42.1652],[-72.1777,-42.1642],[-72.1777,-42.1631],[-72.1778,-42.1617],[-72.178,-42.1607],[-72.1781,-42.1596],[-72.1791,-42.1586],[-72.1801,-42.1574],[-72.1802,-42.1566],[-72.1801,-42.1557],[-72.1794,-42.1549],[-72.1785,-42.1542],[-72.1771,-42.1535],[-72.1759,-42.1529],[-72.1746,-42.1524],[-72.1725,-42.1515],[-72.1714,-42.1505],[-72.171,-42.1499],[-72.1704,-42.149],[-72.17,-42.1485],[-72.1694,-42.1477],[-72.169,-42.1465],[-72.1688,-42.1456],[-72.1686,-42.144],[-72.1682,-42.1429],[-72.1678,-42.1419],[-72.1678,-42.141],[-72.1678,-42.1403],[-72.1677,-42.1396],[-72.1675,-42.1385],[-72.1671,-42.1378],[-72.1665,-42.1369],[-72.165,-42.1359],[-72.1636,-42.1353],[-72.162,-42.1351],[-72.1607,-42.1353],[-72.159,-42.1354],[-72.1574,-42.1356],[-72.1566,-42.1359],[-72.1555,-42.1363],[-72.1541,-42.137],[-72.1534,-42.1374],[-72.1528,-42.1378],[-72.1523,-42.1384],[-72.1515,-42.1392],[-72.1509,-42.1398],[-72.15,-42.1403],[-72.1484,-42.1408],[-72.1475,-42.1408],[-72.1461,-42.1409],[-72.1448,-42.141],[-72.1439,-42.1411],[-72.1426,-42.1412],[-72.1417,-42.1413],[-72.1408,-42.1415],[-72.1386,-42.1419],[-72.1373,-42.1424],[-72.1347,-42.1431],[-72.1335,-42.1435],[-72.1325,-42.1438],[-72.1303,-42.144],[-72.1281,-42.1444],[-72.1273,-42.1448],[-72.1259,-42.1457],[-72.1247,-42.1464],[-72.1236,-42.1472],[-72.123,-42.1477],[-72.1223,-42.1484],[-72.121,-42.1491],[-72.1198,-42.1497],[-72.1188,-42.1502],[-72.1173,-42.1507],[-72.1159,-42.1507],[-72.1142,-42.15],[-72.1131,-42.149],[-72.1124,-42.1482],[-72.1117,-42.1472],[-72.1113,-42.1466],[-72.1108,-42.1456],[-72.1099,-42.1445],[-72.1093,-42.1438],[-72.1082,-42.1428],[-72.1074,-42.1425],[-72.1059,-42.1422],[-72.105,-42.1422],[-72.1034,-42.1419],[-72.1012,-42.1412],[-72.1004,-42.141],[-72.0995,-42.1408],[-72.0981,-42.1408],[-72.0972,-42.141],[-72.0959,-42.1414],[-72.0898,-42.1441],[-72.0838,-42.1448],[-72.0827,-42.144],[-72.0821,-42.1435],[-72.0813,-42.1428],[-72.0808,-42.1422],[-72.0797,-42.1414],[-72.0788,-42.1404],[-72.0778,-42.1397],[-72.0764,-42.1392],[-72.0753,-42.1391],[-72.074,-42.1393],[-72.073,-42.1397],[-72.0722,-42.1402],[-72.0715,-42.1406],[-72.0706,-42.1411],[-72.0692,-42.1417],[-72.0679,-42.1422],[-72.0657,-42.1429],[-72.0649,-42.1431],[-72.0628,-42.1437],[-72.0608,-42.144],[-72.0603,-42.1431],[-72.0603,-42.1412],[-72.0603,-42.1402],[-72.0601,-42.1387],[-72.0593,-42.1376],[-72.0585,-42.1366],[-72.0579,-42.1355],[-72.0584,-42.1346],[-72.0591,-42.1341],[-72.0598,-42.1336],[-72.0604,-42.1331],[-72.0614,-42.1322],[-72.0629,-42.131],[-72.0641,-42.1303],[-72.0653,-42.13],[-72.0673,-42.1299],[-72.0684,-42.1298],[-72.07,-42.1293],[-72.0743,-42.127],[-72.0738,-42.1265],[-72.0731,-42.1259],[-72.0723,-42.1253],[-72.0714,-42.1246],[-72.0705,-42.1239],[-72.0694,-42.123],[-72.0682,-42.1223],[-72.0673,-42.122],[-72.0663,-42.1218],[-72.0654,-42.1216],[-72.0642,-42.1215],[-72.0626,-42.1213],[-72.0617,-42.121],[-72.0607,-42.1205],[-72.0599,-42.1197],[-72.059,-42.1188],[-72.0584,-42.1175],[-72.0597,-42.1168],[-72.0606,-42.1158],[-72.0609,-42.1143],[-72.0598,-42.1136],[-72.0577,-42.1133],[-72.0562,-42.113],[-72.055,-42.1127],[-72.0534,-42.1121],[-72.0526,-42.1118],[-72.0514,-42.1113],[-72.0505,-42.1111],[-72.0491,-42.1107],[-72.0476,-42.1105],[-72.0467,-42.1105],[-72.0451,-42.1117],[-72.0443,-42.1131],[-72.044,-42.1137],[-72.0432,-42.1151],[-72.0417,-42.1165],[-72.041,-42.1175],[-72.0405,-42.1181],[-72.0396,-42.1191],[-72.039,-42.1198],[-72.0383,-42.1208],[-72.0375,-42.1218],[-72.0368,-42.1228],[-72.0357,-42.1235],[-72.0342,-42.1239],[-72.0325,-42.1236],[-72.0314,-42.1226],[-72.031,-42.122],[-72.0305,-42.1212],[-72.0294,-42.1201],[-72.0283,-42.1195],[-72.0261,-42.1188],[-72.0252,-42.1186],[-72.0236,-42.1185],[-72.0222,-42.1186],[-72.0206,-42.119],[-72.0199,-42.1194],[-72.0193,-42.1199],[-72.0184,-42.121],[-72.0175,-42.1222],[-72.0169,-42.1231],[-72.0167,-42.1237],[-72.0163,-42.1244],[-72.0155,-42.1254],[-72.0148,-42.1262],[-72.0134,-42.1268],[-72.008,-42.1291],[-72.0049,-42.1338],[-71.9992,-42.137],[-71.9983,-42.1371],[-71.9967,-42.1373],[-71.9958,-42.1373],[-71.9948,-42.1374],[-71.9939,-42.1374],[-71.9929,-42.1374],[-71.9797,-42.1362],[-71.9724,-42.1394],[-71.967,-42.14],[-71.9649,-42.1427],[-71.9578,-42.1367],[-71.9532,-42.1388],[-71.9505,-42.1418],[-71.9503,-42.1428],[-71.9503,-42.144],[-71.9504,-42.145],[-71.9505,-42.1459],[-71.9506,-42.1471],[-71.9507,-42.1479],[-71.9507,-42.1488],[-71.9508,-42.1495],[-71.9507,-42.1502],[-71.9487,-42.1543],[-71.9445,-42.1566],[-71.9469,-42.1624],[-71.9461,-42.1632],[-71.9454,-42.1638],[-71.9444,-42.1646],[-71.9431,-42.1655],[-71.9417,-42.1664],[-71.9409,-42.167],[-71.9395,-42.1679],[-71.9387,-42.1684],[-71.938,-42.1688],[-71.9373,-42.1694],[-71.9365,-42.1701],[-71.9358,-42.1707],[-71.9352,-42.1713],[-71.9346,-42.1721],[-71.9341,-42.1728],[-71.9333,-42.174],[-71.9326,-42.1749],[-71.9317,-42.1764],[-71.9309,-42.1776],[-71.9301,-42.1787],[-71.9296,-42.1793],[-71.9289,-42.1802],[-71.9283,-42.1808],[-71.9277,-42.1814],[-71.9268,-42.1822],[-71.9263,-42.1827],[-71.9248,-42.184],[-71.9239,-42.1849],[-71.9226,-42.1861],[-71.9217,-42.1871],[-71.9211,-42.1877],[-71.9197,-42.1883],[-71.9188,-42.1874],[-71.9178,-42.1864],[-71.9156,-42.1865],[-71.9139,-42.1865],[-71.9129,-42.1864],[-71.9118,-42.1863],[-71.9107,-42.186],[-71.9097,-42.1858],[-71.9083,-42.1856],[-71.9069,-42.1853],[-71.9059,-42.1851],[-71.8957,-42.1784],[-71.8878,-42.1782],[-71.8866,-42.1769],[-71.8859,-42.1761],[-71.8854,-42.1755],[-71.8844,-42.1744],[-71.8837,-42.1738],[-71.8826,-42.1727],[-71.8821,-42.1721],[-71.8811,-42.1711],[-71.8805,-42.1704],[-71.88,-42.1698],[-71.8793,-42.1691],[-71.8787,-42.1684],[-71.8783,-42.1678],[-71.8777,-42.167],[-71.8773,-42.1661],[-71.8769,-42.1653],[-71.8765,-42.1644],[-71.8761,-42.1636],[-71.8758,-42.1628],[-71.8755,-42.1621],[-71.8752,-42.1613],[-71.875,-42.1606],[-71.8748,-42.1597],[-71.8745,-42.159],[-71.8741,-42.158],[-71.8739,-42.1573],[-71.8736,-42.1567],[-71.8732,-42.1559],[-71.8728,-42.1551],[-71.8723,-42.1544],[-71.8717,-42.1539],[-71.8709,-42.1535],[-71.8693,-42.1531],[-71.868,-42.1528],[-71.8662,-42.1525],[-71.8648,-42.1524],[-71.8639,-42.1526],[-71.8623,-42.1528],[-71.8614,-42.1531],[-71.8606,-42.1534],[-71.8591,-42.154],[-71.8581,-42.1544],[-71.8573,-42.1547],[-71.8563,-42.1552],[-71.8554,-42.1555],[-71.8544,-42.1559],[-71.8527,-42.1562],[-71.8518,-42.1559],[-71.851,-42.1556],[-71.8502,-42.1553],[-71.8492,-42.1548],[-71.8483,-42.1544],[-71.8473,-42.1538],[-71.8464,-42.1533],[-71.8455,-42.1527],[-71.8446,-42.152],[-71.8439,-42.1514],[-71.8433,-42.1508],[-71.8424,-42.1506],[-71.8412,-42.151],[-71.8403,-42.1513],[-71.8396,-42.1518],[-71.8385,-42.1527],[-71.8377,-42.1533],[-71.837,-42.1541],[-71.8362,-42.1547],[-71.8354,-42.1558],[-71.835,-42.1564],[-71.8345,-42.1571],[-71.8338,-42.1577],[-71.8327,-42.1587],[-71.8313,-42.1597],[-71.8301,-42.1598],[-71.8285,-42.1596],[-71.8268,-42.1591],[-71.8258,-42.1587],[-71.8243,-42.158],[-71.8232,-42.1574],[-71.8218,-42.1571],[-71.8202,-42.1568],[-71.8193,-42.1567],[-71.8176,-42.1565],[-71.8166,-42.1563],[-71.8157,-42.1561],[-71.8146,-42.1557],[-71.8135,-42.1554],[-71.8128,-42.155],[-71.8118,-42.1546],[-71.811,-42.1541],[-71.8095,-42.1533],[-71.8088,-42.1528],[-71.8079,-42.1523],[-71.807,-42.1516],[-71.806,-42.1509],[-71.8053,-42.1502],[-71.8046,-42.1496],[-71.8038,-42.149],[-71.8032,-42.1484],[-71.8025,-42.1477],[-71.8018,-42.1471],[-71.8013,-42.1465],[-71.8007,-42.1458],[-71.8001,-42.1451],[-71.7991,-42.1442],[-71.7978,-42.1434],[-71.797,-42.1431],[-71.7951,-42.1426],[-71.7941,-42.1427],[-71.7928,-42.1432],[-71.7919,-42.1437],[-71.7908,-42.1443],[-71.7888,-42.1452],[-71.7879,-42.1455],[-71.7871,-42.1458],[-71.7862,-42.1461],[-71.7852,-42.1463],[-71.784,-42.1465],[-71.7826,-42.1467],[-71.7813,-42.1467],[-71.7799,-42.1466],[-71.7787,-42.1465],[-71.7778,-42.1463],[-71.7769,-42.146],[-71.776,-42.1456],[-71.7752,-42.1452],[-71.7743,-42.1448],[-71.7736,-42.1443],[-71.7725,-42.1435],[-71.7717,-42.1426],[-71.7711,-42.142],[-71.7706,-42.1414],[-71.7702,-42.1409],[-71.7694,-42.1397],[-71.7699,-42.1384],[-71.77,-42.1369],[-71.7696,-42.1358],[-71.7691,-42.1349],[-71.7689,-42.1339],[-71.7692,-42.133],[-71.7694,-42.1322],[-71.7697,-42.1311],[-71.7699,-42.1304],[-71.7701,-42.1295],[-71.7702,-42.1285],[-71.7701,-42.1277],[-71.77,-42.1266],[-71.7638,-42.1265],[-71.7625,-42.1268],[-71.7604,-42.1277],[-71.7596,-42.128],[-71.7576,-42.1279],[-71.7563,-42.1275],[-71.7553,-42.1272],[-71.7545,-42.1269],[-71.7534,-42.1266],[-71.7525,-42.1264],[-71.7515,-42.1262],[-71.7489,-42.1262],[-71.7477,-42.1263],[-71.7462,-42.1263],[-71.7447,-42.1263],[-71.7433,-42.1263],[-71.7425,-42.1262],[-71.7415,-42.1261],[-71.7407,-42.1258],[-71.7398,-42.1256],[-71.739,-42.1253],[-71.7374,-42.1248],[-71.7366,-42.1245],[-71.7353,-42.1239],[-71.7333,-42.1231],[-71.7314,-42.1222],[-71.7306,-42.1219],[-71.7293,-42.1212],[-71.7277,-42.1201],[-71.7267,-42.1192],[-71.7258,-42.1182],[-71.7247,-42.117],[-71.7242,-42.1163],[-71.7238,-42.1158],[-71.7234,-42.1152],[-71.7231,-42.1145],[-71.7223,-42.113],[-71.7217,-42.1113],[-71.7215,-42.1105],[-71.7212,-42.1092],[-71.7212,-42.1086],[-71.7211,-42.1076],[-71.7211,-42.1065],[-71.7211,-42.1059],[-71.7211,-42.1046],[-71.7211,-42.1038],[-71.7211,-42.1028],[-71.7211,-42.1018],[-71.7212,-42.1011],[-71.7214,-42.0999],[-71.7216,-42.0988],[-71.7217,-42.0981],[-71.7219,-42.0975],[-71.7225,-42.0965],[-71.7231,-42.0954],[-71.7237,-42.0942],[-71.724,-42.0936],[-71.7248,-42.0926],[-71.7258,-42.0916],[-71.7264,-42.091],[-71.7271,-42.0904],[-71.7282,-42.0894],[-71.7288,-42.0889],[-71.73,-42.088],[-71.7308,-42.0875],[-71.7314,-42.087],[-71.7322,-42.0865],[-71.7331,-42.0856],[-71.7334,-42.085],[-71.7339,-42.0839],[-71.7343,-42.0829],[-71.7346,-42.0817],[-71.7349,-42.0807],[-71.7347,-42.0796],[-71.7343,-42.0787],[-71.7338,-42.0779],[-71.7335,-42.0772],[-71.7332,-42.0765],[-71.7328,-42.0753],[-71.7331,-42.0736],[-71.7335,-42.0723],[-71.7336,-42.0717],[-71.7332,-42.0701],[-71.7328,-42.0693],[-71.7318,-42.068],[-71.7309,-42.067],[-71.7302,-42.0662],[-71.7296,-42.0646],[-71.7295,-42.0635],[-71.7294,-42.0624],[-71.7294,-42.0616],[-71.7292,-42.0604],[-71.7279,-42.0599],[-71.7268,-42.0596],[-71.7254,-42.0592],[-71.7235,-42.0585],[-71.7226,-42.058],[-71.7219,-42.0576],[-71.7213,-42.057],[-71.7207,-42.0565],[-71.7201,-42.056],[-71.7195,-42.0555],[-71.7207,-42.0494],[-71.7211,-42.0479],[-71.7215,-42.0468],[-71.7223,-42.0453],[-71.7229,-42.0442],[-71.7233,-42.0436],[-71.7238,-42.043],[-71.7251,-42.0421],[-71.726,-42.0417],[-71.7268,-42.0415],[-71.728,-42.0412],[-71.7289,-42.0409],[-71.7364,-42.0362],[-71.7379,-42.0356],[-71.7387,-42.0352],[-71.7398,-42.0343],[-71.7416,-42.0337],[-71.7438,-42.0338],[-71.7449,-42.0338],[-71.7458,-42.0339],[-71.7467,-42.0339],[-71.7477,-42.034],[-71.7487,-42.0342],[-71.7496,-42.0342],[-71.7509,-42.0338],[-71.7515,-42.0334],[-71.7522,-42.0326],[-71.7526,-42.032],[-71.753,-42.0308],[-71.7532,-42.0295],[-71.7533,-42.0287],[-71.7533,-42.0276],[-71.7532,-42.0266],[-71.7531,-42.0259],[-71.7528,-42.0253],[-71.7521,-42.0245],[-71.7508,-42.0242],[-71.7496,-42.024],[-71.7483,-42.0229],[-71.7481,-42.0222],[-71.7492,-42.0207],[-71.75,-42.0203],[-71.7513,-42.0196],[-71.7519,-42.019],[-71.7523,-42.0179],[-71.7525,-42.0171],[-71.7527,-42.0164],[-71.7529,-42.0155],[-71.7536,-42.0144],[-71.754,-42.0138],[-71.7549,-42.0124],[-71.755,-42.0108],[-71.755,-42.0093],[-71.7563,-42.0083],[-71.7576,-42.0081],[-71.759,-42.0079],[-71.7605,-42.0077],[-71.7614,-42.0076],[-71.763,-42.0073],[-71.7644,-42.0069],[-71.7656,-42.0062],[-71.7664,-42.0054],[-71.7671,-42.0044],[-71.7698,-41.9994],[-71.7693,-41.9981],[-71.7682,-41.9959],[-71.7675,-41.9955],[-71.7667,-41.9951]]]]},"geometry_name":"geom","properties":{"nombre":"LAGO PUELO"},"bbox":[-72.1802,-42.316,-71.4149,-41.9948]},{"type":"Feature","id":"juzgados.8","geometry":{"type":"MultiPolygon","coordinates":[[[[-66.2112,-41.9943],[-65.7636,-41.9928],[-65.5349,-41.9925],[-65.2943,-41.9928],[-65.1468,-41.9938],[-65.0713,-41.9951],[-65.0705,-41.9987],[-65.0712,-42.0068],[-65.0656,-42.0187],[-65.0595,-42.0307],[-65.054,-42.0413],[-65.0447,-42.0549],[-65.0362,-42.0654],[-65.0275,-42.0782],[-65.0102,-42.0951],[-64.9999,-42.1042],[-64.9852,-42.1168],[-64.9688,-42.1274],[-64.9536,-42.1391],[-64.9335,-42.15],[-64.9235,-42.1555],[-64.9228,-42.1573],[-64.9084,-42.1644],[-64.9021,-42.1687],[-64.8977,-42.1704],[-64.8858,-42.1767],[-64.8698,-42.182],[-64.8642,-42.1836],[-64.8574,-42.1865],[-64.8457,-42.1896],[-64.8426,-42.1895],[-64.8352,-42.1929],[-64.8234,-42.196],[-64.818,-42.1963],[-64.807,-42.1972],[-64.8013,-42.193],[-64.7963,-42.1955],[-64.7814,-42.2003],[-64.7592,-42.2072],[-64.7454,-42.2102],[-64.7246,-42.5329],[-64.7259,-42.5338],[-64.7295,-42.5348],[-64.7343,-42.5359],[-64.7384,-42.5376],[-64.7438,-42.5394],[-64.7496,-42.5423],[-64.7549,-42.5452],[-64.7599,-42.5481],[-64.7657,-42.5517],[-64.7695,-42.5541],[-64.7715,-42.556],[-64.7747,-42.5585],[-64.7788,-42.5614],[-64.7825,-42.5649],[-64.7853,-42.5686],[-64.7875,-42.5714],[-64.7881,-42.5723],[-64.7874,-42.5736],[-64.7885,-42.5748],[-64.7911,-42.5772],[-64.7955,-42.5796],[-64.7993,-42.5817],[-64.8043,-42.5844],[-64.8069,-42.587],[-64.8092,-42.5884],[-64.8106,-42.5909],[-64.8105,-42.5927],[-64.8117,-42.5923],[-64.818,-42.5939],[-64.823,-42.5968],[-64.828,-42.5996],[-64.8317,-42.6032],[-64.8336,-42.6059],[-64.8332,-42.6075],[-64.835,-42.6078],[-64.8375,-42.6074],[-64.841,-42.6091],[-64.8457,-42.6118],[-64.8484,-42.6134],[-64.8505,-42.6142],[-64.8538,-42.6141],[-64.8556,-42.6146],[-64.8589,-42.6159],[-64.8625,-42.616],[-64.8663,-42.6134],[-64.871,-42.6122],[-64.8759,-42.6111],[-64.8815,-42.6106],[-64.8875,-42.6108],[-64.8945,-42.6115],[-64.9012,-42.6115],[-64.9079,-42.612],[-64.9178,-42.6132],[-64.9253,-42.6153],[-64.9319,-42.6176],[-64.9384,-42.6205],[-64.944,-42.6238],[-64.9487,-42.6265],[-64.9527,-42.6298],[-64.9548,-42.631],[-64.9592,-42.6336],[-64.9627,-42.636],[-64.9646,-42.6385],[-64.9661,-42.6399],[-64.9687,-42.6425],[-64.972,-42.6428],[-64.9756,-42.6439],[-64.9791,-42.6453],[-64.9831,-42.6493],[-64.9857,-42.6521],[-64.9877,-42.6546],[-64.9887,-42.6572],[-64.9901,-42.6601],[-64.9902,-42.6624],[-64.991,-42.6642],[-64.9903,-42.666],[-64.988,-42.6671],[-64.9892,-42.6689],[-64.9899,-42.672],[-64.9913,-42.6746],[-64.9923,-42.6773],[-64.9931,-42.6787],[-64.993,-42.6805],[-64.9943,-42.685],[-64.9959,-42.6882],[-64.9956,-42.6918],[-64.9961,-42.6943],[-64.9993,-42.6962],[-65.0035,-42.6984],[-65.0067,-42.7003],[-65.0099,-42.7031],[-65.0131,-42.7048],[-65.0163,-42.7069],[-65.0199,-42.7091],[-65.0227,-42.7117],[-65.0262,-42.7145],[-65.0294,-42.718],[-65.0317,-42.7201],[-65.0339,-42.7235],[-65.0359,-42.7263],[-65.0371,-42.7311],[-65.0366,-42.734],[-65.037,-42.7374],[-65.0364,-42.7412],[-65.0366,-42.7434],[-65.0366,-42.7477],[-65.0364,-42.7511],[-65.0357,-42.7531],[-65.0362,-42.7542],[-65.0358,-42.7562],[-65.0344,-42.7589],[-65.0337,-42.7604],[-65.0329,-42.7622],[-65.031,-42.7648],[-65.0296,-42.7673],[-65.0267,-42.7696],[-65.0253,-42.7714],[-65.0227,-42.7738],[-65.0186,-42.7766],[-65.0148,-42.7787],[-65.0135,-42.7793],[-65.0101,-42.7805],[-65.0082,-42.7811],[-65.0039,-42.7812],[-65.0013,-42.7798],[-65.0011,-42.7782],[-65.0015,-42.7769],[-64.999,-42.7772],[-64.9965,-42.7783],[-64.9937,-42.7797],[-64.9889,-42.7827],[-64.9841,-42.785],[-64.9794,-42.7873],[-64.9741,-42.7894],[-64.9694,-42.7904],[-64.9661,-42.7907],[-64.9631,-42.7888],[-64.9608,-42.7862],[-64.9597,-42.7846],[-64.9574,-42.7825],[-64.9556,-42.7824],[-64.9528,-42.7828],[-64.9521,-42.7848],[-64.9514,-42.7866],[-64.9475,-42.7898],[-64.943,-42.793],[-64.9391,-42.7963],[-64.9344,-42.7986],[-64.9293,-42.8015],[-64.9252,-42.8041],[-64.9239,-42.8047],[-64.922,-42.8055],[-64.917,-42.8076],[-64.9141,-42.8091],[-64.9126,-42.8093],[-64.911,-42.8099],[-64.9081,-42.8084],[-64.9056,-42.8081],[-64.9047,-42.8088],[-64.9026,-42.808],[-64.9003,-42.8095],[-64.8988,-42.8092],[-64.8958,-42.8096],[-64.8918,-42.8094],[-64.8896,-42.8105],[-64.8901,-42.8121],[-64.8913,-42.813],[-64.8908,-42.815],[-64.8889,-42.8163],[-64.887,-42.8167],[-64.8858,-42.8168],[-64.8873,-42.8178],[-64.8872,-42.8191],[-64.8858,-42.8209],[-64.8851,-42.8222],[-64.8833,-42.8228],[-64.8856,-42.8243],[-64.8858,-42.8256],[-64.8848,-42.8278],[-64.8819,-42.8293],[-64.88,-42.8306],[-64.8768,-42.832],[-64.8753,-42.8322],[-64.8729,-42.8317],[-64.8687,-42.8311],[-64.8668,-42.831],[-64.8656,-42.8303],[-64.8631,-42.8316],[-64.8606,-42.8324],[-64.8575,-42.8332],[-64.855,-42.8344],[-64.8516,-42.8352],[-64.8488,-42.8362],[-64.847,-42.8355],[-64.8446,-42.8347],[-64.8421,-42.8357],[-64.8395,-42.8368],[-64.8377,-42.8374],[-64.8359,-42.8369],[-64.8335,-42.8363],[-64.832,-42.8356],[-64.8298,-42.836],[-64.8292,-42.8366],[-64.8273,-42.8368],[-64.8251,-42.8376],[-64.823,-42.8377],[-64.82,-42.837],[-64.8176,-42.836],[-64.8157,-42.8364],[-64.8145,-42.837],[-64.8126,-42.8369],[-64.8117,-42.8378],[-64.8104,-42.8382],[-64.8104,-42.8398],[-64.8097,-42.8404],[-64.809,-42.841],[-64.8074,-42.8417],[-64.8064,-42.8424],[-64.8052,-42.8427],[-64.804,-42.8433],[-64.8024,-42.844],[-64.8007,-42.8451],[-64.7988,-42.8459],[-64.7979,-42.8463],[-64.7948,-42.8476],[-64.7935,-42.8479],[-64.7924,-42.8484],[-64.7912,-42.8487],[-64.7889,-42.8488],[-64.7879,-42.8492],[-64.7859,-42.8504],[-64.7846,-42.8511],[-64.7828,-42.8517],[-64.7816,-42.8521],[-64.7811,-42.853],[-64.7802,-42.8541],[-64.7779,-42.8548],[-64.7759,-42.8559],[-64.7741,-42.8566],[-64.7721,-42.8573],[-64.7687,-42.8584],[-64.7642,-42.8597],[-64.762,-42.8611],[-64.7606,-42.8611],[-64.7589,-42.8613],[-64.7552,-42.8627],[-64.7512,-42.864],[-64.7481,-42.8649],[-64.7464,-42.8653],[-64.7441,-42.8658],[-64.7427,-42.8658],[-64.7415,-42.8657],[-64.7417,-42.8666],[-64.7394,-42.8676],[-64.7375,-42.8682],[-64.7363,-42.8684],[-64.7353,-42.8688],[-64.7344,-42.8696],[-64.7336,-42.87],[-64.7324,-42.8701],[-64.732,-42.8707],[-64.7307,-42.8706],[-64.7303,-42.8713],[-64.7293,-42.8713],[-64.7289,-42.8719],[-64.7277,-42.8726],[-64.7268,-42.8728],[-64.7258,-42.8735],[-64.7242,-42.8742],[-64.7206,-42.8754],[-64.7165,-42.8765],[-64.714,-42.8774],[-64.7122,-42.8782],[-64.7095,-42.8786],[-64.7088,-42.879],[-64.707,-42.8794],[-64.7056,-42.88],[-64.7037,-42.8803],[-64.7025,-42.8805],[-64.7028,-42.8821],[-64.7028,-42.8831],[-64.702,-42.8837],[-64.7012,-42.8849],[-64.7008,-42.8861],[-64.7004,-42.8872],[-64.6993,-42.8878],[-64.6984,-42.8896],[-64.6983,-42.8914],[-64.6975,-42.8929],[-64.6974,-42.8942],[-64.6963,-42.8953],[-64.6946,-42.8965],[-64.6933,-42.897],[-64.6896,-42.8982],[-64.6872,-42.899],[-64.6851,-42.8996],[-64.681,-42.9009],[-64.6793,-42.9008],[-64.6776,-42.9012],[-64.6759,-42.9018],[-64.6746,-42.902],[-64.6734,-42.9022],[-64.6707,-42.9023],[-64.6696,-42.9034],[-64.6678,-42.9052],[-64.6664,-42.9056],[-64.6652,-42.9066],[-64.664,-42.907],[-64.6599,-42.9078],[-64.656,-42.9095],[-64.6542,-42.9103],[-64.6508,-42.9112],[-64.6496,-42.9119],[-64.6467,-42.9125],[-64.6421,-42.9133],[-64.6379,-42.9141],[-64.6356,-42.9149],[-64.6346,-42.9149],[-64.6326,-42.9157],[-64.6312,-42.9165],[-64.6302,-42.9164],[-64.6268,-42.9173],[-64.6246,-42.9172],[-64.622,-42.9183],[-64.6164,-42.9193],[-64.6105,-42.9202],[-64.6069,-42.9205],[-64.6031,-42.9207],[-64.5995,-42.9209],[-64.5948,-42.9213],[-64.59,-42.9214],[-64.5866,-42.9218],[-64.582,-42.922],[-64.576,-42.9217],[-64.573,-42.922],[-64.5676,-42.9219],[-64.5638,-42.9219],[-64.5583,-42.9213],[-64.5568,-42.9214],[-64.5538,-42.9212],[-64.5506,-42.9207],[-64.548,-42.9199],[-64.5463,-42.9198],[-64.5447,-42.9194],[-64.5436,-42.9186],[-64.543,-42.9171],[-64.5421,-42.9177],[-64.5409,-42.918],[-64.5401,-42.9178],[-64.5393,-42.9181],[-64.5369,-42.9187],[-64.5358,-42.9191],[-64.5333,-42.9192],[-64.5321,-42.9195],[-64.5311,-42.9199],[-64.5302,-42.9202],[-64.5291,-42.9204],[-64.5283,-42.921],[-64.5271,-42.9213],[-64.5263,-42.9215],[-64.5244,-42.9218],[-64.5221,-42.9233],[-64.5214,-42.9244],[-64.5197,-42.9252],[-64.5188,-42.9257],[-64.5181,-42.9261],[-64.5167,-42.9263],[-64.5162,-42.927],[-64.5156,-42.9279],[-64.5144,-42.9288],[-64.513,-42.9292],[-64.512,-42.9297],[-64.5104,-42.9304],[-64.5095,-42.9316],[-64.5075,-42.9328],[-64.5066,-42.9343],[-64.5051,-42.9358],[-64.5041,-42.9369],[-64.5024,-42.9383],[-64.5017,-42.9394],[-64.5023,-42.9404],[-64.5022,-42.9413],[-64.5005,-42.942],[-64.4982,-42.9434],[-64.4968,-42.9446],[-64.4957,-42.9451],[-64.4922,-42.9459],[-64.4889,-42.9468],[-64.4852,-42.9472],[-64.4803,-42.9475],[-64.476,-42.9476],[-64.4724,-42.9478],[-64.4674,-42.9479],[-64.4636,-42.9476],[-64.4602,-42.9475],[-64.4542,-42.9472],[-64.4477,-42.9473],[-64.4421,-42.9471],[-64.4383,-42.9476],[-64.4359,-42.948],[-64.4337,-42.948],[-64.4321,-42.9488],[-64.4307,-42.9497],[-64.4287,-42.9505],[-64.4269,-42.9511],[-64.425,-42.952],[-64.422,-42.9527],[-64.4201,-42.9526],[-64.4164,-42.9525],[-64.414,-42.9534],[-64.4117,-42.9548],[-64.4106,-42.9544],[-64.4091,-42.954],[-64.408,-42.9538],[-64.4053,-42.9538],[-64.4034,-42.9543],[-64.4018,-42.9557],[-64.4005,-42.9565],[-64.399,-42.9565],[-64.3971,-42.9575],[-64.397,-42.9587],[-64.3961,-42.9594],[-64.3942,-42.9591],[-64.391,-42.9585],[-64.3867,-42.9582],[-64.3846,-42.9571],[-64.3811,-42.9562],[-64.3786,-42.9559],[-64.3765,-42.9547],[-64.374,-42.9532],[-64.3712,-42.9518],[-64.3693,-42.951],[-64.3659,-42.9494],[-64.3603,-42.9476],[-64.3561,-42.9459],[-64.354,-42.9447],[-64.3495,-42.9428],[-64.3457,-42.9416],[-64.3436,-42.9402],[-64.34,-42.9376],[-64.3378,-42.9355],[-64.3353,-42.9333],[-64.3338,-42.9329],[-64.3318,-42.9329],[-64.3297,-42.9336],[-64.329,-42.9342],[-64.3285,-42.9359],[-64.3277,-42.9379],[-64.3264,-42.9396],[-64.3253,-42.941],[-64.324,-42.942],[-64.3237,-42.9441],[-64.3231,-42.9451],[-64.3219,-42.9479],[-64.3216,-42.9499],[-64.3206,-42.9522],[-64.3203,-42.9543],[-64.3195,-42.9573],[-64.3184,-42.9589],[-64.3176,-42.961],[-64.3168,-42.9618],[-64.3163,-42.9626],[-64.3154,-42.9633],[-64.3135,-42.964],[-64.3114,-42.9651],[-64.3103,-42.9663],[-64.3094,-42.9672],[-64.3088,-42.9682],[-64.3085,-42.9697],[-64.3082,-42.9712],[-64.3085,-42.9725],[-64.3084,-42.9736],[-64.308,-42.9749],[-64.3075,-42.9763],[-64.3083,-42.9769],[-64.3086,-42.9777],[-64.3092,-42.9783],[-64.3096,-42.9799],[-64.3104,-42.9807],[-64.3115,-42.9814],[-64.3124,-42.9827],[-64.3135,-42.9832],[-64.3157,-42.9833],[-64.3172,-42.9834],[-64.3187,-42.9841],[-64.3201,-42.985],[-64.3209,-42.9856],[-64.3219,-42.9862],[-64.3232,-42.9866],[-64.3241,-42.9882],[-64.3248,-42.989],[-64.3251,-42.99],[-64.3256,-42.9922],[-64.3253,-42.9935],[-64.3253,-42.9945],[-64.3262,-42.9959],[-64.3273,-42.9969],[-64.3275,-42.9978],[-64.3292,-42.9983],[-64.3314,-42.9992],[-64.3329,-43.0001],[-64.3352,-43.0007],[-64.3387,-43.0008],[-64.3416,-43.0019],[-64.3442,-43.0035],[-64.3456,-43.0044],[-64.3487,-43.0057],[-64.3519,-43.0062],[-64.3547,-43.007],[-64.3572,-43.0073],[-64.3583,-43.0078],[-64.3609,-43.0085],[-64.3629,-43.0087],[-64.3649,-43.0098],[-64.3658,-43.0103],[-64.3681,-43.0109],[-64.3699,-43.0113],[-64.3714,-43.0125],[-64.3732,-43.0133],[-64.3743,-43.0138],[-64.3759,-43.0146],[-64.3779,-43.0153],[-64.3805,-43.0158],[-64.382,-43.0166],[-64.3837,-43.0174],[-64.3852,-43.0178],[-64.3865,-43.0181],[-64.3872,-43.0189],[-64.3883,-43.0197],[-64.3897,-43.0202],[-64.39,-43.021],[-64.3903,-43.0221],[-64.3907,-43.0227],[-64.3915,-43.0233],[-64.393,-43.0236],[-64.3939,-43.0246],[-64.3958,-43.0247],[-64.3984,-43.0252],[-64.4002,-43.0256],[-64.4019,-43.0259],[-64.4043,-43.027],[-64.4073,-43.0282],[-64.4082,-43.0289],[-64.4104,-43.0296],[-64.4127,-43.0302],[-64.4135,-43.0308],[-64.4155,-43.0324],[-64.4166,-43.0334],[-64.4182,-43.0341],[-64.4208,-43.0353],[-64.4236,-43.0366],[-64.4257,-43.0377],[-64.4275,-43.0385],[-64.4277,-43.0397],[-64.4295,-43.0407],[-64.4306,-43.0415],[-64.4322,-43.0424],[-64.4337,-43.0432],[-64.4344,-43.0443],[-64.4357,-43.0451],[-64.4363,-43.046],[-64.4376,-43.0465],[-64.4394,-43.0475],[-64.441,-43.048],[-64.4425,-43.0491],[-64.4434,-43.05],[-64.4445,-43.0513],[-64.4458,-43.052],[-64.4475,-43.0538],[-64.4496,-43.0544],[-64.4509,-43.055],[-64.4527,-43.056],[-64.4536,-43.057],[-64.4554,-43.0578],[-64.4567,-43.0591],[-64.4583,-43.0603],[-64.4589,-43.0613],[-64.4604,-43.0616],[-64.4624,-43.0617],[-64.4642,-43.0618],[-64.4663,-43.0626],[-64.4676,-43.0635],[-64.4695,-43.0646],[-64.4713,-43.0656],[-64.4724,-43.0662],[-64.4743,-43.0662],[-64.4757,-43.0658],[-64.4795,-43.0656],[-64.4814,-43.0659],[-64.4827,-43.0666],[-64.4851,-43.0673],[-64.4872,-43.0682],[-64.49,-43.0692],[-64.4928,-43.0699],[-64.4953,-43.0706],[-64.4976,-43.0715],[-64.5005,-43.0726],[-64.5025,-43.0731],[-64.5064,-43.0744],[-64.509,-43.0755],[-64.5113,-43.0761],[-64.5145,-43.0769],[-64.5177,-43.0782],[-64.5205,-43.0794],[-64.5248,-43.0804],[-64.527,-43.0818],[-64.5299,-43.0822],[-64.5312,-43.0829],[-64.5325,-43.0837],[-64.5341,-43.0841],[-64.5358,-43.0845],[-64.5382,-43.0851],[-64.5397,-43.0857],[-64.5417,-43.0865],[-64.5441,-43.0873],[-64.5467,-43.0884],[-64.5496,-43.0888],[-64.551,-43.0892],[-64.5528,-43.0899],[-64.5543,-43.0903],[-64.5558,-43.0905],[-64.5571,-43.0907],[-64.5587,-43.0907],[-64.5604,-43.0914],[-64.5646,-43.0923],[-64.568,-43.0933],[-64.5728,-43.0946],[-64.5774,-43.0959],[-64.5806,-43.0965],[-64.5829,-43.0974],[-64.5858,-43.098],[-64.5887,-43.0983],[-64.5935,-43.0991],[-64.5966,-43.1001],[-64.6002,-43.1013],[-64.6018,-43.1022],[-64.6053,-43.1032],[-64.6089,-43.104],[-64.6117,-43.1047],[-64.6137,-43.1055],[-64.6163,-43.1062],[-64.6183,-43.1067],[-64.6201,-43.1071],[-64.6238,-43.1076],[-64.6273,-43.1085],[-64.6301,-43.1093],[-64.6366,-43.0218],[-64.6506,-43.0118],[-65.1942,-43.0251],[-65.1677,-42.9667],[-65.0154,-42.8408],[-65.4285,-42.852],[-65.4417,-42.8523],[-65.445,-42.8526],[-65.6912,-42.8591],[-65.703,-42.8594],[-66.1816,-42.8691],[-66.2112,-41.9943]]]]},"geometry_name":"geom","properties":{"nombre":"PUERTO MADRYN"},"bbox":[-66.2112,-43.1093,-64.3075,-41.9925]},{"type":"Feature","id":"juzgados.9","geometry":{"type":"MultiPolygon","coordinates":[[[[-71.4161,-42.0455],[-71.4174,-42.1368],[-71.5831,-42.1356],[-71.5873,-42.1402],[-71.5888,-42.1419],[-71.5895,-42.1436],[-71.5905,-42.1447],[-71.5934,-42.1481],[-71.5968,-42.1516],[-71.603,-42.1526],[-71.6049,-42.1492],[-71.6051,-42.1436],[-71.6048,-42.1388],[-71.6041,-42.1349],[-71.6033,-42.1304],[-71.597,-42.1241],[-71.5928,-42.1202],[-71.5872,-42.115],[-71.5806,-42.1093],[-71.5751,-42.105],[-71.5705,-42.1021],[-71.5655,-42.0981],[-71.5611,-42.0946],[-71.5576,-42.0913],[-71.554,-42.0862],[-71.5522,-42.0808],[-71.5519,-42.0755],[-71.5537,-42.0692],[-71.5562,-42.0647],[-71.5607,-42.0616],[-71.5632,-42.058],[-71.5628,-42.0528],[-71.5583,-42.0499],[-71.5523,-42.0489],[-71.5433,-42.0472],[-71.5381,-42.0437],[-71.5337,-42.0415],[-71.5267,-42.042],[-71.5214,-42.0399],[-71.5145,-42.0373],[-71.509,-42.0395],[-71.5074,-42.0433],[-71.4161,-42.0455]]]]},"geometry_name":"geom","properties":{"nombre":"EL HOYO"},"bbox":[-71.6051,-42.1526,-71.4161,-42.0373]},{"type":"Feature","id":"juzgados.10","geometry":{"type":"MultiPolygon","coordinates":[[[[-71.4161,-42.0455],[-71.4149,-42.0455],[-71.4059,-42.0458],[-71.2936,-42.0488],[-71.2975,-42.1413],[-71.3048,-42.1492],[-71.3082,-42.1524],[-71.3079,-42.1533],[-71.3017,-42.1784],[-71.3009,-42.1813],[-71.31,-42.1893],[-71.3072,-42.1964],[-71.3122,-42.1995],[-71.315,-42.2013],[-71.3175,-42.2029],[-71.3221,-42.2065],[-71.3231,-42.2071],[-71.3288,-42.2137],[-71.3328,-42.2403],[-71.3511,-42.2718],[-71.3547,-42.2757],[-71.3563,-42.2764],[-71.3613,-42.2788],[-71.3643,-42.2802],[-71.3729,-42.284],[-71.3741,-42.2845],[-71.377,-42.289],[-71.383,-42.2892],[-71.385,-42.2915],[-71.3854,-42.2921],[-71.3995,-42.3084],[-71.4024,-42.3085],[-71.4054,-42.3085],[-71.4109,-42.3133],[-71.4148,-42.3173],[-71.5491,-42.316],[-71.5461,-42.2262],[-71.6581,-42.2226],[-71.6543,-42.2174],[-71.6507,-42.2145],[-71.6431,-42.2032],[-71.6405,-42.1981],[-71.6379,-42.1938],[-71.6321,-42.1895],[-71.6292,-42.1834],[-71.6274,-42.1775],[-71.6259,-42.1729],[-71.6209,-42.1698],[-71.6117,-42.1657],[-71.605,-42.1627],[-71.599,-42.1585],[-71.5955,-42.1547],[-71.5927,-42.149],[-71.5905,-42.1447],[-71.5895,-42.1436],[-71.5888,-42.1419],[-71.5873,-42.1402],[-71.5831,-42.1356],[-71.4174,-42.1368],[-71.4161,-42.0455]]]]},"geometry_name":"geom","properties":{"nombre":"EPUYEN"},"bbox":[-71.6581,-42.3173,-71.2936,-42.0455]},{"type":"Feature","id":"juzgados.11","geometry":{"type":"MultiPolygon","coordinates":[[[[-63.9153,-42.0952],[-63.9118,-42.0937],[-63.9068,-42.0921],[-63.9047,-42.0913],[-63.9014,-42.0905],[-63.8997,-42.0891],[-63.8959,-42.0876],[-63.8918,-42.0865],[-63.8883,-42.085],[-63.8853,-42.0844],[-63.8824,-42.0831],[-63.8767,-42.0822],[-63.8726,-42.0816],[-63.8675,-42.0805],[-63.8613,-42.0793],[-63.8548,-42.0772],[-63.8486,-42.076],[-63.8432,-42.0755],[-63.8354,-42.0745],[-63.8285,-42.0733],[-63.8214,-42.0716],[-63.813,-42.0708],[-63.8059,-42.07],[-63.7995,-42.0697],[-63.7981,-42.069],[-63.7959,-42.0702],[-63.7919,-42.0705],[-63.787,-42.0712],[-63.7822,-42.0714],[-63.7807,-42.0711],[-63.7747,-42.0709],[-63.771,-42.0714],[-63.7655,-42.0727],[-63.7609,-42.0738],[-63.7594,-42.0738],[-63.7579,-42.0762],[-63.7563,-42.0777],[-63.7534,-42.08],[-63.7511,-42.0826],[-63.7503,-42.0841],[-63.7467,-42.088],[-63.7444,-42.0908],[-63.7404,-42.0943],[-63.7388,-42.0958],[-63.7376,-42.0989],[-63.7356,-42.1017],[-63.7334,-42.1059],[-63.7319,-42.1094],[-63.7289,-42.1131],[-63.727,-42.1175],[-63.7252,-42.1212],[-63.7231,-42.1254],[-63.7212,-42.1298],[-63.7196,-42.134],[-63.7178,-42.1371],[-63.7177,-42.1389],[-63.7172,-42.1409],[-63.7164,-42.1431],[-63.716,-42.1453],[-63.7142,-42.1484],[-63.7133,-42.1513],[-63.7113,-42.1537],[-63.7086,-42.1574],[-63.7055,-42.1624],[-63.704,-42.1653],[-63.7033,-42.1695],[-63.7021,-42.1739],[-63.7006,-42.1775],[-63.6986,-42.1823],[-63.6969,-42.1854],[-63.6947,-42.1893],[-63.6926,-42.1926],[-63.6902,-42.1963],[-63.6865,-42.2013],[-63.6849,-42.2053],[-63.6821,-42.2095],[-63.6781,-42.2144],[-63.6743,-42.2194],[-63.6713,-42.2236],[-63.6673,-42.2277],[-63.6633,-42.2322],[-63.6586,-42.2374],[-63.6547,-42.2408],[-63.6491,-42.2464],[-63.646,-42.2507],[-63.6417,-42.2553],[-63.6376,-42.2607],[-63.6326,-42.2654],[-63.6282,-42.2708],[-63.6241,-42.2767],[-63.6186,-42.2845],[-63.6151,-42.2898],[-63.6129,-42.2937],[-63.6124,-42.2943],[-63.6094,-42.2992],[-63.6062,-42.3047],[-63.6042,-42.3104],[-63.6026,-42.3151],[-63.6013,-42.3202],[-63.5996,-42.3253],[-63.598,-42.3299],[-63.5989,-42.3336],[-63.5989,-42.3369],[-63.5991,-42.3417],[-63.5996,-42.3462],[-63.5993,-42.3505],[-63.5996,-42.3534],[-63.6002,-42.3575],[-63.6022,-42.3623],[-63.6039,-42.3671],[-63.6048,-42.3714],[-63.6055,-42.3768],[-63.6058,-42.3802],[-63.6065,-42.3859],[-63.6074,-42.3934],[-63.6082,-42.3986],[-63.6085,-42.4053],[-63.609,-42.4101],[-63.6084,-42.4137],[-63.6091,-42.4166],[-63.6091,-42.4193],[-63.6089,-42.4256],[-63.6087,-42.4314],[-63.6083,-42.4357],[-63.6083,-42.4397],[-63.608,-42.4429],[-63.607,-42.448],[-63.607,-42.4518],[-63.6058,-42.4583],[-63.6055,-42.4614],[-63.6054,-42.4659],[-63.606,-42.4702],[-63.606,-42.4736],[-63.6063,-42.4774],[-63.6054,-42.4803],[-63.6052,-42.4828],[-63.605,-42.4853],[-63.6051,-42.4875],[-63.6077,-42.4849],[-63.6066,-42.4838],[-63.6084,-42.4811],[-63.6076,-42.4757],[-63.6069,-42.4705],[-63.6072,-42.4635],[-63.6072,-42.4561],[-63.6086,-42.4472],[-63.6094,-42.4414],[-63.61,-42.4338],[-63.6103,-42.4268],[-63.6106,-42.4201],[-63.6111,-42.414],[-63.6108,-42.4104],[-63.6117,-42.4075],[-63.612,-42.4041],[-63.6124,-42.3994],[-63.6124,-42.3988],[-63.6124,-42.3961],[-63.6107,-42.3937],[-63.6108,-42.3897],[-63.6111,-42.3861],[-63.6103,-42.384],[-63.6101,-42.3804],[-63.6102,-42.3789],[-63.6084,-42.3754],[-63.608,-42.372],[-63.6082,-42.3698],[-63.6086,-42.3689],[-63.6081,-42.3673],[-63.608,-42.3655],[-63.6067,-42.3627],[-63.6063,-42.3607],[-63.6071,-42.3585],[-63.6057,-42.3566],[-63.6052,-42.3552],[-63.6078,-42.3533],[-63.6085,-42.3495],[-63.6089,-42.3473],[-63.6094,-42.3453],[-63.6108,-42.3433],[-63.6112,-42.3422],[-63.6111,-42.3398],[-63.6137,-42.3383],[-63.6166,-42.3355],[-63.6194,-42.3312],[-63.6191,-42.328],[-63.6218,-42.3245],[-63.6258,-42.3209],[-63.6322,-42.3169],[-63.6357,-42.315],[-63.6361,-42.3099],[-63.6344,-42.3082],[-63.6299,-42.3083],[-63.6259,-42.3081],[-63.6234,-42.3059],[-63.6287,-42.3037],[-63.6326,-42.3016],[-63.6332,-42.2976],[-63.6331,-42.2956],[-63.6325,-42.2915],[-63.6367,-42.2886],[-63.6406,-42.2854],[-63.6399,-42.2835],[-63.6441,-42.2801],[-63.6466,-42.2793],[-63.65,-42.2786],[-63.653,-42.2781],[-63.6528,-42.2808],[-63.6557,-42.282],[-63.6575,-42.2832],[-63.6541,-42.2873],[-63.6489,-42.2907],[-63.6494,-42.2925],[-63.6538,-42.2943],[-63.6571,-42.2945],[-63.6623,-42.29],[-63.6696,-42.2831],[-63.6747,-42.2766],[-63.6773,-42.2711],[-63.6754,-42.2676],[-63.676,-42.2645],[-63.679,-42.2647],[-63.6823,-42.2684],[-63.6801,-42.2766],[-63.6786,-42.2806],[-63.6741,-42.2833],[-63.6734,-42.2851],[-63.6709,-42.2888],[-63.667,-42.2924],[-63.6641,-42.2943],[-63.664,-42.2959],[-63.66,-42.3],[-63.6563,-42.3034],[-63.6542,-42.3067],[-63.6512,-42.3102],[-63.6508,-42.3122],[-63.6534,-42.3132],[-63.6573,-42.3102],[-63.6606,-42.3072],[-63.6622,-42.3057],[-63.6629,-42.3044],[-63.6639,-42.3033],[-63.6666,-42.3043],[-63.666,-42.307],[-63.6639,-42.3078],[-63.6626,-42.3084],[-63.6606,-42.3108],[-63.6598,-42.3121],[-63.6572,-42.3145],[-63.6559,-42.3162],[-63.6557,-42.318],[-63.6517,-42.3223],[-63.6462,-42.3266],[-63.6432,-42.3294],[-63.6416,-42.3308],[-63.6435,-42.3334],[-63.6429,-42.3372],[-63.6411,-42.34],[-63.6373,-42.3421],[-63.6361,-42.3416],[-63.6329,-42.3435],[-63.631,-42.3452],[-63.6289,-42.3478],[-63.627,-42.3495],[-63.6247,-42.3505],[-63.6233,-42.3529],[-63.6222,-42.356],[-63.622,-42.3581],[-63.6216,-42.3628],[-63.6204,-42.3654],[-63.6183,-42.3687],[-63.6165,-42.3724],[-63.6157,-42.3749],[-63.6154,-42.3778],[-63.6154,-42.3784],[-63.6155,-42.3809],[-63.615,-42.3829],[-63.6157,-42.3854],[-63.6161,-42.3881],[-63.6162,-42.3904],[-63.6165,-42.3938],[-63.6162,-42.3971],[-63.6158,-42.3985],[-63.6171,-42.4012],[-63.6175,-42.4037],[-63.6171,-42.4075],[-63.6169,-42.41],[-63.6161,-42.4127],[-63.6155,-42.416],[-63.6153,-42.418],[-63.6157,-42.4207],[-63.6145,-42.4241],[-63.6143,-42.4263],[-63.6134,-42.4294],[-63.6142,-42.4308],[-63.6141,-42.4326],[-63.6136,-42.4344],[-63.6132,-42.4357],[-63.6133,-42.4375],[-63.613,-42.4384],[-63.6131,-42.4406],[-63.6133,-42.442],[-63.6129,-42.4431],[-63.6125,-42.444],[-63.6133,-42.4449],[-63.6135,-42.4467],[-63.6127,-42.4487],[-63.6128,-42.451],[-63.6123,-42.453],[-63.6124,-42.455],[-63.6123,-42.4573],[-63.6122,-42.4584],[-63.6111,-42.4599],[-63.6113,-42.4619],[-63.6114,-42.4642],[-63.6115,-42.4658],[-63.6108,-42.4669],[-63.611,-42.4684],[-63.612,-42.4707],[-63.6119,-42.4716],[-63.6121,-42.4737],[-63.6118,-42.477],[-63.612,-42.4782],[-63.6118,-42.48],[-63.6118,-42.4806],[-63.6123,-42.4818],[-63.6124,-42.4834],[-63.612,-42.4854],[-63.6112,-42.4869],[-63.6099,-42.488],[-63.6092,-42.4895],[-63.6087,-42.4915],[-63.6079,-42.4939],[-63.6077,-42.496],[-63.6078,-42.4987],[-63.607,-42.5004],[-63.6056,-42.5022],[-63.6034,-42.5036],[-63.6018,-42.5045],[-63.6002,-42.5055],[-63.599,-42.5084],[-63.5997,-42.5109],[-63.602,-42.513],[-63.6039,-42.5158],[-63.6042,-42.5192],[-63.6043,-42.5217],[-63.6044,-42.5237],[-63.6048,-42.526],[-63.6046,-42.5284],[-63.6044,-42.5304],[-63.6042,-42.5327],[-63.6047,-42.5341],[-63.6055,-42.5359],[-63.6052,-42.5386],[-63.6053,-42.5413],[-63.6047,-42.5444],[-63.6036,-42.5473],[-63.6027,-42.5502],[-63.6019,-42.5524],[-63.6006,-42.5537],[-63.5999,-42.5545],[-63.5998,-42.5563],[-63.5992,-42.5588],[-63.5973,-42.5605],[-63.5965,-42.5625],[-63.5952,-42.5638],[-63.5944,-42.5653],[-63.5925,-42.5668],[-63.5915,-42.5676],[-63.5913,-42.5701],[-63.5912,-42.5712],[-63.5907,-42.5728],[-63.59,-42.5736],[-63.5905,-42.5759],[-63.5906,-42.5777],[-63.5907,-42.5797],[-63.5897,-42.5806],[-63.5897,-42.5813],[-63.5899,-42.5826],[-63.5895,-42.584],[-63.5894,-42.5849],[-63.5877,-42.5866],[-63.587,-42.5881],[-63.585,-42.5896],[-63.5861,-42.5912],[-63.5874,-42.5938],[-63.5881,-42.596],[-63.5876,-42.598],[-63.5875,-42.5996],[-63.5861,-42.6011],[-63.5845,-42.6024],[-63.5846,-42.6044],[-63.5851,-42.6065],[-63.5852,-42.6083],[-63.5857,-42.6099],[-63.5879,-42.6122],[-63.5926,-42.6149],[-63.5951,-42.6173],[-63.5983,-42.6188],[-63.6008,-42.6212],[-63.604,-42.624],[-63.6064,-42.6271],[-63.6071,-42.6298],[-63.6074,-42.6332],[-63.608,-42.6368],[-63.6099,-42.6403],[-63.6114,-42.6435],[-63.614,-42.647],[-63.6156,-42.6489],[-63.6173,-42.6505],[-63.6184,-42.6526],[-63.62,-42.6551],[-63.6207,-42.6576],[-63.6205,-42.659],[-63.6195,-42.6605],[-63.6207,-42.6637],[-63.6215,-42.6651],[-63.6225,-42.6679],[-63.6229,-42.6706],[-63.6233,-42.6728],[-63.6232,-42.6735],[-63.625,-42.6738],[-63.6268,-42.6753],[-63.6284,-42.6778],[-63.6297,-42.6801],[-63.6313,-42.6827],[-63.6329,-42.6852],[-63.6345,-42.688],[-63.6371,-42.6901],[-63.6393,-42.6929],[-63.6403,-42.6946],[-63.6414,-42.6966],[-63.6412,-42.6984],[-63.6411,-42.7],[-63.6401,-42.7006],[-63.6415,-42.7025],[-63.6428,-42.7055],[-63.6428,-42.7082],[-63.6423,-42.7102],[-63.6422,-42.7115],[-63.6427,-42.7127],[-63.6411,-42.7137],[-63.6382,-42.7154],[-63.6375,-42.7165],[-63.638,-42.7176],[-63.6382,-42.7188],[-63.6394,-42.7199],[-63.6394,-42.7231],[-63.6398,-42.7254],[-63.6393,-42.7276],[-63.6389,-42.7289],[-63.6388,-42.7298],[-63.6388,-42.7305],[-63.6389,-42.7321],[-63.6388,-42.7339],[-63.6372,-42.7347],[-63.6354,-42.7344],[-63.6353,-42.7351],[-63.6358,-42.7364],[-63.6345,-42.737],[-63.636,-42.738],[-63.6367,-42.7401],[-63.6368,-42.7425],[-63.6356,-42.7461],[-63.6355,-42.747],[-63.6347,-42.7488],[-63.6334,-42.7505],[-63.6317,-42.752],[-63.6316,-42.7533],[-63.6312,-42.7544],[-63.632,-42.7558],[-63.6345,-42.7591],[-63.6344,-42.7602],[-63.6337,-42.7613],[-63.6357,-42.7627],[-63.6365,-42.7639],[-63.6382,-42.7647],[-63.6416,-42.7648],[-63.6424,-42.766],[-63.6442,-42.7661],[-63.6476,-42.7664],[-63.649,-42.7674],[-63.6507,-42.7691],[-63.653,-42.771],[-63.6546,-42.7733],[-63.6545,-42.7746],[-63.6576,-42.7739],[-63.6591,-42.7737],[-63.6616,-42.7739],[-63.6637,-42.7746],[-63.6651,-42.7756],[-63.6662,-42.7768],[-63.6673,-42.7784],[-63.6678,-42.7798],[-63.6689,-42.7805],[-63.6716,-42.7811],[-63.6737,-42.7816],[-63.6746,-42.7826],[-63.6763,-42.784],[-63.6775,-42.7845],[-63.6792,-42.7859],[-63.6796,-42.7875],[-63.6786,-42.7888],[-63.6788,-42.7897],[-63.6819,-42.7894],[-63.6835,-42.7888],[-63.6859,-42.7889],[-63.6886,-42.7897],[-63.6901,-42.7905],[-63.6934,-42.7913],[-63.697,-42.7919],[-63.7,-42.7927],[-63.7023,-42.7938],[-63.7049,-42.7957],[-63.7057,-42.7971],[-63.7065,-42.7987],[-63.7077,-42.7985],[-63.7089,-42.7992],[-63.71,-42.8004],[-63.7106,-42.8011],[-63.7134,-42.7997],[-63.7155,-42.8],[-63.7194,-42.8011],[-63.7218,-42.8023],[-63.7229,-42.8037],[-63.7248,-42.8056],[-63.7254,-42.8067],[-63.7283,-42.8076],[-63.7307,-42.8081],[-63.7328,-42.8091],[-63.7334,-42.8096],[-63.7358,-42.8101],[-63.7385,-42.81],[-63.7392,-42.8087],[-63.7418,-42.8075],[-63.7446,-42.8069],[-63.7464,-42.807],[-63.7492,-42.8069],[-63.7507,-42.8066],[-63.7531,-42.8071],[-63.7541,-42.8065],[-63.7559,-42.807],[-63.7583,-42.8074],[-63.7604,-42.8072],[-63.764,-42.8081],[-63.7655,-42.8088],[-63.767,-42.8091],[-63.7691,-42.8092],[-63.7709,-42.8095],[-63.7725,-42.8094],[-63.7746,-42.8095],[-63.7768,-42.8096],[-63.7786,-42.8099],[-63.7828,-42.8105],[-63.7858,-42.8109],[-63.7889,-42.8108],[-63.7913,-42.8113],[-63.7961,-42.8122],[-63.7985,-42.8128],[-63.7993,-42.8137],[-63.8017,-42.8143],[-63.8047,-42.8147],[-63.8071,-42.8154],[-63.8095,-42.8162],[-63.8107,-42.8163],[-63.8116,-42.8172],[-63.8118,-42.8181],[-63.8117,-42.8195],[-63.8122,-42.8202],[-63.8141,-42.8196],[-63.8156,-42.8199],[-63.8175,-42.8197],[-63.8193,-42.8191],[-63.8202,-42.8192],[-63.8214,-42.8197],[-63.8223,-42.8202],[-63.8238,-42.8207],[-63.8268,-42.8213],[-63.8287,-42.8205],[-63.8308,-42.8206],[-63.8339,-42.8209],[-63.8378,-42.8216],[-63.8405,-42.8221],[-63.8425,-42.8233],[-63.8437,-42.8243],[-63.8445,-42.825],[-63.8483,-42.8238],[-63.8531,-42.8245],[-63.8567,-42.8253],[-63.8618,-42.8262],[-63.8651,-42.8273],[-63.8706,-42.8278],[-63.8735,-42.8295],[-63.8752,-42.8313],[-63.8757,-42.8323],[-63.8756,-42.8332],[-63.8778,-42.8328],[-63.88,-42.8316],[-63.884,-42.8315],[-63.8879,-42.8324],[-63.8898,-42.8324],[-63.8916,-42.8325],[-63.8942,-42.8335],[-63.8973,-42.8332],[-63.9007,-42.8329],[-63.9041,-42.8331],[-63.9064,-42.8339],[-63.9083,-42.833],[-63.9098,-42.8338],[-63.9097,-42.8349],[-63.9105,-42.8361],[-63.9132,-42.8371],[-63.9164,-42.8388],[-63.9194,-42.8403],[-63.9212,-42.8408],[-63.9237,-42.8398],[-63.9262,-42.8392],[-63.9299,-42.839],[-63.9357,-42.8392],[-63.942,-42.8402],[-63.9468,-42.8408],[-63.9514,-42.8415],[-63.9559,-42.8426],[-63.961,-42.8439],[-63.9633,-42.8447],[-63.9663,-42.8457],[-63.9677,-42.8474],[-63.969,-42.8461],[-63.9739,-42.8463],[-63.9781,-42.8469],[-63.9806,-42.847],[-63.9839,-42.8479],[-63.9854,-42.8484],[-63.9878,-42.8485],[-63.9896,-42.8492],[-63.9916,-42.8502],[-63.9937,-42.8514],[-63.9945,-42.8519],[-63.9967,-42.8513],[-63.9985,-42.8519],[-64.0016,-42.8522],[-64.0033,-42.8528],[-64.0032,-42.8541],[-64.0065,-42.8554],[-64.008,-42.8554],[-64.0098,-42.8566],[-64.0118,-42.8574],[-64.0146,-42.8569],[-64.0167,-42.8576],[-64.0206,-42.8585],[-64.0224,-42.8597],[-64.0248,-42.86],[-64.027,-42.8594],[-64.0315,-42.8598],[-64.0339,-42.8604],[-64.0376,-42.8606],[-64.0421,-42.8612],[-64.0448,-42.862],[-64.05,-42.8624],[-64.0536,-42.8635],[-64.0557,-42.8636],[-64.0605,-42.8642],[-64.0641,-42.8655],[-64.0668,-42.8656],[-64.0704,-42.8665],[-64.074,-42.8675],[-64.0765,-42.8676],[-64.0791,-42.8689],[-64.0812,-42.8694],[-64.0836,-42.8706],[-64.0857,-42.8712],[-64.0867,-42.8701],[-64.0891,-42.87],[-64.0912,-42.871],[-64.0945,-42.8718],[-64.0956,-42.8734],[-64.0974,-42.8739],[-64.0992,-42.8736],[-64.1011,-42.8736],[-64.1026,-42.8742],[-64.1043,-42.8749],[-64.1061,-42.8757],[-64.1098,-42.8756],[-64.1129,-42.8751],[-64.1163,-42.875],[-64.1194,-42.874],[-64.1224,-42.8743],[-64.1252,-42.8745],[-64.1286,-42.8739],[-64.1305,-42.8733],[-64.1327,-42.8727],[-64.1339,-42.873],[-64.1358,-42.872],[-64.1382,-42.8716],[-64.1413,-42.8715],[-64.1432,-42.8712],[-64.1451,-42.8703],[-64.1462,-42.8681],[-64.1476,-42.866],[-64.1492,-42.8645],[-64.1509,-42.8629],[-64.1533,-42.8624],[-64.1546,-42.8622],[-64.156,-42.8598],[-64.157,-42.8583],[-64.1569,-42.8565],[-64.1569,-42.8556],[-64.1595,-42.8543],[-64.1633,-42.852],[-64.1649,-42.8509],[-64.1681,-42.85],[-64.1694,-42.8491],[-64.1714,-42.8469],[-64.1743,-42.8446],[-64.1759,-42.844],[-64.1774,-42.8436],[-64.1792,-42.8407],[-64.182,-42.8397],[-64.1833,-42.8387],[-64.1859,-42.8365],[-64.1864,-42.835],[-64.188,-42.8339],[-64.1899,-42.8331],[-64.1906,-42.832],[-64.1919,-42.8305],[-64.1932,-42.8299],[-64.1942,-42.8288],[-64.1943,-42.8277],[-64.1944,-42.8263],[-64.1951,-42.8248],[-64.1952,-42.8232],[-64.1968,-42.8226],[-64.1984,-42.8215],[-64.1995,-42.8198],[-64.2005,-42.8185],[-64.2011,-42.8178],[-64.2024,-42.8176],[-64.2037,-42.817],[-64.2047,-42.8148],[-64.2055,-42.8124],[-64.2069,-42.8111],[-64.2088,-42.8096],[-64.2096,-42.8078],[-64.2115,-42.8063],[-64.2123,-42.8058],[-64.2134,-42.8051],[-64.216,-42.8036],[-64.218,-42.8017],[-64.2196,-42.8004],[-64.2213,-42.7986],[-64.2241,-42.7974],[-64.2273,-42.7953],[-64.2302,-42.7936],[-64.2334,-42.7913],[-64.2345,-42.7891],[-64.2365,-42.7876],[-64.2387,-42.7863],[-64.242,-42.7829],[-64.2441,-42.7796],[-64.2466,-42.7756],[-64.2493,-42.7715],[-64.2517,-42.768],[-64.2541,-42.7647],[-64.2553,-42.7614],[-64.2562,-42.7576],[-64.2579,-42.7547],[-64.259,-42.7521],[-64.2595,-42.7503],[-64.261,-42.7463],[-64.2616,-42.7432],[-64.2615,-42.7398],[-64.2605,-42.7368],[-64.2569,-42.7329],[-64.2549,-42.7298],[-64.2533,-42.7269],[-64.2518,-42.7236],[-64.2502,-42.72],[-64.2487,-42.7163],[-64.2468,-42.7131],[-64.2452,-42.7094],[-64.2451,-42.7065],[-64.2451,-42.7027],[-64.2454,-42.6986],[-64.246,-42.6955],[-64.2455,-42.6935],[-64.2459,-42.6921],[-64.2465,-42.6892],[-64.2469,-42.687],[-64.247,-42.6859],[-64.2479,-42.6823],[-64.2487,-42.6805],[-64.25,-42.6792],[-64.2477,-42.6771],[-64.2457,-42.6752],[-64.2453,-42.6725],[-64.2409,-42.6705],[-64.2399,-42.6669],[-64.2402,-42.664],[-64.2391,-42.6615],[-64.2386,-42.6603],[-64.2357,-42.6589],[-64.2328,-42.6572],[-64.2314,-42.6549],[-64.23,-42.6528],[-64.229,-42.6505],[-64.2282,-42.6486],[-64.2268,-42.6472],[-64.2256,-42.6434],[-64.2245,-42.6381],[-64.2267,-42.6333],[-64.2275,-42.6304],[-64.2279,-42.6288],[-64.2294,-42.6255],[-64.2318,-42.6213],[-64.2351,-42.6179],[-64.2384,-42.6151],[-64.2413,-42.6127],[-64.2445,-42.6115],[-64.2489,-42.6131],[-64.2513,-42.6134],[-64.2537,-42.6142],[-64.2548,-42.6153],[-64.257,-42.6154],[-64.2584,-42.6166],[-64.2615,-42.6154],[-64.2646,-42.6148],[-64.267,-42.6156],[-64.2681,-42.6168],[-64.2689,-42.6185],[-64.2697,-42.6168],[-64.2697,-42.6157],[-64.2716,-42.6156],[-64.274,-42.6154],[-64.273,-42.6129],[-64.2735,-42.6107],[-64.2714,-42.6095],[-64.2692,-42.6069],[-64.2678,-42.6051],[-64.267,-42.6032],[-64.2657,-42.6012],[-64.264,-42.5986],[-64.2596,-42.5966],[-64.2588,-42.5948],[-64.2587,-42.5925],[-64.2596,-42.589],[-64.263,-42.5846],[-64.2663,-42.5814],[-64.2695,-42.5784],[-64.2711,-42.5773],[-64.2725,-42.5756],[-64.2738,-42.5747],[-64.2755,-42.5755],[-64.2773,-42.5755],[-64.2775,-42.5742],[-64.2784,-42.5731],[-64.2797,-42.5725],[-64.2828,-42.5719],[-64.2837,-42.572],[-64.2849,-42.5727],[-64.2864,-42.5721],[-64.29,-42.5727],[-64.2921,-42.5737],[-64.2935,-42.5749],[-64.2946,-42.5763],[-64.2943,-42.5771],[-64.2958,-42.5772],[-64.2976,-42.5775],[-64.2991,-42.5782],[-64.3002,-42.5796],[-64.3014,-42.5792],[-64.3017,-42.5801],[-64.3034,-42.5813],[-64.3046,-42.5818],[-64.3058,-42.5819],[-64.3075,-42.5833],[-64.3087,-42.5836],[-64.3094,-42.5823],[-64.3098,-42.5807],[-64.3112,-42.579],[-64.311,-42.5774],[-64.3102,-42.5755],[-64.3106,-42.5742],[-64.3107,-42.5733],[-64.3098,-42.5728],[-64.3099,-42.571],[-64.309,-42.5695],[-64.3099,-42.5679],[-64.3109,-42.5668],[-64.3116,-42.5652],[-64.3138,-42.5647],[-64.3129,-42.5637],[-64.3121,-42.5628],[-64.3119,-42.5617],[-64.3098,-42.5611],[-64.3092,-42.5604],[-64.3087,-42.5597],[-64.3082,-42.5586],[-64.3076,-42.5574],[-64.3092,-42.557],[-64.3093,-42.5553],[-64.3104,-42.5526],[-64.3122,-42.5497],[-64.3132,-42.548],[-64.3163,-42.5446],[-64.3171,-42.5436],[-64.3236,-42.5389],[-64.3293,-42.5351],[-64.3357,-42.5313],[-64.3456,-42.5286],[-64.3487,-42.5278],[-64.3548,-42.5276],[-64.3578,-42.5291],[-64.3582,-42.5309],[-64.3638,-42.5293],[-64.3702,-42.5251],[-64.3784,-42.5223],[-64.3877,-42.5191],[-64.3978,-42.5145],[-64.4071,-42.5117],[-64.4101,-42.5119],[-64.412,-42.511],[-64.4219,-42.5087],[-64.4349,-42.5065],[-64.4372,-42.5075],[-64.4422,-42.5055],[-64.4466,-42.5043],[-64.4496,-42.5044],[-64.4571,-42.502],[-64.4657,-42.501],[-64.4731,-42.4995],[-64.4817,-42.4985],[-64.4902,-42.4975],[-64.5036,-42.4971],[-64.5079,-42.4968],[-64.5121,-42.4979],[-64.5151,-42.4989],[-64.5194,-42.4982],[-64.5225,-42.497],[-64.5269,-42.4953],[-64.5324,-42.4951],[-64.5392,-42.4931],[-64.5448,-42.492],[-64.5528,-42.4905],[-64.5626,-42.4886],[-64.5736,-42.4881],[-64.5839,-42.489],[-64.5911,-42.4906],[-64.5939,-42.493],[-64.5982,-42.4936],[-64.6054,-42.4939],[-64.6146,-42.4938],[-64.6274,-42.4934],[-64.6282,-42.4936],[-64.6387,-42.4965],[-64.643,-42.4996],[-64.6454,-42.5006],[-64.6484,-42.5014],[-64.6496,-42.5023],[-64.6556,-42.5026],[-64.6614,-42.5032],[-64.6683,-42.5044],[-64.6748,-42.5064],[-64.681,-42.5089],[-64.6864,-42.5105],[-64.692,-42.5134],[-64.6952,-42.5158],[-64.6984,-42.5175],[-64.6996,-42.5184],[-64.7005,-42.5184],[-64.7027,-42.521],[-64.7057,-42.5218],[-64.7098,-42.5242],[-64.7131,-42.5257],[-64.7172,-42.5276],[-64.7198,-42.5297],[-64.723,-42.5319],[-64.7246,-42.5329],[-64.7454,-42.2102],[-64.7401,-42.2114],[-64.7188,-42.2138],[-64.7048,-42.2137],[-64.6964,-42.2134],[-64.6908,-42.2154],[-64.6804,-42.2168],[-64.6755,-42.2184],[-64.6686,-42.2209],[-64.6595,-42.2219],[-64.6448,-42.2236],[-64.6301,-42.2262],[-64.618,-42.2271],[-64.6131,-42.2278],[-64.5978,-42.2294],[-64.5814,-42.2306],[-64.5637,-42.2317],[-64.554,-42.2327],[-64.5492,-42.2325],[-64.5448,-42.2337],[-64.5351,-42.2338],[-64.5255,-42.2338],[-64.52,-42.2341],[-64.5146,-42.2334],[-64.5067,-42.2335],[-64.5007,-42.2333],[-64.4976,-42.2341],[-64.4909,-42.2347],[-64.4848,-42.2345],[-64.4794,-42.2347],[-64.4727,-42.2345],[-64.4708,-42.2362],[-64.4647,-42.2364],[-64.4699,-42.2397],[-64.4775,-42.2445],[-64.4822,-42.2465],[-64.4855,-42.2507],[-64.4877,-42.2539],[-64.4911,-42.2577],[-64.4975,-42.2611],[-64.5051,-42.2641],[-64.5085,-42.2674],[-64.5082,-42.2714],[-64.511,-42.2747],[-64.5212,-42.2773],[-64.5259,-42.2793],[-64.5268,-42.2829],[-64.5267,-42.2843],[-64.534,-42.2846],[-64.5428,-42.2876],[-64.5474,-42.2923],[-64.5542,-42.2979],[-64.5587,-42.3031],[-64.5597,-42.3067],[-64.5635,-42.3123],[-64.5674,-42.3174],[-64.5682,-42.3237],[-64.568,-42.3268],[-64.5677,-42.33],[-64.5675,-42.3331],[-64.5668,-42.3349],[-64.5684,-42.3376],[-64.5706,-42.3409],[-64.5704,-42.3445],[-64.5731,-42.3482],[-64.576,-42.3501],[-64.5777,-42.3524],[-64.5776,-42.3542],[-64.5822,-42.3571],[-64.5856,-42.3604],[-64.5898,-42.3619],[-64.5909,-42.3637],[-64.5949,-42.3666],[-64.5947,-42.3702],[-64.5932,-42.3737],[-64.593,-42.3759],[-64.5934,-42.3796],[-64.5957,-42.381],[-64.5975,-42.382],[-64.6004,-42.3839],[-64.6045,-42.3863],[-64.6093,-42.3865],[-64.611,-42.3879],[-64.6139,-42.3893],[-64.6181,-42.3909],[-64.6197,-42.3945],[-64.6201,-42.3972],[-64.621,-42.4013],[-64.6204,-42.4031],[-64.6195,-42.4062],[-64.6198,-42.4098],[-64.62,-42.4107],[-64.6197,-42.4116],[-64.6201,-42.4139],[-64.62,-42.4157],[-64.6175,-42.4174],[-64.6167,-42.4196],[-64.6159,-42.4223],[-64.6122,-42.4226],[-64.6086,-42.4229],[-64.6068,-42.4224],[-64.602,-42.4213],[-64.5976,-42.4229],[-64.5921,-42.4241],[-64.5878,-42.4248],[-64.5842,-42.4233],[-64.5837,-42.4219],[-64.5802,-42.4209],[-64.5803,-42.4196],[-64.5779,-42.419],[-64.5754,-42.4194],[-64.573,-42.4197],[-64.5727,-42.4229],[-64.5726,-42.4256],[-64.5688,-42.4272],[-64.5613,-42.4296],[-64.5565,-42.4294],[-64.5536,-42.4275],[-64.5513,-42.4256],[-64.5459,-42.4241],[-64.543,-42.4226],[-64.5426,-42.4194],[-64.5416,-42.4171],[-64.5402,-42.4189],[-64.5388,-42.4215],[-64.5351,-42.4232],[-64.5301,-42.4253],[-64.524,-42.425],[-64.5173,-42.4248],[-64.5142,-42.426],[-64.5092,-42.4276],[-64.5001,-42.4277],[-64.4935,-42.4265],[-64.4913,-42.4237],[-64.4915,-42.4201],[-64.4912,-42.4165],[-64.4883,-42.4151],[-64.4872,-42.4128],[-64.4841,-42.414],[-64.482,-42.4175],[-64.4837,-42.4194],[-64.4859,-42.4226],[-64.4863,-42.4253],[-64.4867,-42.4285],[-64.4835,-42.4311],[-64.4796,-42.4341],[-64.4759,-42.4353],[-64.471,-42.436],[-64.4667,-42.4358],[-64.465,-42.4348],[-64.4602,-42.4342],[-64.4565,-42.4341],[-64.4541,-42.434],[-64.453,-42.433],[-64.4522,-42.4348],[-64.4466,-42.4364],[-64.4429,-42.4371],[-64.4332,-42.4372],[-64.426,-42.4369],[-64.4212,-42.4349],[-64.4202,-42.4331],[-64.4166,-42.4316],[-64.4149,-42.4297],[-64.4113,-42.4295],[-64.4108,-42.4277],[-64.4071,-42.4285],[-64.4035,-42.4283],[-64.4018,-42.4269],[-64.3957,-42.4271],[-64.389,-42.4269],[-64.3824,-42.4257],[-64.3789,-42.4237],[-64.3785,-42.4219],[-64.3749,-42.4213],[-64.3712,-42.4212],[-64.3695,-42.4198],[-64.3669,-42.4228],[-64.3613,-42.4239],[-64.357,-42.4242],[-64.3522,-42.424],[-64.3493,-42.4221],[-64.3457,-42.421],[-64.3367,-42.4193],[-64.3339,-42.4165],[-64.331,-42.415],[-64.3318,-42.4128],[-64.3294,-42.4118],[-64.3278,-42.4091],[-64.3229,-42.4089],[-64.3211,-42.4092],[-64.3179,-42.4109],[-64.3126,-42.4098],[-64.3082,-42.4069],[-64.3063,-42.4041],[-64.304,-42.4022],[-64.3016,-42.402],[-64.3004,-42.4019],[-64.2972,-42.4042],[-64.2969,-42.4074],[-64.2956,-42.4091],[-64.2924,-42.4117],[-64.2868,-42.4128],[-64.282,-42.4126],[-64.2777,-42.4133],[-64.2698,-42.413],[-64.2662,-42.4119],[-64.2619,-42.4127],[-64.2582,-42.4139],[-64.2546,-42.4133],[-64.2486,-42.413],[-64.2462,-42.4125],[-64.2436,-42.4137],[-64.2411,-42.4154],[-64.2374,-42.4161],[-64.2351,-42.4147],[-64.2344,-42.4156],[-64.2289,-42.4162],[-64.2266,-42.4148],[-64.2229,-42.4151],[-64.2203,-42.4168],[-64.2172,-42.4184],[-64.2123,-42.4191],[-64.2033,-42.4174],[-64.1991,-42.4163],[-64.1968,-42.4144],[-64.1944,-42.4143],[-64.1908,-42.4133],[-64.1907,-42.4151],[-64.1888,-42.4164],[-64.1851,-42.4167],[-64.1809,-42.4165],[-64.1804,-42.4151],[-64.1785,-42.4164],[-64.1754,-42.4167],[-64.1724,-42.4166],[-64.1712,-42.4161],[-64.1698,-42.4178],[-64.1661,-42.4186],[-64.1631,-42.4189],[-64.16,-42.4196],[-64.1569,-42.42],[-64.1497,-42.4197],[-64.1465,-42.4213],[-64.1452,-42.4222],[-64.1432,-42.4224],[-64.1421,-42.4227],[-64.1409,-42.4225],[-64.1414,-42.4238],[-64.1413,-42.4249],[-64.1404,-42.4251],[-64.1379,-42.4259],[-64.1367,-42.4256],[-64.1352,-42.4251],[-64.1336,-42.426],[-64.1312,-42.4261],[-64.1279,-42.4255],[-64.1258,-42.4247],[-64.1214,-42.4236],[-64.1202,-42.4225],[-64.1178,-42.4224],[-64.1143,-42.4209],[-64.1109,-42.4176],[-64.1075,-42.4143],[-64.1048,-42.4101],[-64.1029,-42.4069],[-64.1006,-42.4052],[-64.0993,-42.4029],[-64.0988,-42.4011],[-64.097,-42.4006],[-64.0929,-42.3992],[-64.0918,-42.3979],[-64.0906,-42.3969],[-64.0873,-42.3963],[-64.0856,-42.396],[-64.0806,-42.3935],[-64.079,-42.3908],[-64.077,-42.3889],[-64.0737,-42.3879],[-64.0721,-42.3862],[-64.0698,-42.3845],[-64.0681,-42.3829],[-64.0636,-42.3822],[-64.0596,-42.3821],[-64.0564,-42.3801],[-64.0537,-42.3764],[-64.0522,-42.3723],[-64.0504,-42.3688],[-64.0503,-42.3657],[-64.0492,-42.3638],[-64.0493,-42.3625],[-64.0483,-42.36],[-64.0473,-42.3575],[-64.0468,-42.3556],[-64.0451,-42.3549],[-64.0441,-42.3519],[-64.0443,-42.3495],[-64.0433,-42.3465],[-64.0439,-42.3429],[-64.0444,-42.3409],[-64.047,-42.3386],[-64.0497,-42.3384],[-64.0509,-42.3387],[-64.0535,-42.337],[-64.0547,-42.3364],[-64.056,-42.3351],[-64.0568,-42.3329],[-64.0594,-42.3317],[-64.0625,-42.3302],[-64.0658,-42.3308],[-64.067,-42.3306],[-64.0695,-42.3303],[-64.0684,-42.328],[-64.0686,-42.3262],[-64.067,-42.327],[-64.0636,-42.3276],[-64.0606,-42.3279],[-64.0591,-42.3267],[-64.059,-42.3249],[-64.0573,-42.3235],[-64.0567,-42.323],[-64.0545,-42.3236],[-64.0527,-42.3235],[-64.051,-42.3223],[-64.049,-42.3209],[-64.0491,-42.3188],[-64.0487,-42.317],[-64.0485,-42.3154],[-64.0495,-42.3144],[-64.0483,-42.3139],[-64.0471,-42.3143],[-64.0444,-42.3135],[-64.0443,-42.311],[-64.0442,-42.3081],[-64.0445,-42.304],[-64.0454,-42.3002],[-64.0466,-42.2967],[-64.0467,-42.2958],[-64.0489,-42.2916],[-64.05,-42.2881],[-64.0529,-42.283],[-64.0553,-42.2791],[-64.0572,-42.2746],[-64.0598,-42.2721],[-64.0608,-42.2705],[-64.0629,-42.2704],[-64.0672,-42.2665],[-64.0689,-42.2637],[-64.0722,-42.2604],[-64.0741,-42.2587],[-64.0751,-42.2583],[-64.0763,-42.2581],[-64.0784,-42.2589],[-64.0823,-42.2555],[-64.0858,-42.2529],[-64.0899,-42.2502],[-64.0918,-42.2503],[-64.0959,-42.2482],[-64.1013,-42.2478],[-64.1043,-42.2488],[-64.1056,-42.2479],[-64.108,-42.2483],[-64.1119,-42.245],[-64.1153,-42.2438],[-64.1165,-42.2434],[-64.12,-42.2413],[-64.1228,-42.2401],[-64.1275,-42.2381],[-64.1325,-42.2367],[-64.1358,-42.2364],[-64.1385,-42.2374],[-64.139,-42.2386],[-64.1392,-42.2401],[-64.1404,-42.2404],[-64.1419,-42.2396],[-64.1466,-42.238],[-64.1503,-42.237],[-64.154,-42.2365],[-64.1576,-42.2366],[-64.1614,-42.2384],[-64.1619,-42.2402],[-64.1634,-42.2407],[-64.1667,-42.2406],[-64.169,-42.2419],[-64.1726,-42.2427],[-64.1759,-42.2426],[-64.1796,-42.2427],[-64.1816,-42.244],[-64.183,-42.2454],[-64.1848,-42.2457],[-64.1873,-42.2442],[-64.1899,-42.2425],[-64.1939,-42.2411],[-64.1957,-42.2416],[-64.1962,-42.2423],[-64.1985,-42.2408],[-64.2016,-42.2398],[-64.2044,-42.2391],[-64.2074,-42.2392],[-64.2083,-42.239],[-64.2097,-42.2402],[-64.2106,-42.2404],[-64.2122,-42.2401],[-64.2142,-42.2406],[-64.2151,-42.2413],[-64.2164,-42.24],[-64.2186,-42.2392],[-64.2204,-42.2391],[-64.224,-42.2394],[-64.2264,-42.2395],[-64.2282,-42.2405],[-64.2281,-42.2416],[-64.2271,-42.242],[-64.228,-42.243],[-64.2301,-42.2428],[-64.2314,-42.2422],[-64.2312,-42.2409],[-64.2291,-42.2399],[-64.2295,-42.2385],[-64.2324,-42.2364],[-64.2365,-42.2341],[-64.2412,-42.2325],[-64.2434,-42.2315],[-64.2458,-42.2311],[-64.2473,-42.2314],[-64.2485,-42.2324],[-64.2515,-42.2323],[-64.2545,-42.2328],[-64.2553,-42.2342],[-64.2552,-42.2353],[-64.2566,-42.2365],[-64.2597,-42.2357],[-64.2634,-42.2354],[-64.2676,-42.2356],[-64.2718,-42.2365],[-64.2735,-42.2379],[-64.2746,-42.2393],[-64.2745,-42.2409],[-64.2738,-42.2415],[-64.2716,-42.2423],[-64.2728,-42.2433],[-64.2752,-42.2438],[-64.2783,-42.2426],[-64.281,-42.2422],[-64.2819,-42.243],[-64.2853,-42.2422],[-64.2874,-42.2414],[-64.2911,-42.2415],[-64.2928,-42.2423],[-64.2946,-42.2435],[-64.2957,-42.2444],[-64.2975,-42.245],[-64.2983,-42.2459],[-64.3022,-42.2463],[-64.3059,-42.246],[-64.3095,-42.2461],[-64.3103,-42.2475],[-64.3114,-42.2493],[-64.3158,-42.2475],[-64.3228,-42.2464],[-64.3268,-42.2461],[-64.3283,-42.2462],[-64.3306,-42.2472],[-64.3329,-42.2457],[-64.3369,-42.2436],[-64.3406,-42.2429],[-64.3449,-42.2422],[-64.3489,-42.2414],[-64.3519,-42.2415],[-64.3544,-42.241],[-64.3583,-42.2418],[-64.3605,-42.2403],[-64.3628,-42.2382],[-64.3656,-42.2367],[-64.3693,-42.2355],[-64.3718,-42.2352],[-64.3735,-42.2361],[-64.375,-42.2362],[-64.3768,-42.2367],[-64.3783,-42.2365],[-64.3781,-42.2359],[-64.3757,-42.2351],[-64.3746,-42.2339],[-64.371,-42.234],[-64.3695,-42.233],[-64.3668,-42.2327],[-64.3618,-42.2314],[-64.3555,-42.2302],[-64.3516,-42.2292],[-64.3448,-42.228],[-64.3373,-42.2263],[-64.3284,-42.2244],[-64.3209,-42.2236],[-64.3179,-42.2228],[-64.3134,-42.222],[-64.3104,-42.2212],[-64.3078,-42.2206],[-64.3033,-42.2202],[-64.2955,-42.219],[-64.2865,-42.2179],[-64.2796,-42.2165],[-64.2727,-42.2156],[-64.2652,-42.215],[-64.2586,-42.2141],[-64.2499,-42.2126],[-64.2449,-42.2115],[-64.2362,-42.2102],[-64.2281,-42.2088],[-64.2222,-42.2076],[-64.2204,-42.2071],[-64.212,-42.2059],[-64.2042,-42.2046],[-64.1977,-42.2035],[-64.1902,-42.202],[-64.1813,-42.2005],[-64.1753,-42.1991],[-64.1693,-42.1982],[-64.1661,-42.1972],[-64.1631,-42.1971],[-64.1595,-42.1962],[-64.1544,-42.1958],[-64.1481,-42.1948],[-64.1406,-42.1939],[-64.135,-42.1918],[-64.1306,-42.1903],[-64.1241,-42.1889],[-64.1232,-42.1882],[-64.1214,-42.1876],[-64.1179,-42.1866],[-64.1164,-42.1856],[-64.1099,-42.1838],[-64.1067,-42.1821],[-64.1056,-42.1811],[-64.1022,-42.1814],[-64.0966,-42.1801],[-64.0918,-42.1792],[-64.0895,-42.1779],[-64.0881,-42.1768],[-64.0857,-42.1758],[-64.0835,-42.1772],[-64.0817,-42.1772],[-64.0761,-42.1758],[-64.0684,-42.173],[-64.0635,-42.1703],[-64.0615,-42.1686],[-64.0622,-42.1675],[-64.0593,-42.1656],[-64.057,-42.1646],[-64.0556,-42.1634],[-64.0559,-42.1623],[-64.0575,-42.1613],[-64.0564,-42.1608],[-64.0546,-42.1605],[-64.0535,-42.1624],[-64.052,-42.1626],[-64.0508,-42.1626],[-64.0492,-42.1634],[-64.0465,-42.1635],[-64.0426,-42.1622],[-64.0383,-42.16],[-64.036,-42.1576],[-64.0343,-42.1564],[-64.0353,-42.1556],[-64.0348,-42.1542],[-64.0325,-42.153],[-64.0296,-42.1515],[-64.0261,-42.1496],[-64.0254,-42.1475],[-64.0257,-42.1453],[-64.0231,-42.1454],[-64.0207,-42.1453],[-64.0195,-42.1454],[-64.0192,-42.1448],[-64.0174,-42.1454],[-64.0156,-42.1451],[-64.0132,-42.1441],[-64.0079,-42.1425],[-64.0062,-42.1415],[-64.0044,-42.1405],[-64.0054,-42.1394],[-64.0012,-42.1388],[-63.9974,-42.1373],[-63.9957,-42.1368],[-63.9941,-42.1376],[-63.9906,-42.1363],[-63.9853,-42.1338],[-63.9818,-42.1319],[-63.9807,-42.1307],[-63.9808,-42.1298],[-63.98,-42.1289],[-63.9788,-42.1288],[-63.978,-42.1265],[-63.9781,-42.1256],[-63.9757,-42.1251],[-63.9752,-42.1237],[-63.9767,-42.1238],[-63.978,-42.1229],[-63.976,-42.1219],[-63.9733,-42.1214],[-63.971,-42.1204],[-63.9711,-42.119],[-63.9706,-42.1179],[-63.969,-42.118],[-63.9698,-42.1165],[-63.9696,-42.1149],[-63.9667,-42.1139],[-63.9644,-42.1118],[-63.9625,-42.1133],[-63.9602,-42.112],[-63.9586,-42.1131],[-63.9564,-42.1137],[-63.9546,-42.1134],[-63.9514,-42.1119],[-63.9502,-42.1114],[-63.9469,-42.1114],[-63.9424,-42.111],[-63.9389,-42.1093],[-63.9379,-42.1074],[-63.9371,-42.1054],[-63.9388,-42.1037],[-63.9377,-42.102],[-63.9361,-42.1029],[-63.9346,-42.1021],[-63.9316,-42.102],[-63.9287,-42.1005],[-63.9267,-42.0993],[-63.9244,-42.0985],[-63.9214,-42.0979],[-63.9178,-42.0969],[-63.9153,-42.0952]]]]},"geometry_name":"geom","properties":{"nombre":"PIRAMIDES"},"bbox":[-64.7454,-42.8757,-63.5845,-42.069]},{"type":"Feature","id":"juzgados.12","geometry":{"type":"MultiPolygon","coordinates":[[[[-66.1816,-42.8691],[-65.703,-42.8594],[-65.6912,-42.8591],[-65.6611,-43.7577],[-65.6632,-43.7577],[-66.3979,-43.7729],[-66.41,-43.3259],[-67.1561,-43.3333],[-67.1612,-43.2461],[-67.1626,-43.0775],[-67.1587,-43.0775],[-67.1612,-42.8829],[-66.1816,-42.8691]],[[-65.9226,-43.2785],[-65.9249,-43.2797],[-65.9449,-43.2787],[-65.946,-43.2789],[-65.9483,-43.2785],[-65.9604,-43.2779],[-66.1068,-43.28],[-66.1081,-43.2788],[-66.1045,-43.3273],[-66.166,-43.3287],[-66.1586,-43.4659],[-66.1998,-43.4669],[-66.219,-43.4666],[-66.2341,-43.4655],[-66.2343,-43.4677],[-66.2847,-43.4651],[-66.2829,-43.5338],[-66.274,-43.5311],[-66.2547,-43.5222],[-66.2536,-43.5301],[-66.254,-43.5319],[-66.254,-43.5334],[-66.2539,-43.5452],[-66.253,-43.5515],[-66.2522,-43.5689],[-66.2482,-43.571],[-66.2448,-43.5706],[-66.245,-43.5711],[-66.2449,-43.5713],[-66.2448,-43.5716],[-66.2448,-43.5718],[-66.2448,-43.5721],[-66.2445,-43.5724],[-66.2444,-43.5727],[-66.2443,-43.5728],[-66.2443,-43.5731],[-66.2444,-43.5735],[-66.2445,-43.5747],[-66.2444,-43.5752],[-66.2448,-43.5756],[-66.2454,-43.5756],[-66.2489,-43.5772],[-66.1876,-43.6678],[-66.1495,-43.689],[-66.159,-43.698],[-66.1608,-43.7028],[-66.1586,-43.6996],[-66.1536,-43.6996],[-66.1477,-43.697],[-66.1415,-43.6961],[-66.1331,-43.6899],[-66.1164,-43.6871],[-66.1006,-43.6875],[-66.093,-43.6905],[-66.0883,-43.6877],[-65.9643,-43.6851],[-65.9668,-43.6401],[-65.9352,-43.6394],[-65.9516,-43.592],[-65.9061,-43.5937],[-65.9052,-43.5887],[-65.8018,-43.5864],[-65.8055,-43.5518],[-65.803,-43.5517],[-65.7733,-43.5365],[-65.7341,-43.4593],[-65.7379,-43.4529],[-65.7381,-43.424],[-65.7388,-43.4213],[-65.7395,-43.3882],[-65.7376,-43.3875],[-65.7378,-43.3872],[-65.726,-43.3843],[-65.7169,-43.3779],[-65.743,-43.3586],[-65.7517,-43.3649],[-65.7775,-43.3457],[-65.7688,-43.3392],[-65.7773,-43.3328],[-65.7873,-43.3327],[-65.7947,-43.3304],[-65.7928,-43.3213],[-65.7975,-43.229],[-65.9233,-43.2327],[-65.9226,-43.2785]]]]},"geometry_name":"geom","properties":{"nombre":"DOLAVON"},"bbox":[-67.1626,-43.7729,-65.6611,-42.8591]},{"type":"Feature","id":"juzgados.13","geometry":{"type":"MultiPolygon","coordinates":[[[[-65.445,-42.8526],[-65.4417,-42.8523],[-65.4273,-43.3408],[-65.4147,-43.7525],[-65.6611,-43.7577],[-65.6912,-42.8591],[-65.445,-42.8526]]]]},"geometry_name":"geom","properties":{"nombre":"GAIMAN"},"bbox":[-65.6912,-43.7577,-65.4147,-42.8523]},{"type":"Feature","id":"juzgados.14","geometry":{"type":"MultiPolygon","coordinates":[[[[-71.5491,-42.316],[-71.4148,-42.3173],[-71.4173,-42.3198],[-71.4156,-42.3244],[-71.4185,-42.3275],[-71.2526,-42.4507],[-71.1322,-42.3653],[-70.9623,-42.4944],[-70.8129,-42.6124],[-70.9817,-42.7323],[-71.1456,-42.6087],[-71.142,-42.6018],[-71.6747,-42.5826],[-71.6706,-42.4917],[-72.0094,-42.4842],[-72.0097,-42.4831],[-72.0104,-42.4821],[-72.011,-42.4812],[-72.0121,-42.4801],[-72.0134,-42.4789],[-72.014,-42.4783],[-72.015,-42.4775],[-72.0159,-42.4768],[-72.0167,-42.476],[-72.0179,-42.4747],[-72.0188,-42.474],[-72.0202,-42.4727],[-72.0211,-42.4719],[-72.0218,-42.4712],[-72.0224,-42.4703],[-72.023,-42.4694],[-72.0237,-42.4683],[-72.0248,-42.4671],[-72.0255,-42.4663],[-72.0262,-42.4655],[-72.0272,-42.4639],[-72.0276,-42.4628],[-72.0274,-42.4612],[-72.0272,-42.4602],[-72.0269,-42.459],[-72.0268,-42.4583],[-72.0267,-42.4573],[-72.027,-42.4564],[-72.0275,-42.4557],[-72.0284,-42.4548],[-72.0294,-42.4543],[-72.0305,-42.4538],[-72.0313,-42.4535],[-72.0323,-42.4533],[-72.0337,-42.4529],[-72.0349,-42.4527],[-72.0361,-42.4525],[-72.0373,-42.4523],[-72.0382,-42.4522],[-72.0403,-42.4521],[-72.0415,-42.4517],[-72.0422,-42.4508],[-72.0425,-42.4497],[-72.0426,-42.4488],[-72.0421,-42.4477],[-72.0414,-42.4468],[-72.0404,-42.446],[-72.0387,-42.445],[-72.038,-42.4445],[-72.0365,-42.4433],[-72.0356,-42.4422],[-72.0351,-42.4414],[-72.0346,-42.4405],[-72.0339,-42.4391],[-72.0335,-42.4383],[-72.0331,-42.4374],[-72.0326,-42.4364],[-72.0321,-42.4356],[-72.0315,-42.4346],[-72.0307,-42.4335],[-72.0302,-42.4328],[-72.0294,-42.4313],[-72.0286,-42.43],[-72.0282,-42.4289],[-72.0279,-42.4282],[-72.0279,-42.4266],[-72.0283,-42.425],[-72.0288,-42.4241],[-72.0294,-42.4232],[-72.0298,-42.4223],[-72.03,-42.4205],[-72.0298,-42.4193],[-72.0293,-42.4177],[-72.0288,-42.4168],[-72.028,-42.4158],[-72.0273,-42.4149],[-72.0264,-42.4139],[-72.0249,-42.413],[-72.0239,-42.4124],[-72.0223,-42.4115],[-72.0212,-42.4108],[-72.0207,-42.4101],[-72.0205,-42.4093],[-72.0205,-42.4084],[-72.0205,-42.4075],[-72.021,-42.4064],[-72.0217,-42.4056],[-72.0226,-42.4047],[-72.0235,-42.4039],[-72.0243,-42.4033],[-72.0254,-42.4024],[-72.0262,-42.4018],[-72.0271,-42.4011],[-72.0285,-42.4],[-72.03,-42.3989],[-72.031,-42.3982],[-72.0323,-42.3975],[-72.0333,-42.397],[-72.0343,-42.3963],[-72.0355,-42.396],[-72.0367,-42.3958],[-72.0379,-42.396],[-72.0392,-42.3961],[-72.0404,-42.396],[-72.0418,-42.3959],[-72.0433,-42.3957],[-72.0449,-42.3955],[-72.046,-42.3953],[-72.0473,-42.3952],[-72.0486,-42.3949],[-72.0498,-42.3947],[-72.051,-42.3944],[-72.0529,-42.3936],[-72.0538,-42.3932],[-72.055,-42.3927],[-72.0562,-42.3923],[-72.0569,-42.392],[-72.058,-42.3915],[-72.0593,-42.3908],[-72.0603,-42.39],[-72.0612,-42.3893],[-72.0622,-42.3885],[-72.0628,-42.388],[-72.0635,-42.3872],[-72.0645,-42.3864],[-72.0652,-42.3857],[-72.0672,-42.3832],[-72.0678,-42.3824],[-72.069,-42.3811],[-72.0698,-42.3806],[-72.071,-42.3809],[-72.0719,-42.3816],[-72.0726,-42.3823],[-72.0733,-42.383],[-72.0742,-42.3843],[-72.075,-42.3851],[-72.0756,-42.3859],[-72.0761,-42.3867],[-72.0783,-42.3898],[-72.079,-42.3907],[-72.0796,-42.3915],[-72.0804,-42.3923],[-72.0814,-42.3928],[-72.0827,-42.3928],[-72.0839,-42.3926],[-72.0852,-42.3925],[-72.0864,-42.3926],[-72.0877,-42.3928],[-72.0889,-42.393],[-72.0909,-42.3928],[-72.0924,-42.3925],[-72.0935,-42.3922],[-72.0949,-42.3923],[-72.0963,-42.3925],[-72.0982,-42.393],[-72.0997,-42.3934],[-72.1012,-42.3938],[-72.1025,-42.3942],[-72.1039,-42.3945],[-72.1058,-42.3944],[-72.107,-42.3941],[-72.1081,-42.3936],[-72.1091,-42.3929],[-72.11,-42.3922],[-72.111,-42.3913],[-72.1123,-42.3901],[-72.1132,-42.3892],[-72.1139,-42.3884],[-72.1146,-42.3875],[-72.1155,-42.3864],[-72.1161,-42.3857],[-72.1169,-42.3849],[-72.118,-42.3841],[-72.1193,-42.3837],[-72.1206,-42.383],[-72.1217,-42.3823],[-72.1232,-42.3812],[-72.1242,-42.3803],[-72.1251,-42.3788],[-72.1254,-42.3778],[-72.1255,-42.3769],[-72.1251,-42.3758],[-72.1245,-42.3747],[-72.1242,-42.3736],[-72.1239,-42.373],[-72.1238,-42.3718],[-72.1239,-42.3701],[-72.1244,-42.3693],[-72.1249,-42.3687],[-72.1258,-42.3678],[-72.1265,-42.367],[-72.1273,-42.366],[-72.1277,-42.3651],[-72.128,-42.3637],[-72.1278,-42.3622],[-72.1274,-42.3613],[-72.1268,-42.3603],[-72.126,-42.3595],[-72.1252,-42.3585],[-72.1244,-42.3577],[-72.1234,-42.3564],[-72.1232,-42.3554],[-72.1232,-42.3545],[-72.1237,-42.3536],[-72.1246,-42.3522],[-72.1252,-42.3513],[-72.1259,-42.3499],[-72.1263,-42.3489],[-72.1266,-42.3479],[-72.1273,-42.3469],[-72.128,-42.346],[-72.1292,-42.3448],[-72.1298,-42.3439],[-72.1301,-42.3429],[-72.13,-42.342],[-72.1296,-42.3412],[-72.1293,-42.3403],[-72.129,-42.3393],[-72.1288,-42.3382],[-72.1285,-42.337],[-72.1282,-42.3356],[-72.1284,-42.3344],[-72.1287,-42.3335],[-72.129,-42.3324],[-72.1294,-42.3309],[-72.1289,-42.3301],[-72.1282,-42.3294],[-72.1275,-42.3286],[-72.1257,-42.3284],[-72.1241,-42.3284],[-72.1226,-42.3281],[-72.1226,-42.3272],[-72.1238,-42.326],[-72.125,-42.3249],[-72.126,-42.3241],[-72.1269,-42.3227],[-72.1264,-42.3221],[-72.1255,-42.3218],[-72.1232,-42.322],[-72.1218,-42.322],[-72.1209,-42.3221],[-72.12,-42.3222],[-72.1191,-42.3223],[-72.1173,-42.3225],[-72.1157,-42.3226],[-72.1141,-42.3226],[-72.112,-42.322],[-72.1108,-42.3213],[-72.1102,-42.3209],[-72.1098,-42.3196],[-72.1099,-42.3184],[-72.1102,-42.3169],[-72.1109,-42.3154],[-72.1112,-42.3145],[-72.1118,-42.3133],[-72.1125,-42.3122],[-72.1128,-42.3115],[-72.1133,-42.3106],[-72.1137,-42.3096],[-72.1142,-42.3086],[-72.1148,-42.3075],[-72.1155,-42.3065],[-72.1168,-42.3054],[-72.1179,-42.3047],[-72.1187,-42.3043],[-72.1195,-42.3039],[-72.1207,-42.3032],[-72.1223,-42.3021],[-72.1238,-42.3006],[-71.5491,-42.316]]]]},"geometry_name":"geom","properties":{"nombre":"CHOLILA"},"bbox":[-72.1301,-42.7323,-70.8129,-42.3006]},{"type":"Feature","id":"juzgados.15","geometry":{"type":"MultiPolygon","coordinates":[[[[-70.2144,-42.4315],[-70.2134,-42.4315],[-70.0291,-42.4366],[-70.0288,-42.464],[-70.0292,-42.4836],[-69.9564,-42.4858],[-69.9105,-42.4871],[-69.9107,-42.6169],[-69.9304,-42.6176],[-69.9734,-42.617],[-69.9734,-42.6181],[-69.9734,-42.6192],[-69.9828,-42.8867],[-69.9871,-42.9777],[-70.6447,-42.9683],[-70.9658,-42.9624],[-70.9679,-42.9576],[-71.0306,-42.9566],[-70.8575,-42.8305],[-70.984,-42.7339],[-70.9817,-42.7323],[-70.8129,-42.6124],[-70.9623,-42.4944],[-70.8514,-42.4145],[-70.6822,-42.5423],[-70.5247,-42.4278],[-70.2144,-42.4315]]]]},"geometry_name":"geom","properties":{"nombre":"GUALJAINA"},"bbox":[-71.0306,-42.9777,-69.9105,-42.4145]},{"type":"Feature","id":"juzgados.16","geometry":{"type":"MultiPolygon","coordinates":[[[[-72.0342,-42.528],[-72.0337,-42.5272],[-72.0326,-42.5257],[-72.032,-42.5247],[-72.0315,-42.5238],[-72.0308,-42.523],[-72.0298,-42.5223],[-72.0287,-42.5219],[-72.0275,-42.5216],[-72.0263,-42.5212],[-72.0248,-42.5208],[-72.024,-42.5205],[-72.023,-42.5195],[-72.0237,-42.5186],[-72.0247,-42.5172],[-72.0254,-42.5165],[-72.0261,-42.5156],[-72.0263,-42.5145],[-72.0263,-42.5136],[-72.0263,-42.5125],[-72.0259,-42.5116],[-72.0254,-42.5107],[-72.0249,-42.5097],[-72.0245,-42.5088],[-72.0241,-42.508],[-72.0252,-42.5057],[-72.0251,-42.5041],[-72.0247,-42.5031],[-72.0244,-42.5022],[-72.0239,-42.5012],[-72.0226,-42.5],[-72.0219,-42.4996],[-72.021,-42.4991],[-72.0197,-42.4984],[-72.0185,-42.4981],[-72.0173,-42.4981],[-72.0161,-42.498],[-72.0144,-42.4977],[-72.0135,-42.4975],[-72.0124,-42.4972],[-72.0106,-42.4966],[-72.0097,-42.4958],[-72.0093,-42.495],[-72.0091,-42.4941],[-72.0088,-42.4929],[-72.0083,-42.4914],[-72.0082,-42.4905],[-72.0082,-42.4896],[-72.0082,-42.4887],[-72.0086,-42.4869],[-72.0089,-42.4858],[-72.0091,-42.4849],[-72.0094,-42.4842],[-71.6706,-42.4917],[-71.6747,-42.5826],[-71.142,-42.6018],[-71.1456,-42.6087],[-70.9817,-42.7323],[-70.984,-42.7339],[-70.8575,-42.8305],[-71.0306,-42.9566],[-70.9679,-42.9576],[-70.9658,-42.9624],[-70.6447,-42.9683],[-70.658,-42.9699],[-70.6711,-42.9705],[-70.6826,-42.9732],[-70.6893,-42.9757],[-70.6968,-42.9761],[-70.7116,-42.9761],[-70.7236,-42.9763],[-70.7321,-42.9792],[-70.7366,-42.9835],[-70.7401,-42.9869],[-70.7423,-42.9903],[-70.7461,-42.993],[-70.7527,-42.9949],[-70.758,-42.9953],[-70.7624,-42.9976],[-70.7645,-43.0011],[-70.7666,-43.0046],[-70.7694,-43.0124],[-70.7712,-43.0177],[-70.7707,-43.0218],[-70.7696,-43.0266],[-70.7722,-43.0359],[-70.777,-43.0448],[-70.7785,-43.0512],[-70.7849,-43.0605],[-70.7874,-43.0652],[-70.7898,-43.0713],[-70.7925,-43.0762],[-70.7942,-43.0835],[-70.7949,-43.0895],[-70.7963,-43.0962],[-70.7979,-43.1008],[-70.7997,-43.1081],[-70.8043,-43.1175],[-70.8086,-43.1258],[-70.8127,-43.1314],[-70.814,-43.1373],[-70.8172,-43.1434],[-70.8193,-43.1477],[-70.8235,-43.1504],[-70.8242,-43.1548],[-70.8262,-43.1611],[-70.8237,-43.166],[-70.8217,-43.1772],[-70.822,-43.1874],[-70.8253,-43.1995],[-70.8285,-43.2093],[-70.8307,-43.2173],[-70.835,-43.2247],[-70.8433,-43.2338],[-70.8524,-43.2376],[-70.9706,-43.2352],[-70.9809,-43.368],[-71.2253,-43.3632],[-71.2248,-43.3582],[-71.2177,-43.2278],[-71.189,-43.2276],[-71.184,-43.1402],[-71.1961,-43.1392],[-71.5897,-42.8584],[-72.1488,-42.8402],[-72.1502,-42.8298],[-72.1505,-42.8291],[-72.1509,-42.8286],[-72.1523,-42.8281],[-72.1541,-42.8277],[-72.1554,-42.8273],[-72.1566,-42.8266],[-72.1573,-42.8255],[-72.1576,-42.8249],[-72.1577,-42.8242],[-72.1578,-42.8232],[-72.1574,-42.8215],[-72.1564,-42.8198],[-72.1558,-42.819],[-72.155,-42.8179],[-72.1547,-42.8172],[-72.1546,-42.8165],[-72.1546,-42.8148],[-72.1549,-42.8136],[-72.1552,-42.8129],[-72.1557,-42.812],[-72.1565,-42.8109],[-72.157,-42.8104],[-72.1576,-42.8096],[-72.1583,-42.8081],[-72.1587,-42.8072],[-72.1591,-42.8062],[-72.1595,-42.8051],[-72.1603,-42.8038],[-72.1607,-42.8033],[-72.1612,-42.8026],[-72.1617,-42.8017],[-72.1624,-42.8007],[-72.1628,-42.8],[-72.1633,-42.799],[-72.1634,-42.7978],[-72.1631,-42.7971],[-72.1625,-42.7966],[-72.1611,-42.7962],[-72.16,-42.7959],[-72.1582,-42.7958],[-72.1566,-42.7959],[-72.1549,-42.7962],[-72.1532,-42.7962],[-72.1516,-42.7961],[-72.1507,-42.796],[-72.1494,-42.796],[-72.1478,-42.7957],[-72.147,-42.7956],[-72.1461,-42.7954],[-72.1452,-42.7951],[-72.1439,-42.7944],[-72.1431,-42.7937],[-72.1412,-42.7927],[-72.1401,-42.792],[-72.1388,-42.7905],[-72.1383,-42.7896],[-72.1378,-42.789],[-72.1376,-42.7884],[-72.1375,-42.7876],[-72.1376,-42.7867],[-72.138,-42.7859],[-72.1385,-42.7846],[-72.1389,-42.7839],[-72.1393,-42.7833],[-72.1401,-42.7826],[-72.1417,-42.7816],[-72.1423,-42.7802],[-72.1412,-42.7798],[-72.1398,-42.7796],[-72.1385,-42.7793],[-72.1371,-42.7788],[-72.1357,-42.7781],[-72.1347,-42.7774],[-72.1336,-42.7766],[-72.1325,-42.7757],[-72.1316,-42.7747],[-72.1311,-42.7735],[-72.131,-42.7727],[-72.1311,-42.772],[-72.1315,-42.771],[-72.132,-42.7694],[-72.1323,-42.7683],[-72.1326,-42.7675],[-72.1332,-42.766],[-72.1335,-42.7648],[-72.1336,-42.7633],[-72.1337,-42.7624],[-72.1338,-42.7611],[-72.1337,-42.76],[-72.1338,-42.7589],[-72.1336,-42.7579],[-72.1334,-42.7567],[-72.1334,-42.756],[-72.1334,-42.755],[-72.1339,-42.7539],[-72.1347,-42.7529],[-72.1356,-42.7518],[-72.1371,-42.7505],[-72.1383,-42.7501],[-72.1398,-42.7498],[-72.1413,-42.7493],[-72.1425,-42.7489],[-72.1435,-42.7481],[-72.1442,-42.7466],[-72.1442,-42.7452],[-72.1443,-42.744],[-72.145,-42.7423],[-72.1453,-42.7413],[-72.1454,-42.7407],[-72.1454,-42.74],[-72.145,-42.7391],[-72.1439,-42.738],[-72.1431,-42.7371],[-72.1425,-42.7365],[-72.1413,-42.7357],[-72.1399,-42.7356],[-72.1387,-42.7356],[-72.1374,-42.7351],[-72.1365,-42.7349],[-72.1357,-42.7343],[-72.1346,-42.7336],[-72.1335,-42.733],[-72.1323,-42.7324],[-72.1315,-42.7319],[-72.1307,-42.7314],[-72.1299,-42.731],[-72.1291,-42.7305],[-72.1284,-42.7299],[-72.1283,-42.7288],[-72.1292,-42.7279],[-72.1306,-42.7273],[-72.1321,-42.7267],[-72.133,-42.7263],[-72.1341,-42.7257],[-72.1353,-42.7243],[-72.1359,-42.7233],[-72.1362,-42.7227],[-72.1365,-42.7215],[-72.1368,-42.7201],[-72.1374,-42.7188],[-72.1378,-42.7179],[-72.1383,-42.7166],[-72.1384,-42.7156],[-72.1383,-42.7149],[-72.1382,-42.7142],[-72.138,-42.7135],[-72.1377,-42.7125],[-72.1376,-42.7119],[-72.1375,-42.7108],[-72.1377,-42.7101],[-72.1383,-42.7092],[-72.1389,-42.7087],[-72.1401,-42.7084],[-72.1422,-42.7081],[-72.1433,-42.708],[-72.1448,-42.7078],[-72.146,-42.7077],[-72.1477,-42.7074],[-72.1486,-42.7071],[-72.1502,-42.7061],[-72.1513,-42.7053],[-72.1524,-42.7045],[-72.1532,-42.7041],[-72.1547,-42.7035],[-72.1569,-42.7033],[-72.1581,-42.7032],[-72.1596,-42.703],[-72.1605,-42.7029],[-72.162,-42.7025],[-72.1629,-42.7023],[-72.1639,-42.702],[-72.166,-42.7014],[-72.1676,-42.701],[-72.169,-42.7006],[-72.1702,-42.7001],[-72.1709,-42.6997],[-72.1717,-42.6993],[-72.1724,-42.6988],[-72.1732,-42.6981],[-72.1747,-42.6974],[-72.1755,-42.6971],[-72.1763,-42.6969],[-72.1779,-42.6965],[-72.1791,-42.6959],[-72.1797,-42.6946],[-72.1784,-42.6934],[-72.1772,-42.6926],[-72.1764,-42.6918],[-72.1765,-42.6901],[-72.1769,-42.689],[-72.1772,-42.688],[-72.1773,-42.6868],[-72.1769,-42.6856],[-72.1762,-42.6843],[-72.1758,-42.6833],[-72.1752,-42.6822],[-72.1748,-42.6813],[-72.1746,-42.6798],[-72.1747,-42.6787],[-72.1748,-42.6777],[-72.1749,-42.677],[-72.175,-42.6761],[-72.1749,-42.6748],[-72.1748,-42.6741],[-72.1745,-42.6735],[-72.1735,-42.672],[-72.1729,-42.6715],[-72.1719,-42.6709],[-72.1699,-42.6712],[-72.168,-42.6721],[-72.1669,-42.6729],[-72.1658,-42.6738],[-72.1648,-42.6746],[-72.1637,-42.6753],[-72.1623,-42.676],[-72.1612,-42.6764],[-72.1597,-42.6766],[-72.1588,-42.6767],[-72.1576,-42.6767],[-72.156,-42.6768],[-72.1546,-42.677],[-72.1532,-42.6774],[-72.1517,-42.6781],[-72.1505,-42.6786],[-72.1493,-42.679],[-72.1483,-42.6793],[-72.1474,-42.6793],[-72.1456,-42.6793],[-72.1438,-42.6792],[-72.1429,-42.6791],[-72.142,-42.6788],[-72.1406,-42.6786],[-72.1389,-42.6783],[-72.1376,-42.6779],[-72.1367,-42.6772],[-72.1359,-42.6765],[-72.135,-42.6753],[-72.1347,-42.6747],[-72.1343,-42.674],[-72.1335,-42.6726],[-72.1329,-42.6717],[-72.1325,-42.6706],[-72.1308,-42.6691],[-72.1295,-42.6689],[-72.128,-42.6692],[-72.1257,-42.6694],[-72.1248,-42.6693],[-72.1235,-42.6688],[-72.1221,-42.6681],[-72.1216,-42.667],[-72.1214,-42.666],[-72.121,-42.665],[-72.1204,-42.6638],[-72.1205,-42.6625],[-72.1207,-42.661],[-72.1203,-42.66],[-72.1198,-42.659],[-72.1193,-42.6581],[-72.1183,-42.6572],[-72.1174,-42.6566],[-72.1165,-42.656],[-72.1155,-42.6554],[-72.1148,-42.6547],[-72.1142,-42.654],[-72.1133,-42.6532],[-72.1126,-42.6525],[-72.1119,-42.6516],[-72.1114,-42.6508],[-72.1104,-42.6495],[-72.1095,-42.6486],[-72.1085,-42.6458],[-72.1098,-42.6455],[-72.111,-42.6453],[-72.1118,-42.6446],[-72.1121,-42.644],[-72.1124,-42.6431],[-72.1126,-42.6422],[-72.113,-42.6413],[-72.1134,-42.6404],[-72.1137,-42.6397],[-72.114,-42.6389],[-72.1145,-42.6375],[-72.1149,-42.6367],[-72.1153,-42.6357],[-72.1157,-42.6348],[-72.1163,-42.6332],[-72.1167,-42.6323],[-72.1172,-42.6308],[-72.1174,-42.6297],[-72.1176,-42.6282],[-72.1177,-42.6273],[-72.1176,-42.6264],[-72.1175,-42.6249],[-72.1172,-42.6239],[-72.1169,-42.6231],[-72.1162,-42.6221],[-72.1153,-42.6207],[-72.1146,-42.6193],[-72.1141,-42.6185],[-72.1136,-42.6174],[-72.1131,-42.6161],[-72.113,-42.6145],[-72.1129,-42.6137],[-72.1128,-42.6127],[-72.1128,-42.6112],[-72.1128,-42.6096],[-72.113,-42.6084],[-72.1131,-42.6075],[-72.1137,-42.6061],[-72.1141,-42.6052],[-72.1177,-42.5998],[-72.1167,-42.5998],[-72.1153,-42.5997],[-72.114,-42.5997],[-72.1127,-42.5996],[-72.1112,-42.5995],[-72.1096,-42.5995],[-72.1083,-42.5994],[-72.1074,-42.5992],[-72.1065,-42.599],[-72.1056,-42.5987],[-72.1036,-42.5982],[-72.1021,-42.5978],[-72.1006,-42.5973],[-72.0991,-42.5967],[-72.0975,-42.5958],[-72.0966,-42.5951],[-72.0961,-42.5942],[-72.0961,-42.5928],[-72.0962,-42.5918],[-72.0963,-42.5908],[-72.0963,-42.5899],[-72.0961,-42.5883],[-72.0958,-42.5874],[-72.0955,-42.5867],[-72.0951,-42.5859],[-72.0946,-42.5848],[-72.094,-42.584],[-72.0934,-42.5833],[-72.0925,-42.5825],[-72.0917,-42.5818],[-72.0912,-42.5809],[-72.0907,-42.5801],[-72.0898,-42.579],[-72.0888,-42.5783],[-72.0879,-42.5777],[-72.0868,-42.5771],[-72.0856,-42.5764],[-72.0841,-42.5751],[-72.0835,-42.5746],[-72.0827,-42.5738],[-72.0819,-42.573],[-72.0809,-42.5721],[-72.0797,-42.5708],[-72.0788,-42.5698],[-72.0784,-42.5692],[-72.0776,-42.5682],[-72.0769,-42.5674],[-72.0761,-42.5663],[-72.0748,-42.565],[-72.0732,-42.5641],[-72.072,-42.564],[-72.0702,-42.5647],[-72.0692,-42.5656],[-72.068,-42.5667],[-72.0667,-42.5678],[-72.0658,-42.5686],[-72.065,-42.5693],[-72.064,-42.5699],[-72.0628,-42.5701],[-72.0608,-42.57],[-72.0594,-42.5698],[-72.0578,-42.5693],[-72.056,-42.5686],[-72.0547,-42.5679],[-72.0529,-42.5668],[-72.0522,-42.5661],[-72.0515,-42.5653],[-72.0508,-42.564],[-72.0505,-42.5631],[-72.0504,-42.5622],[-72.0508,-42.5606],[-72.0514,-42.5588],[-72.0521,-42.558],[-72.0527,-42.5571],[-72.0532,-42.5557],[-72.0528,-42.5541],[-72.0521,-42.5526],[-72.0517,-42.5517],[-72.0515,-42.5506],[-72.0514,-42.5496],[-72.0515,-42.5485],[-72.0517,-42.5476],[-72.0518,-42.5459],[-72.0519,-42.5445],[-72.0517,-42.5435],[-72.0514,-42.5427],[-72.051,-42.5417],[-72.0503,-42.541],[-72.0485,-42.54],[-72.0474,-42.5396],[-72.0461,-42.5392],[-72.0451,-42.5387],[-72.044,-42.5382],[-72.0423,-42.5373],[-72.0415,-42.5367],[-72.0408,-42.5359],[-72.0402,-42.5351],[-72.0391,-42.5339],[-72.0378,-42.5328],[-72.0371,-42.5319],[-72.0363,-42.531],[-72.0358,-42.5301],[-72.0348,-42.5289],[-72.0342,-42.528]]]]},"geometry_name":"geom","properties":{"nombre":"ESQUEL"},"bbox":[-72.1797,-43.368,-70.6447,-42.4842]},{"type":"Feature","id":"juzgados.17","geometry":{"type":"MultiPolygon","coordinates":[[[[-69.9304,-42.6176],[-69.9107,-42.6169],[-69.4861,-42.6206],[-69.4862,-42.7128],[-69.4855,-42.7141],[-69.3627,-42.716],[-69.3656,-42.8759],[-69.3671,-42.9366],[-69.3671,-42.938],[-69.3052,-42.9408],[-69.3042,-42.9852],[-69.3042,-42.9859],[-69.246,-42.9876],[-69.2461,-43.0749],[-69.1262,-43.0769],[-69.1262,-43.0779],[-69.1314,-43.2576],[-69.3762,-43.2562],[-69.3732,-43.075],[-69.6169,-43.0718],[-69.6144,-42.891],[-69.9828,-42.8867],[-69.9734,-42.6192],[-69.9734,-42.6181],[-69.9734,-42.617],[-69.9304,-42.6176]]]]},"geometry_name":"geom","properties":{"nombre":"PASO DEL SAPO"},"bbox":[-69.9828,-43.2576,-69.1262,-42.6169]},{"type":"Feature","id":"juzgados.18","geometry":{"type":"MultiPolygon","coordinates":[[[[-69.4861,-42.6206],[-68.6326,-42.6233],[-68.6308,-42.8537],[-68.6898,-42.8536],[-68.6928,-42.8108],[-68.8739,-42.8096],[-68.8774,-42.8958],[-68.9985,-42.8966],[-69.0052,-43.3501],[-69.1319,-43.3484],[-69.1314,-43.2576],[-69.1262,-43.0779],[-69.1262,-43.0769],[-69.2461,-43.0749],[-69.246,-42.9876],[-69.3042,-42.9859],[-69.3042,-42.9852],[-69.3052,-42.9408],[-69.3671,-42.938],[-69.3671,-42.9366],[-69.3656,-42.8759],[-69.3627,-42.716],[-69.4855,-42.7141],[-69.4862,-42.7128],[-69.4861,-42.6206]]]]},"geometry_name":"geom","properties":{"nombre":"LAGUNITA SALADA"},"bbox":[-69.4862,-43.3501,-68.6308,-42.6206]},{"type":"Feature","id":"juzgados.19","geometry":{"type":"MultiPolygon","coordinates":[[[[-68.6308,-42.8537],[-68.5666,-42.8572],[-68.5629,-42.813],[-68.5037,-42.8132],[-68.5051,-42.9011],[-68.0133,-42.9009],[-68.0145,-43.0822],[-68.0163,-43.3564],[-69.0052,-43.3501],[-68.9985,-42.8966],[-68.8774,-42.8958],[-68.8739,-42.8096],[-68.6928,-42.8108],[-68.6898,-42.8536],[-68.6308,-42.8537]]]]},"geometry_name":"geom","properties":{"nombre":"EL ESCORIAL"},"bbox":[-69.0052,-43.3564,-68.0133,-42.8096]},{"type":"Feature","id":"juzgados.20","geometry":{"type":"MultiPolygon","coordinates":[[[[-71.9317,-43.0578],[-71.932,-43.056],[-71.9321,-43.0553],[-71.9324,-43.0541],[-71.9329,-43.0529],[-71.9332,-43.0521],[-71.9338,-43.0513],[-71.9349,-43.0505],[-71.9356,-43.0501],[-71.9375,-43.0492],[-71.9381,-43.0484],[-71.9389,-43.0468],[-71.9403,-43.0439],[-71.9421,-43.0434],[-71.9435,-43.043],[-71.9445,-43.0428],[-71.9459,-43.0423],[-71.9469,-43.0418],[-71.9479,-43.0412],[-71.9493,-43.0405],[-71.9513,-43.0395],[-71.9521,-43.0392],[-71.9529,-43.0388],[-71.9539,-43.0384],[-71.9553,-43.0376],[-71.9566,-43.0371],[-71.9574,-43.0367],[-71.9582,-43.0364],[-71.9603,-43.0359],[-71.9615,-43.0362],[-71.9628,-43.0368],[-71.9638,-43.0374],[-71.9647,-43.0382],[-71.9655,-43.0389],[-71.9664,-43.0399],[-71.9673,-43.0407],[-71.9684,-43.0417],[-71.9692,-43.0425],[-71.9704,-43.043],[-71.9716,-43.0434],[-71.9729,-43.0433],[-71.9742,-43.0427],[-71.975,-43.0418],[-71.9757,-43.0409],[-71.9763,-43.0394],[-71.9765,-43.0384],[-71.9767,-43.0369],[-71.9768,-43.0361],[-71.9768,-43.0354],[-71.977,-43.0348],[-71.9773,-43.0341],[-71.9779,-43.0334],[-71.9785,-43.0328],[-71.9797,-43.0323],[-71.9812,-43.032],[-71.9825,-43.0318],[-71.9838,-43.0316],[-71.9857,-43.0316],[-71.9874,-43.032],[-71.9885,-43.0322],[-71.9896,-43.0326],[-71.9905,-43.0329],[-71.9921,-43.0335],[-71.993,-43.0337],[-71.994,-43.034],[-71.9949,-43.0342],[-71.9958,-43.0345],[-71.9966,-43.0347],[-71.9976,-43.035],[-71.9989,-43.035],[-71.9998,-43.0344],[-72.0009,-43.0336],[-72.0017,-43.0327],[-72.0025,-43.0317],[-72.003,-43.0312],[-72.0043,-43.0304],[-72.0056,-43.0296],[-72.0064,-43.0291],[-72.0077,-43.0281],[-72.0084,-43.0277],[-72.0095,-43.0267],[-72.0102,-43.0261],[-72.0112,-43.0252],[-72.0118,-43.0243],[-72.0123,-43.0235],[-72.0129,-43.0227],[-72.0133,-43.022],[-72.0139,-43.0207],[-72.0143,-43.02],[-72.0146,-43.0192],[-72.0149,-43.0185],[-72.0153,-43.0173],[-72.0156,-43.0163],[-72.0162,-43.0155],[-72.0169,-43.0149],[-72.0181,-43.014],[-72.0189,-43.0136],[-72.0197,-43.0132],[-72.0211,-43.0126],[-72.0227,-43.0121],[-72.0246,-43.0116],[-72.0259,-43.0114],[-72.0273,-43.0112],[-72.0287,-43.011],[-72.0307,-43.0107],[-72.0318,-43.0104],[-72.0328,-43.0096],[-72.0336,-43.0089],[-72.0347,-43.0074],[-72.035,-43.0068],[-72.0353,-43.0058],[-72.0357,-43.005],[-72.036,-43.0043],[-72.0366,-43.0031],[-72.0374,-43.0019],[-72.0378,-43.0012],[-72.0382,-43.0005],[-72.0386,-42.9994],[-72.0381,-42.9986],[-72.0376,-42.9978],[-72.0371,-42.9969],[-72.0369,-42.996],[-72.0367,-42.9949],[-72.0365,-42.9937],[-72.0365,-42.9926],[-72.0367,-42.9916],[-72.037,-42.9909],[-72.0374,-42.9903],[-72.0383,-42.9893],[-72.0391,-42.9885],[-72.04,-42.9876],[-72.0412,-42.9869],[-72.042,-42.9867],[-72.0435,-42.9862],[-72.0449,-42.9857],[-72.0468,-42.9845],[-72.0478,-42.9837],[-72.0488,-42.983],[-72.05,-42.9823],[-72.0512,-42.9817],[-72.0529,-42.9812],[-72.0545,-42.9808],[-72.0553,-42.9804],[-72.0566,-42.9788],[-72.0568,-42.9781],[-72.0568,-42.9771],[-72.0564,-42.9759],[-72.056,-42.9753],[-72.0558,-42.9746],[-72.0557,-42.9736],[-72.056,-42.9724],[-72.0565,-42.9718],[-72.0578,-42.9703],[-72.0588,-42.9693],[-72.0593,-42.9686],[-72.0599,-42.9677],[-72.0615,-42.9638],[-72.0622,-42.9622],[-72.0632,-42.9606],[-72.064,-42.9588],[-72.0643,-42.9582],[-72.0649,-42.9571],[-72.0655,-42.9563],[-72.0663,-42.9555],[-72.0673,-42.9548],[-72.069,-42.9539],[-72.0698,-42.9529],[-72.0705,-42.9517],[-72.0711,-42.9507],[-72.0714,-42.9495],[-72.0717,-42.9489],[-72.0719,-42.9479],[-72.0722,-42.9473],[-72.0727,-42.9466],[-72.0744,-42.9456],[-72.0753,-42.9454],[-72.0768,-42.9453],[-72.0782,-42.9452],[-72.0796,-42.9452],[-72.0811,-42.9453],[-72.0823,-42.9457],[-72.0836,-42.9465],[-72.0847,-42.9478],[-72.0856,-42.9485],[-72.0866,-42.949],[-72.0878,-42.9491],[-72.0893,-42.949],[-72.0906,-42.9485],[-72.0911,-42.948],[-72.0916,-42.9474],[-72.092,-42.9468],[-72.0925,-42.9459],[-72.093,-42.9448],[-72.0935,-42.9439],[-72.0942,-42.9425],[-72.0944,-42.9414],[-72.0947,-42.9407],[-72.0955,-42.9394],[-72.0961,-42.9388],[-72.0974,-42.9382],[-72.0988,-42.938],[-72.1004,-42.9377],[-72.1019,-42.9372],[-72.1034,-42.9361],[-72.1052,-42.9352],[-72.1067,-42.9349],[-72.108,-42.9348],[-72.1093,-42.9349],[-72.1107,-42.9351],[-72.1119,-42.9351],[-72.113,-42.935],[-72.1138,-42.9347],[-72.1146,-42.9344],[-72.1156,-42.9337],[-72.1166,-42.9327],[-72.117,-42.9321],[-72.1172,-42.9315],[-72.1174,-42.93],[-72.1173,-42.9293],[-72.1172,-42.9285],[-72.1168,-42.927],[-72.1163,-42.926],[-72.1155,-42.9249],[-72.1149,-42.9243],[-72.1141,-42.9233],[-72.1137,-42.9221],[-72.1138,-42.9212],[-72.1141,-42.9199],[-72.1147,-42.9191],[-72.1153,-42.9186],[-72.1281,-42.9112],[-72.1293,-42.9104],[-72.1301,-42.9099],[-72.1311,-42.9088],[-72.1314,-42.9076],[-72.1314,-42.9063],[-72.1316,-42.9054],[-72.1322,-42.9044],[-72.1329,-42.9038],[-72.1339,-42.9029],[-72.1349,-42.9019],[-72.1358,-42.901],[-72.137,-42.9],[-72.1381,-42.8993],[-72.1388,-42.8988],[-72.1397,-42.898],[-72.1402,-42.8975],[-72.1416,-42.8963],[-72.142,-42.8948],[-72.1419,-42.894],[-72.141,-42.8932],[-72.14,-42.8925],[-72.1391,-42.8918],[-72.1379,-42.8912],[-72.1366,-42.8903],[-72.136,-42.8896],[-72.1357,-42.8887],[-72.1354,-42.8875],[-72.135,-42.8865],[-72.1346,-42.8858],[-72.134,-42.885],[-72.133,-42.8843],[-72.1311,-42.8835],[-72.1301,-42.8833],[-72.1285,-42.8831],[-72.1268,-42.8829],[-72.1256,-42.8826],[-72.1247,-42.8823],[-72.1232,-42.8818],[-72.1211,-42.8813],[-72.1198,-42.8806],[-72.1191,-42.88],[-72.1186,-42.8789],[-72.1187,-42.8772],[-72.1192,-42.8761],[-72.12,-42.875],[-72.1205,-42.8744],[-72.1211,-42.8736],[-72.1222,-42.8725],[-72.1236,-42.8713],[-72.1253,-42.8703],[-72.1273,-42.8696],[-72.1285,-42.869],[-72.1295,-42.8684],[-72.1306,-42.8678],[-72.1321,-42.8667],[-72.1327,-42.8662],[-72.1332,-42.8656],[-72.1336,-42.8647],[-72.1338,-42.8636],[-72.134,-42.8621],[-72.1341,-42.8611],[-72.1341,-42.8596],[-72.1339,-42.8587],[-72.1337,-42.8579],[-72.1336,-42.8573],[-72.1335,-42.8561],[-72.1334,-42.8552],[-72.1334,-42.8543],[-72.1334,-42.8533],[-72.1334,-42.8524],[-72.1335,-42.8517],[-72.1337,-42.8508],[-72.1346,-42.85],[-72.1362,-42.8497],[-72.1376,-42.8497],[-72.1391,-42.8496],[-72.1401,-42.8496],[-72.1424,-42.8494],[-72.1436,-42.8492],[-72.1452,-42.8489],[-72.147,-42.8478],[-72.1476,-42.8467],[-72.1488,-42.8402],[-71.5897,-42.8584],[-71.1961,-43.1392],[-71.184,-43.1402],[-71.189,-43.2276],[-71.2177,-43.2278],[-71.2248,-43.3582],[-71.2253,-43.3632],[-71.2306,-43.4175],[-71.231,-43.4214],[-71.2804,-43.4577],[-71.3701,-43.3967],[-71.4986,-43.4894],[-71.5999,-43.4191],[-71.6038,-43.4869],[-71.851,-43.4795],[-71.8518,-43.4784],[-71.8523,-43.4777],[-71.8528,-43.477],[-71.8534,-43.4762],[-71.8542,-43.4754],[-71.8547,-43.4748],[-71.8553,-43.4743],[-71.8564,-43.4735],[-71.8577,-43.4726],[-71.8596,-43.4713],[-71.8605,-43.4707],[-71.8613,-43.4704],[-71.8623,-43.4697],[-71.8636,-43.469],[-71.8648,-43.4682],[-71.8657,-43.4675],[-71.8665,-43.4668],[-71.8676,-43.4658],[-71.8681,-43.4652],[-71.8687,-43.4645],[-71.8692,-43.4638],[-71.8698,-43.463],[-71.8705,-43.4621],[-71.871,-43.4615],[-71.8718,-43.4608],[-71.8729,-43.4603],[-71.8744,-43.4604],[-71.8754,-43.4604],[-71.8767,-43.4605],[-71.8781,-43.4607],[-71.8791,-43.4608],[-71.8806,-43.4601],[-71.8809,-43.4594],[-71.8814,-43.4578],[-71.8816,-43.457],[-71.8816,-43.4563],[-71.8817,-43.4554],[-71.882,-43.4544],[-71.8824,-43.4535],[-71.883,-43.4517],[-71.8835,-43.4505],[-71.8843,-43.4495],[-71.8856,-43.449],[-71.8865,-43.4486],[-71.8875,-43.4483],[-71.8886,-43.4479],[-71.8896,-43.4476],[-71.8918,-43.4471],[-71.8934,-43.4476],[-71.8949,-43.4481],[-71.8961,-43.4485],[-71.8972,-43.4489],[-71.8988,-43.4495],[-71.9002,-43.4499],[-71.9017,-43.4504],[-71.9029,-43.4509],[-71.9034,-43.4515],[-71.9041,-43.452],[-71.9055,-43.453],[-71.9068,-43.4537],[-71.9076,-43.4539],[-71.9093,-43.4541],[-71.9103,-43.454],[-71.9115,-43.4539],[-71.9128,-43.4537],[-71.9141,-43.4535],[-71.9162,-43.4533],[-71.9186,-43.4531],[-71.9202,-43.4532],[-71.9222,-43.4537],[-71.9231,-43.454],[-71.9244,-43.4545],[-71.9267,-43.4551],[-71.9278,-43.4554],[-71.9294,-43.4557],[-71.9303,-43.4558],[-71.9317,-43.4556],[-71.9328,-43.4554],[-71.9345,-43.4548],[-71.935,-43.4541],[-71.9344,-43.4534],[-71.9341,-43.4528],[-71.9341,-43.4517],[-71.9347,-43.4507],[-71.9352,-43.4501],[-71.9362,-43.4494],[-71.9373,-43.4485],[-71.938,-43.4481],[-71.9388,-43.4474],[-71.9385,-43.4461],[-71.9377,-43.4448],[-71.9372,-43.4441],[-71.9366,-43.4432],[-71.9356,-43.4423],[-71.9349,-43.4418],[-71.9333,-43.4407],[-71.9323,-43.4398],[-71.9318,-43.4389],[-71.9317,-43.4382],[-71.9317,-43.4373],[-71.9318,-43.4362],[-71.9316,-43.4355],[-71.9312,-43.4344],[-71.9298,-43.4331],[-71.9287,-43.4324],[-71.9279,-43.4313],[-71.9277,-43.4305],[-71.9274,-43.4292],[-71.9273,-43.4285],[-71.9269,-43.4277],[-71.9265,-43.4267],[-71.9257,-43.4257],[-71.9247,-43.4247],[-71.9237,-43.4239],[-71.9222,-43.4231],[-71.9209,-43.4222],[-71.9203,-43.4218],[-71.9203,-43.4209],[-71.9217,-43.4196],[-71.9226,-43.4188],[-71.9229,-43.4179],[-71.922,-43.4176],[-71.9209,-43.4172],[-71.9194,-43.4165],[-71.9183,-43.4159],[-71.9174,-43.4151],[-71.9171,-43.4145],[-71.9171,-43.4135],[-71.9172,-43.4127],[-71.9176,-43.4115],[-71.9182,-43.411],[-71.919,-43.4106],[-71.9202,-43.4099],[-71.921,-43.4094],[-71.9221,-43.4085],[-71.9228,-43.4081],[-71.924,-43.4072],[-71.9246,-43.4067],[-71.9256,-43.4057],[-71.9262,-43.4052],[-71.9268,-43.4046],[-71.9278,-43.4038],[-71.9284,-43.4032],[-71.9292,-43.4022],[-71.9297,-43.4012],[-71.9302,-43.4005],[-71.9307,-43.3999],[-71.9315,-43.3991],[-71.9319,-43.3985],[-71.9324,-43.3976],[-71.9326,-43.3969],[-71.9328,-43.3962],[-71.9331,-43.3953],[-71.9334,-43.3945],[-71.9335,-43.3937],[-71.9336,-43.393],[-71.9337,-43.3923],[-71.9339,-43.3916],[-71.9341,-43.3909],[-71.9342,-43.3901],[-71.9342,-43.3894],[-71.9342,-43.3887],[-71.9344,-43.3878],[-71.9345,-43.3869],[-71.9346,-43.386],[-71.9347,-43.3853],[-71.9346,-43.3838],[-71.9329,-43.3832],[-71.932,-43.3833],[-71.9309,-43.3831],[-71.9299,-43.3829],[-71.9284,-43.3828],[-71.9269,-43.3827],[-71.926,-43.3827],[-71.9249,-43.3827],[-71.924,-43.3827],[-71.9229,-43.383],[-71.9216,-43.3831],[-71.9199,-43.3834],[-71.9188,-43.3835],[-71.9176,-43.3837],[-71.9163,-43.3838],[-71.9139,-43.3839],[-71.9131,-43.3833],[-71.9115,-43.3822],[-71.9102,-43.3813],[-71.9096,-43.3807],[-71.9088,-43.38],[-71.9078,-43.3795],[-71.9068,-43.3789],[-71.9058,-43.3783],[-71.9042,-43.3779],[-71.9029,-43.3778],[-71.9011,-43.3779],[-71.9,-43.3778],[-71.8988,-43.3777],[-71.8973,-43.3776],[-71.8953,-43.3773],[-71.895,-43.3762],[-71.8951,-43.3755],[-71.8951,-43.3744],[-71.8953,-43.3738],[-71.8955,-43.3731],[-71.8962,-43.3721],[-71.8973,-43.3712],[-71.8983,-43.3703],[-71.8989,-43.3697],[-71.8997,-43.3686],[-71.9,-43.368],[-71.8999,-43.3666],[-71.8997,-43.3658],[-71.8995,-43.365],[-71.8989,-43.3639],[-71.8981,-43.3631],[-71.8976,-43.3625],[-71.897,-43.362],[-71.8956,-43.3612],[-71.8946,-43.3606],[-71.8934,-43.36],[-71.8923,-43.3595],[-71.8911,-43.3584],[-71.8913,-43.3573],[-71.8914,-43.3566],[-71.8918,-43.3559],[-71.8921,-43.3551],[-71.8923,-43.3545],[-71.8926,-43.3537],[-71.893,-43.353],[-71.8934,-43.3523],[-71.8939,-43.3513],[-71.8942,-43.3506],[-71.8946,-43.35],[-71.895,-43.3493],[-71.8961,-43.348],[-71.8972,-43.3472],[-71.8979,-43.3468],[-71.899,-43.3459],[-71.9001,-43.3449],[-71.9007,-43.3445],[-71.9014,-43.344],[-71.9023,-43.3435],[-71.903,-43.3428],[-71.9034,-43.342],[-71.9023,-43.3411],[-71.9018,-43.3404],[-71.9011,-43.3394],[-71.9005,-43.3387],[-71.8997,-43.3378],[-71.8989,-43.3364],[-71.8999,-43.3315],[-71.8991,-43.3283],[-71.8994,-43.3273],[-71.8996,-43.3267],[-71.8999,-43.326],[-71.9003,-43.3249],[-71.9006,-43.3243],[-71.9014,-43.3233],[-71.9022,-43.3223],[-71.903,-43.3216],[-71.9034,-43.321],[-71.9034,-43.3203],[-71.9021,-43.3192],[-71.9008,-43.3188],[-71.8993,-43.3183],[-71.8985,-43.3181],[-71.8969,-43.3178],[-71.8957,-43.3176],[-71.8944,-43.3173],[-71.8931,-43.3171],[-71.8921,-43.3177],[-71.8913,-43.3184],[-71.8899,-43.3193],[-71.8886,-43.3201],[-71.8877,-43.3206],[-71.8866,-43.3214],[-71.8859,-43.3221],[-71.8845,-43.3227],[-71.8832,-43.3227],[-71.8816,-43.3227],[-71.8807,-43.3226],[-71.8795,-43.3226],[-71.8776,-43.3233],[-71.8764,-43.3242],[-71.8752,-43.3248],[-71.8739,-43.3255],[-71.8726,-43.3255],[-71.8712,-43.3255],[-71.8688,-43.3253],[-71.8677,-43.3252],[-71.8663,-43.3254],[-71.8657,-43.3262],[-71.8653,-43.3271],[-71.8651,-43.3278],[-71.864,-43.329],[-71.862,-43.3292],[-71.8605,-43.3293],[-71.8585,-43.3295],[-71.8568,-43.3293],[-71.8558,-43.3291],[-71.8544,-43.3288],[-71.8528,-43.3284],[-71.8471,-43.3314],[-71.8416,-43.3329],[-71.8345,-43.3333],[-71.8291,-43.3324],[-71.8277,-43.3314],[-71.8252,-43.3291],[-71.824,-43.3284],[-71.8231,-43.3276],[-71.8219,-43.3267],[-71.8207,-43.3261],[-71.8199,-43.3258],[-71.8183,-43.3248],[-71.8173,-43.3239],[-71.8164,-43.3224],[-71.8156,-43.321],[-71.8153,-43.3204],[-71.8145,-43.3193],[-71.8128,-43.3186],[-71.8114,-43.3183],[-71.8106,-43.318],[-71.8076,-43.3167],[-71.8074,-43.3153],[-71.8073,-43.3145],[-71.807,-43.3128],[-71.8059,-43.3124],[-71.8047,-43.3121],[-71.8032,-43.3118],[-71.8022,-43.3113],[-71.8012,-43.3108],[-71.8,-43.3103],[-71.7992,-43.3095],[-71.7989,-43.3086],[-71.7991,-43.308],[-71.7999,-43.3069],[-71.8001,-43.3062],[-71.8004,-43.3056],[-71.8005,-43.3044],[-71.8001,-43.3037],[-71.7993,-43.3027],[-71.7988,-43.3021],[-71.7973,-43.301],[-71.7962,-43.3004],[-71.7956,-43.3],[-71.7946,-43.2992],[-71.7939,-43.2986],[-71.7927,-43.2977],[-71.792,-43.2972],[-71.7909,-43.2966],[-71.7894,-43.2956],[-71.7882,-43.295],[-71.7874,-43.2948],[-71.7858,-43.2943],[-71.7843,-43.294],[-71.7828,-43.294],[-71.7819,-43.2939],[-71.7808,-43.2939],[-71.7795,-43.2941],[-71.778,-43.2943],[-71.7759,-43.2949],[-71.7747,-43.2953],[-71.7736,-43.296],[-71.7723,-43.2969],[-71.7709,-43.2974],[-71.7697,-43.2977],[-71.7682,-43.2976],[-71.767,-43.2972],[-71.7651,-43.2975],[-71.7638,-43.2978],[-71.7625,-43.2983],[-71.761,-43.2998],[-71.7604,-43.3006],[-71.7601,-43.3012],[-71.7599,-43.3019],[-71.7598,-43.3026],[-71.7596,-43.3035],[-71.7593,-43.3043],[-71.7587,-43.306],[-71.7584,-43.307],[-71.7586,-43.308],[-71.7589,-43.309],[-71.759,-43.3101],[-71.759,-43.3111],[-71.7585,-43.3122],[-71.7576,-43.3127],[-71.755,-43.3133],[-71.7542,-43.3135],[-71.7533,-43.3138],[-71.7522,-43.3143],[-71.751,-43.3148],[-71.7503,-43.3152],[-71.7496,-43.3156],[-71.7484,-43.3161],[-71.7471,-43.3165],[-71.7461,-43.3168],[-71.7449,-43.3171],[-71.7434,-43.3171],[-71.7421,-43.3168],[-71.7406,-43.3162],[-71.7392,-43.3156],[-71.7381,-43.315],[-71.7364,-43.3142],[-71.7356,-43.3137],[-71.7344,-43.3132],[-71.7332,-43.3125],[-71.7323,-43.3115],[-71.7305,-43.3088],[-71.7303,-43.3078],[-71.7302,-43.3067],[-71.73,-43.3051],[-71.7304,-43.3041],[-71.7304,-43.3032],[-71.7303,-43.3021],[-71.73,-43.301],[-71.7299,-43.3004],[-71.7299,-43.2996],[-71.7298,-43.2987],[-71.7299,-43.2974],[-71.7304,-43.2963],[-71.731,-43.2954],[-71.7311,-43.2947],[-71.7311,-43.294],[-71.7313,-43.2929],[-71.7314,-43.2922],[-71.7316,-43.2913],[-71.7316,-43.2904],[-71.7316,-43.2895],[-71.7316,-43.2888],[-71.7315,-43.2879],[-71.7312,-43.2871],[-71.7309,-43.2862],[-71.7307,-43.2854],[-71.7305,-43.2843],[-71.7304,-43.2836],[-71.7301,-43.2825],[-71.7297,-43.2813],[-71.7294,-43.2803],[-71.7295,-43.2792],[-71.7299,-43.2783],[-71.7304,-43.2773],[-71.7306,-43.2767],[-71.7313,-43.275],[-71.7321,-43.2736],[-71.733,-43.2725],[-71.7338,-43.2716],[-71.7345,-43.271],[-71.7351,-43.2704],[-71.7358,-43.2697],[-71.7366,-43.2687],[-71.7372,-43.2679],[-71.7378,-43.2669],[-71.7386,-43.266],[-71.7407,-43.2656],[-71.7439,-43.2656],[-71.7437,-43.2646],[-71.7434,-43.2637],[-71.7432,-43.2627],[-71.7431,-43.2615],[-71.7439,-43.2599],[-71.7442,-43.2592],[-71.7449,-43.2575],[-71.7451,-43.2567],[-71.7454,-43.2554],[-71.7454,-43.2544],[-71.7453,-43.2531],[-71.7452,-43.2519],[-71.7451,-43.2508],[-71.7449,-43.2502],[-71.745,-43.2492],[-71.7453,-43.2481],[-71.7457,-43.247],[-71.7459,-43.2463],[-71.7462,-43.2454],[-71.7464,-43.2447],[-71.747,-43.2436],[-71.7475,-43.2427],[-71.7487,-43.2401],[-71.7499,-43.2398],[-71.751,-43.2398],[-71.7528,-43.239],[-71.7529,-43.2382],[-71.7528,-43.2372],[-71.7526,-43.2366],[-71.7518,-43.235],[-71.7525,-43.2332],[-71.7534,-43.2318],[-71.7537,-43.231],[-71.7539,-43.2303],[-71.7542,-43.2296],[-71.7545,-43.2287],[-71.7545,-43.2278],[-71.7543,-43.2263],[-71.7535,-43.2256],[-71.7524,-43.225],[-71.7512,-43.2244],[-71.7501,-43.2239],[-71.749,-43.2234],[-71.7481,-43.2229],[-71.7468,-43.2221],[-71.7457,-43.2215],[-71.7442,-43.2209],[-71.7432,-43.2206],[-71.7422,-43.2201],[-71.741,-43.2196],[-71.7402,-43.2193],[-71.7388,-43.2186],[-71.7376,-43.2178],[-71.7367,-43.2169],[-71.7361,-43.2158],[-71.7353,-43.2143],[-71.7349,-43.2135],[-71.7345,-43.2129],[-71.7339,-43.212],[-71.7334,-43.2112],[-71.7329,-43.2106],[-71.7321,-43.209],[-71.7314,-43.2076],[-71.7311,-43.2067],[-71.7307,-43.2051],[-71.7305,-43.2044],[-71.7302,-43.2035],[-71.73,-43.2025],[-71.7297,-43.2014],[-71.7289,-43.1999],[-71.7283,-43.199],[-71.728,-43.1981],[-71.7281,-43.1972],[-71.7282,-43.1961],[-71.7284,-43.1952],[-71.7285,-43.1944],[-71.7291,-43.1935],[-71.7296,-43.1929],[-71.7302,-43.1919],[-71.7306,-43.1912],[-71.7313,-43.1899],[-71.7317,-43.1891],[-71.732,-43.1885],[-71.7324,-43.1878],[-71.7329,-43.1871],[-71.7335,-43.186],[-71.7343,-43.1848],[-71.7347,-43.1841],[-71.7352,-43.1832],[-71.7355,-43.1826],[-71.7363,-43.1814],[-71.7372,-43.1803],[-71.7392,-43.1771],[-71.7403,-43.1768],[-71.7418,-43.1766],[-71.7427,-43.1765],[-71.7438,-43.1764],[-71.7448,-43.1763],[-71.7462,-43.1762],[-71.7473,-43.176],[-71.7493,-43.1756],[-71.7502,-43.1753],[-71.7513,-43.175],[-71.753,-43.174],[-71.7536,-43.1731],[-71.7541,-43.1718],[-71.7543,-43.171],[-71.7548,-43.17],[-71.7552,-43.1689],[-71.7556,-43.1681],[-71.7558,-43.1674],[-71.7561,-43.1664],[-71.7565,-43.1658],[-71.757,-43.1653],[-71.7574,-43.1645],[-71.7584,-43.1624],[-71.7597,-43.1627],[-71.7611,-43.1629],[-71.765,-43.1641],[-71.7673,-43.1641],[-71.7694,-43.1635],[-71.7706,-43.1634],[-71.7719,-43.1635],[-71.7742,-43.1639],[-71.7751,-43.1642],[-71.777,-43.165],[-71.7784,-43.1657],[-71.7795,-43.1662],[-71.7812,-43.1665],[-71.782,-43.1658],[-71.7823,-43.165],[-71.7826,-43.164],[-71.7828,-43.1629],[-71.7833,-43.1618],[-71.7838,-43.161],[-71.7843,-43.1604],[-71.7855,-43.1597],[-71.7868,-43.159],[-71.7882,-43.1584],[-71.7891,-43.158],[-71.7905,-43.1576],[-71.7915,-43.1574],[-71.7929,-43.1573],[-71.7961,-43.1568],[-71.7971,-43.1559],[-71.798,-43.155],[-71.7987,-43.154],[-71.7996,-43.1531],[-71.8012,-43.1519],[-71.8018,-43.1513],[-71.8026,-43.1507],[-71.8037,-43.1494],[-71.8043,-43.1486],[-71.8049,-43.148],[-71.8062,-43.1469],[-71.8079,-43.1459],[-71.8093,-43.1454],[-71.8111,-43.1442],[-71.8123,-43.1433],[-71.8135,-43.1426],[-71.8147,-43.1427],[-71.8157,-43.1435],[-71.8164,-43.1444],[-71.8172,-43.1454],[-71.818,-43.1463],[-71.8187,-43.1471],[-71.8201,-43.1487],[-71.8209,-43.148],[-71.8218,-43.1474],[-71.8231,-43.1469],[-71.8244,-43.1464],[-71.826,-43.146],[-71.8269,-43.1457],[-71.8293,-43.145],[-71.8304,-43.1445],[-71.8312,-43.1438],[-71.8318,-43.1431],[-71.8328,-43.1422],[-71.8337,-43.1416],[-71.8353,-43.1406],[-71.8376,-43.1402],[-71.8391,-43.14],[-71.8409,-43.1401],[-71.8423,-43.14],[-71.8433,-43.1399],[-71.8449,-43.1398],[-71.8459,-43.1397],[-71.8468,-43.1397],[-71.8485,-43.1398],[-71.8494,-43.1399],[-71.851,-43.1402],[-71.8525,-43.1402],[-71.8534,-43.1401],[-71.8556,-43.1393],[-71.8563,-43.1389],[-71.857,-43.1385],[-71.8582,-43.1376],[-71.8583,-43.1367],[-71.8572,-43.1361],[-71.8555,-43.1351],[-71.854,-43.1341],[-71.8532,-43.1334],[-71.8527,-43.1322],[-71.8524,-43.1311],[-71.8522,-43.1304],[-71.8521,-43.1296],[-71.8519,-43.1287],[-71.8516,-43.1275],[-71.8511,-43.1258],[-71.8523,-43.1259],[-71.8535,-43.1265],[-71.8544,-43.1268],[-71.8553,-43.1271],[-71.8567,-43.1275],[-71.8582,-43.1273],[-71.8599,-43.127],[-71.8616,-43.1268],[-71.863,-43.1268],[-71.8643,-43.1268],[-71.8664,-43.1267],[-71.8692,-43.1264],[-71.8701,-43.1264],[-71.8711,-43.1265],[-71.8727,-43.1266],[-71.8737,-43.1267],[-71.8751,-43.1267],[-71.8764,-43.1262],[-71.8775,-43.1255],[-71.8787,-43.1249],[-71.88,-43.1244],[-71.8812,-43.1245],[-71.8826,-43.1246],[-71.8836,-43.1246],[-71.8846,-43.1246],[-71.8852,-43.1238],[-71.8854,-43.1228],[-71.8854,-43.1217],[-71.8854,-43.1206],[-71.8855,-43.1197],[-71.8856,-43.1181],[-71.8857,-43.1171],[-71.8858,-43.1164],[-71.8858,-43.1156],[-71.8862,-43.1143],[-71.8864,-43.1136],[-71.8867,-43.1128],[-71.887,-43.112],[-71.8874,-43.1109],[-71.8878,-43.1099],[-71.8885,-43.1085],[-71.889,-43.1078],[-71.8897,-43.1069],[-71.8901,-43.1063],[-71.8906,-43.1057],[-71.8914,-43.1047],[-71.8929,-43.1036],[-71.8942,-43.1033],[-71.8954,-43.103],[-71.8969,-43.1025],[-71.8978,-43.1023],[-71.8987,-43.1022],[-71.8998,-43.1019],[-71.9008,-43.1018],[-71.9017,-43.1016],[-71.9033,-43.1014],[-71.9049,-43.1012],[-71.9072,-43.1009],[-71.9083,-43.1007],[-71.9092,-43.1005],[-71.91,-43.1002],[-71.9116,-43.0999],[-71.9125,-43.0997],[-71.9135,-43.0994],[-71.9144,-43.0992],[-71.9153,-43.099],[-71.9163,-43.0989],[-71.9173,-43.0987],[-71.9182,-43.0985],[-71.919,-43.0982],[-71.9199,-43.098],[-71.9208,-43.0979],[-71.9218,-43.0979],[-71.9227,-43.0981],[-71.9244,-43.0985],[-71.9259,-43.0992],[-71.9269,-43.0995],[-71.9284,-43.1001],[-71.9296,-43.1004],[-71.9305,-43.0998],[-71.9308,-43.0988],[-71.931,-43.0981],[-71.9316,-43.0969],[-71.9324,-43.0961],[-71.9332,-43.0952],[-71.934,-43.0944],[-71.9351,-43.0934],[-71.9356,-43.0927],[-71.9362,-43.092],[-71.937,-43.0912],[-71.938,-43.0901],[-71.9388,-43.0888],[-71.9384,-43.0877],[-71.9377,-43.0869],[-71.937,-43.0858],[-71.9365,-43.0852],[-71.936,-43.0843],[-71.9353,-43.0832],[-71.9344,-43.0819],[-71.9336,-43.0806],[-71.9327,-43.0793],[-71.9323,-43.0782],[-71.9325,-43.0767],[-71.9327,-43.0761],[-71.9328,-43.0754],[-71.9331,-43.0745],[-71.9332,-43.0735],[-71.9337,-43.0722],[-71.9341,-43.0711],[-71.9343,-43.0704],[-71.9344,-43.0697],[-71.9345,-43.069],[-71.9346,-43.0677],[-71.9344,-43.0667],[-71.9341,-43.0657],[-71.9338,-43.065],[-71.9331,-43.0639],[-71.9325,-43.0627],[-71.9319,-43.0614],[-71.9317,-43.0606],[-71.9317,-43.0589],[-71.9317,-43.0578]]]]},"geometry_name":"geom","properties":{"nombre":"TREVELIN"},"bbox":[-72.1488,-43.4894,-71.184,-42.8402]},{"type":"Feature","id":"juzgados.21","geometry":{"type":"MultiPolygon","coordinates":[[[[-70.6447,-42.9683],[-69.9871,-42.9777],[-69.9828,-42.8867],[-69.6144,-42.891],[-69.6169,-43.0718],[-69.3732,-43.075],[-69.3762,-43.2562],[-69.1314,-43.2576],[-69.1319,-43.3484],[-69.5573,-43.3465],[-69.5518,-43.5257],[-69.5516,-43.5296],[-70.1196,-43.5195],[-70.1135,-43.3412],[-70.3617,-43.3357],[-70.357,-43.1556],[-70.8193,-43.1477],[-70.8172,-43.1434],[-70.814,-43.1373],[-70.8127,-43.1314],[-70.8086,-43.1258],[-70.8043,-43.1175],[-70.7997,-43.1081],[-70.7979,-43.1008],[-70.7963,-43.0962],[-70.7949,-43.0895],[-70.7942,-43.0835],[-70.7925,-43.0762],[-70.7898,-43.0713],[-70.7874,-43.0652],[-70.7849,-43.0605],[-70.7785,-43.0512],[-70.777,-43.0448],[-70.7722,-43.0359],[-70.7696,-43.0266],[-70.7707,-43.0218],[-70.7712,-43.0177],[-70.7694,-43.0124],[-70.7666,-43.0046],[-70.7645,-43.0011],[-70.7624,-42.9976],[-70.758,-42.9953],[-70.7527,-42.9949],[-70.7461,-42.993],[-70.7423,-42.9903],[-70.7401,-42.9869],[-70.7366,-42.9835],[-70.7321,-42.9792],[-70.7236,-42.9763],[-70.7116,-42.9761],[-70.6968,-42.9761],[-70.6893,-42.9757],[-70.6826,-42.9732],[-70.6711,-42.9705],[-70.658,-42.9699],[-70.6447,-42.9683]]]]},"geometry_name":"geom","properties":{"nombre":"COLAN CONHUE"},"bbox":[-70.8193,-43.5296,-69.1314,-42.8867]},{"type":"Feature","id":"juzgados.22","geometry":{"type":"MultiPolygon","coordinates":[[[[-65.4417,-42.8523],[-65.4285,-42.852],[-65.0154,-42.8408],[-65.1677,-42.9667],[-65.1942,-43.0251],[-65.1945,-43.0257],[-65.184,-43.1793],[-65.1819,-43.2269],[-65.2936,-43.3074],[-65.3011,-43.3132],[-65.31,-43.3185],[-65.3194,-43.323],[-65.331,-43.3241],[-65.3404,-43.3253],[-65.3518,-43.3267],[-65.3603,-43.3287],[-65.38,-43.331],[-65.3948,-43.3339],[-65.4095,-43.3364],[-65.419,-43.3381],[-65.4273,-43.3408],[-65.4417,-42.8523]]]]},"geometry_name":"geom","properties":{"nombre":"TRELEW"},"bbox":[-65.4417,-43.3408,-65.0154,-42.8408]},{"type":"Feature","id":"juzgados.23","geometry":{"type":"MultiPolygon","coordinates":[[[[-68.0145,-43.0822],[-67.1626,-43.0775],[-67.1612,-43.2461],[-67.3993,-43.2495],[-67.3979,-43.5188],[-67.0233,-43.5138],[-67.0194,-43.6947],[-66.7754,-43.691],[-66.7728,-43.7828],[-66.6604,-43.7809],[-66.6547,-43.8729],[-66.4476,-43.8703],[-66.4494,-43.8718],[-66.4531,-43.8766],[-66.4559,-43.885],[-66.4579,-43.8926],[-66.4588,-43.901],[-66.4595,-43.9096],[-66.4592,-43.9149],[-66.458,-43.9221],[-66.4552,-43.9274],[-66.4518,-43.9311],[-66.449,-43.9344],[-66.4457,-43.9404],[-66.4428,-43.9435],[-66.4413,-43.9494],[-66.4436,-43.957],[-66.4445,-43.961],[-66.4495,-43.967],[-66.457,-43.9706],[-66.4628,-43.9746],[-66.4704,-43.9794],[-66.4775,-43.9831],[-66.4852,-43.9848],[-66.4913,-43.9886],[-66.4965,-43.9942],[-66.5036,-44],[-66.5126,-44.0055],[-66.5194,-44.009],[-66.5274,-44.0128],[-66.5356,-44.0187],[-66.5424,-44.0245],[-66.5516,-44.0319],[-66.5603,-44.038],[-66.5703,-44.0456],[-66.5766,-44.0515],[-66.5841,-44.0601],[-66.5906,-44.0661],[-66.5963,-44.0734],[-66.5991,-44.0768],[-66.605,-44.0846],[-66.6097,-44.0888],[-66.6173,-44.0943],[-66.6249,-44.1009],[-66.6302,-44.1042],[-66.6342,-44.1078],[-66.6405,-44.1136],[-66.6448,-44.1187],[-66.6514,-44.1229],[-66.6556,-44.1272],[-66.6611,-44.1306],[-66.6688,-44.133],[-66.6726,-44.1363],[-66.6799,-44.1418],[-66.6852,-44.1451],[-66.6939,-44.1516],[-66.7025,-44.1576],[-66.7091,-44.1638],[-66.7163,-44.1683],[-66.7245,-44.1733],[-66.7333,-44.1798],[-66.7422,-44.1859],[-66.7509,-44.1927],[-66.7597,-44.1995],[-66.7658,-44.2076],[-66.7728,-44.2142],[-66.7787,-44.2192],[-66.7862,-44.2245],[-66.7912,-44.2291],[-66.7931,-44.2382],[-66.7972,-44.2466],[-66.8006,-44.2529],[-66.8066,-44.2595],[-66.8097,-44.2658],[-66.8117,-44.2735],[-66.8142,-44.2804],[-66.815,-44.2867],[-66.818,-44.2925],[-66.8228,-44.298],[-66.8277,-44.3039],[-66.832,-44.3132],[-66.8349,-44.321],[-66.838,-44.3284],[-66.8407,-44.3352],[-66.8441,-44.3451],[-66.8453,-44.3524],[-66.8485,-44.3582],[-66.8513,-44.3628],[-66.8507,-44.3691],[-66.8521,-44.3786],[-66.8534,-44.3867],[-66.8557,-44.3945],[-66.8566,-44.4014],[-66.8602,-44.4082],[-66.8631,-44.414],[-66.8645,-44.417],[-66.8683,-44.422],[-66.8728,-44.4274],[-66.8772,-44.4313],[-66.8812,-44.434],[-66.8858,-44.4402],[-66.8875,-44.4493],[-66.8894,-44.4573],[-66.8922,-44.4649],[-66.895,-44.4711],[-66.8999,-44.4779],[-66.9051,-44.4833],[-66.91,-44.4901],[-66.9178,-44.4993],[-66.9251,-44.5058],[-66.9294,-44.5134],[-66.9365,-44.5176],[-66.942,-44.5227],[-66.9495,-44.526],[-66.9549,-44.5314],[-66.9624,-44.5363],[-66.9692,-44.5406],[-66.9743,-44.5462],[-66.9807,-44.5564],[-66.9864,-44.56],[-66.9938,-44.5653],[-67,-44.5697],[-67.0044,-44.573],[-67.0082,-44.5774],[-67.0135,-44.5831],[-67.0188,-44.5864],[-67.0228,-44.5898],[-67.0297,-44.5927],[-67.0323,-44.5967],[-67.0389,-44.6028],[-67.0476,-44.6112],[-67.0518,-44.6181],[-67.0538,-44.6251],[-67.0572,-44.6342],[-67.0584,-44.6393],[-67.0612,-44.647],[-67.0638,-44.6558],[-67.0637,-44.6603],[-67.0652,-44.6683],[-67.0665,-44.6754],[-67.0695,-44.682],[-67.0724,-44.6887],[-67.0796,-44.6909],[-67.0876,-44.6925],[-67.0973,-44.6939],[-67.1054,-44.694],[-67.1084,-44.694],[-67.1085,-44.6903],[-67.6405,-44.6962],[-67.7525,-44.6961],[-67.7524,-44.6857],[-67.7582,-43.9666],[-68.0167,-43.9695],[-68.0163,-43.3595],[-68.0163,-43.3564],[-68.0145,-43.0822]]]]},"geometry_name":"geom","properties":{"nombre":"LAS PLUMAS"},"bbox":[-68.0167,-44.6962,-66.4413,-43.0775]},{"type":"Feature","id":"juzgados.24","geometry":{"type":"MultiPolygon","coordinates":[[[[-65.1942,-43.0251],[-64.6506,-43.0118],[-64.6366,-43.0218],[-64.6301,-43.1093],[-64.6324,-43.1099],[-64.6374,-43.1107],[-64.6413,-43.1119],[-64.6451,-43.113],[-64.6499,-43.1137],[-64.6526,-43.1144],[-64.655,-43.1155],[-64.6576,-43.1164],[-64.6606,-43.1168],[-64.6644,-43.118],[-64.6674,-43.1185],[-64.6709,-43.1189],[-64.6717,-43.1199],[-64.676,-43.1208],[-64.6796,-43.1215],[-64.6817,-43.1223],[-64.6832,-43.1228],[-64.6849,-43.1233],[-64.6865,-43.1237],[-64.6885,-43.1243],[-64.69,-43.1246],[-64.692,-43.1252],[-64.6938,-43.1258],[-64.696,-43.127],[-64.6985,-43.1275],[-64.6992,-43.1281],[-64.7011,-43.1287],[-64.7029,-43.1292],[-64.7041,-43.1298],[-64.7072,-43.1309],[-64.709,-43.1318],[-64.7113,-43.1325],[-64.7124,-43.1328],[-64.7141,-43.1331],[-64.7161,-43.1334],[-64.7182,-43.1346],[-64.7197,-43.1353],[-64.7218,-43.1359],[-64.7224,-43.1364],[-64.724,-43.1364],[-64.7251,-43.1372],[-64.727,-43.1379],[-64.7309,-43.1385],[-64.7353,-43.1399],[-64.7388,-43.1413],[-64.7422,-43.1428],[-64.7431,-43.1434],[-64.7445,-43.1438],[-64.7474,-43.1451],[-64.7515,-43.1458],[-64.7533,-43.1465],[-64.7566,-43.1479],[-64.7589,-43.1488],[-64.7604,-43.1496],[-64.7627,-43.1505],[-64.7646,-43.1511],[-64.7661,-43.1514],[-64.7678,-43.152],[-64.7696,-43.1525],[-64.7715,-43.1536],[-64.774,-43.1544],[-64.7761,-43.155],[-64.7768,-43.1557],[-64.7784,-43.1564],[-64.7812,-43.157],[-64.7828,-43.1578],[-64.785,-43.1589],[-64.7867,-43.1597],[-64.7889,-43.1605],[-64.7912,-43.1608],[-64.7917,-43.1617],[-64.7936,-43.1623],[-64.7964,-43.1632],[-64.7974,-43.164],[-64.7997,-43.1648],[-64.801,-43.1655],[-64.8028,-43.1659],[-64.8043,-43.1666],[-64.8059,-43.1673],[-64.8084,-43.1682],[-64.81,-43.1689],[-64.8113,-43.1697],[-64.8116,-43.1703],[-64.8136,-43.1709],[-64.8168,-43.1721],[-64.819,-43.1729],[-64.8214,-43.1736],[-64.8226,-43.1745],[-64.8275,-43.1756],[-64.8285,-43.1766],[-64.8301,-43.1775],[-64.8319,-43.1785],[-64.8338,-43.1796],[-64.8369,-43.1807],[-64.8397,-43.1818],[-64.842,-43.1826],[-64.8447,-43.1837],[-64.8465,-43.1843],[-64.8492,-43.1854],[-64.8505,-43.186],[-64.853,-43.1871],[-64.8551,-43.1882],[-64.8574,-43.1892],[-64.8595,-43.1899],[-64.8617,-43.1905],[-64.8628,-43.1918],[-64.8641,-43.1923],[-64.8645,-43.1932],[-64.8664,-43.1936],[-64.8675,-43.1945],[-64.869,-43.1949],[-64.8704,-43.1955],[-64.8726,-43.1964],[-64.8744,-43.1974],[-64.8766,-43.1982],[-64.8786,-43.199],[-64.8806,-43.2],[-64.883,-43.2014],[-64.885,-43.2022],[-64.8856,-43.2028],[-64.8874,-43.2036],[-64.8888,-43.2045],[-64.8897,-43.2051],[-64.8911,-43.2056],[-64.8934,-43.2067],[-64.8942,-43.2073],[-64.8965,-43.2084],[-64.8989,-43.2098],[-64.9006,-43.2102],[-64.901,-43.2114],[-64.9023,-43.2119],[-64.9043,-43.2131],[-64.9059,-43.2138],[-64.9074,-43.2146],[-64.9088,-43.2152],[-64.9101,-43.216],[-64.9118,-43.2168],[-64.914,-43.2179],[-64.9163,-43.2193],[-64.9181,-43.22],[-64.9201,-43.221],[-64.9215,-43.2218],[-64.9222,-43.2223],[-64.9238,-43.2236],[-64.9251,-43.2241],[-64.9267,-43.2248],[-64.9288,-43.226],[-64.9299,-43.2268],[-64.9308,-43.2273],[-64.9336,-43.2287],[-64.9361,-43.2299],[-64.9379,-43.2314],[-64.9425,-43.2331],[-64.9473,-43.2359],[-64.9502,-43.2378],[-64.9537,-43.2395],[-64.956,-43.2407],[-64.9587,-43.2422],[-64.961,-43.2441],[-64.9633,-43.2453],[-64.9641,-43.2457],[-64.9674,-43.248],[-64.9717,-43.2505],[-64.9748,-43.2527],[-64.9761,-43.253],[-64.9819,-43.2567],[-64.9869,-43.2599],[-64.9889,-43.2614],[-64.9916,-43.2636],[-64.9948,-43.2663],[-64.9973,-43.2684],[-65.0006,-43.2706],[-65.0028,-43.273],[-65.0048,-43.2754],[-65.007,-43.2776],[-65.009,-43.2799],[-65.0108,-43.2823],[-65.0137,-43.2846],[-65.0167,-43.2875],[-65.0193,-43.2903],[-65.0226,-43.2936],[-65.0251,-43.2973],[-65.0284,-43.2999],[-65.0296,-43.3018],[-65.0323,-43.304],[-65.0353,-43.3064],[-65.0386,-43.3095],[-65.0425,-43.3125],[-65.0444,-43.316],[-65.0462,-43.318],[-65.0472,-43.3199],[-65.0486,-43.322],[-65.0499,-43.3243],[-65.0515,-43.327],[-65.0527,-43.3307],[-65.0541,-43.3334],[-65.0541,-43.3361],[-65.054,-43.3383],[-65.0549,-43.3402],[-65.0562,-43.3445],[-65.0551,-43.3473],[-65.0545,-43.3501],[-65.052,-43.3517],[-65.0496,-43.3531],[-65.0498,-43.3553],[-65.0513,-43.3563],[-65.0487,-43.3568],[-65.0456,-43.358],[-65.0442,-43.3597],[-65.0446,-43.3622],[-65.0467,-43.3637],[-65.046,-43.3654],[-65.0453,-43.3691],[-65.0466,-43.372],[-65.0473,-43.3741],[-65.0468,-43.3752],[-65.0448,-43.3765],[-65.043,-43.3777],[-65.0425,-43.3787],[-65.0438,-43.3811],[-65.0455,-43.3829],[-65.0468,-43.3851],[-65.0486,-43.3877],[-65.0491,-43.3896],[-65.0503,-43.392],[-65.051,-43.3941],[-65.051,-43.3966],[-65.0509,-43.3986],[-65.0512,-43.4002],[-65.0533,-43.4014],[-65.0557,-43.4021],[-65.0578,-43.403],[-65.0598,-43.4051],[-65.0606,-43.4057],[-65.062,-43.4067],[-65.0639,-43.4077],[-65.0656,-43.4083],[-65.0673,-43.4091],[-65.0696,-43.4097],[-65.0721,-43.4115],[-65.0738,-43.4127],[-65.0752,-43.4135],[-65.077,-43.4134],[-65.0773,-43.4144],[-65.0776,-43.4163],[-65.0793,-43.4176],[-65.0807,-43.419],[-65.0813,-43.4202],[-65.0817,-43.421],[-65.084,-43.4217],[-65.0865,-43.4227],[-65.0882,-43.4239],[-65.0898,-43.425],[-65.0902,-43.4261],[-65.0903,-43.4271],[-65.0901,-43.4277],[-65.09,-43.4285],[-65.091,-43.4295],[-65.0925,-43.4306],[-65.094,-43.431],[-65.0956,-43.4322],[-65.0975,-43.4332],[-65.099,-43.4338],[-65.1011,-43.4349],[-65.1034,-43.436],[-65.105,-43.4374],[-65.1062,-43.4387],[-65.1079,-43.4395],[-65.1098,-43.4407],[-65.111,-43.4413],[-65.1121,-43.4422],[-65.1137,-43.4433],[-65.1156,-43.4446],[-65.117,-43.4461],[-65.1184,-43.4473],[-65.1203,-43.4489],[-65.1228,-43.4502],[-65.1238,-43.4514],[-65.1257,-43.4525],[-65.1278,-43.4534],[-65.1288,-43.4545],[-65.1304,-43.4562],[-65.1318,-43.4573],[-65.1328,-43.4588],[-65.1354,-43.4598],[-65.136,-43.4609],[-65.1374,-43.4614],[-65.1378,-43.4629],[-65.1392,-43.4639],[-65.14,-43.465],[-65.1401,-43.4661],[-65.1413,-43.4676],[-65.143,-43.4686],[-65.1436,-43.4694],[-65.1446,-43.4702],[-65.1459,-43.4712],[-65.1473,-43.4728],[-65.1483,-43.4741],[-65.1491,-43.4751],[-65.1499,-43.476],[-65.1505,-43.477],[-65.1517,-43.4777],[-65.1525,-43.4785],[-65.1529,-43.4799],[-65.1541,-43.4814],[-65.1553,-43.4828],[-65.1568,-43.4835],[-65.1586,-43.4847],[-65.1599,-43.486],[-65.161,-43.4879],[-65.1616,-43.4893],[-65.1626,-43.4905],[-65.1643,-43.4916],[-65.1663,-43.4933],[-65.1675,-43.4949],[-65.1678,-43.4965],[-65.1688,-43.4981],[-65.1698,-43.4992],[-65.1713,-43.5005],[-65.1727,-43.5011],[-65.174,-43.5024],[-65.1749,-43.504],[-65.175,-43.5059],[-65.1727,-43.5055],[-65.1728,-43.5072],[-65.1734,-43.508],[-65.1744,-43.5092],[-65.1756,-43.5105],[-65.1773,-43.5108],[-65.1779,-43.5123],[-65.178,-43.5137],[-65.1775,-43.5148],[-65.1774,-43.516],[-65.1778,-43.5167],[-65.1789,-43.5167],[-65.1802,-43.5172],[-65.1808,-43.5179],[-65.1812,-43.5187],[-65.1811,-43.5201],[-65.1814,-43.521],[-65.1825,-43.5217],[-65.184,-43.5221],[-65.1859,-43.5223],[-65.1861,-43.5231],[-65.1871,-43.5233],[-65.1886,-43.5235],[-65.1901,-43.5242],[-65.1913,-43.5255],[-65.1919,-43.5263],[-65.1923,-43.5275],[-65.1918,-43.5283],[-65.1928,-43.5291],[-65.1939,-43.5298],[-65.1942,-43.5309],[-65.1944,-43.532],[-65.1945,-43.5333],[-65.1938,-43.5342],[-65.1933,-43.5358],[-65.1932,-43.5369],[-65.1923,-43.5375],[-65.1947,-43.5379],[-65.1948,-43.539],[-65.1974,-43.5392],[-65.1989,-43.5399],[-65.2005,-43.5407],[-65.2021,-43.5408],[-65.2044,-43.5407],[-65.2065,-43.5417],[-65.2076,-43.5422],[-65.2087,-43.5426],[-65.2094,-43.5439],[-65.2096,-43.5448],[-65.2102,-43.5455],[-65.2119,-43.5462],[-65.2142,-43.5467],[-65.2157,-43.5477],[-65.2169,-43.5488],[-65.2181,-43.55],[-65.2198,-43.5508],[-65.2204,-43.5518],[-65.2224,-43.5512],[-65.2224,-43.552],[-65.2225,-43.5531],[-65.2237,-43.5543],[-65.2259,-43.5535],[-65.2283,-43.5532],[-65.2307,-43.5535],[-65.2328,-43.5552],[-65.2351,-43.5561],[-65.2365,-43.5574],[-65.239,-43.5587],[-65.2407,-43.5594],[-65.2415,-43.5607],[-65.243,-43.5612],[-65.2434,-43.5622],[-65.2453,-43.5633],[-65.2472,-43.5642],[-65.2491,-43.5649],[-65.2507,-43.5656],[-65.2524,-43.5666],[-65.2533,-43.5667],[-65.2543,-43.5679],[-65.2553,-43.5685],[-65.257,-43.5697],[-65.2588,-43.5713],[-65.2598,-43.5725],[-65.2605,-43.5731],[-65.2611,-43.5736],[-65.2612,-43.5744],[-65.2623,-43.5754],[-65.2622,-43.5765],[-65.2611,-43.5772],[-65.2614,-43.5788],[-65.2626,-43.5801],[-65.2645,-43.5814],[-65.2663,-43.5831],[-65.2684,-43.5847],[-65.2703,-43.5862],[-65.2715,-43.587],[-65.2732,-43.5871],[-65.2758,-43.5872],[-65.2775,-43.5882],[-65.2798,-43.59],[-65.2805,-43.5917],[-65.282,-43.5924],[-65.2828,-43.5942],[-65.282,-43.5954],[-65.2836,-43.5953],[-65.2855,-43.5955],[-65.2868,-43.5963],[-65.2871,-43.5981],[-65.2862,-43.5987],[-65.2836,-43.5989],[-65.2861,-43.6007],[-65.287,-43.6022],[-65.2881,-43.6033],[-65.2893,-43.6049],[-65.2909,-43.6069],[-65.2928,-43.608],[-65.2943,-43.6103],[-65.296,-43.6121],[-65.2967,-43.6138],[-65.2982,-43.6145],[-65.2984,-43.6153],[-65.2996,-43.6166],[-65.3019,-43.6178],[-65.3044,-43.6193],[-65.3056,-43.621],[-65.307,-43.6224],[-65.3074,-43.6233],[-65.3065,-43.6241],[-65.3081,-43.6257],[-65.3102,-43.6269],[-65.311,-43.6286],[-65.3123,-43.6288],[-65.314,-43.6289],[-65.3152,-43.6302],[-65.3162,-43.6323],[-65.3163,-43.6341],[-65.3156,-43.6357],[-65.3142,-43.6361],[-65.3159,-43.6374],[-65.3169,-43.639],[-65.3172,-43.64],[-65.3181,-43.6407],[-65.3195,-43.642],[-65.3215,-43.6419],[-65.3233,-43.643],[-65.3237,-43.6443],[-65.3234,-43.6454],[-65.3227,-43.646],[-65.3231,-43.6473],[-65.324,-43.6465],[-65.3255,-43.6463],[-65.3261,-43.6475],[-65.3261,-43.6485],[-65.3258,-43.6491],[-65.3264,-43.6504],[-65.3276,-43.6515],[-65.3296,-43.6514],[-65.3314,-43.6526],[-65.3322,-43.6539],[-65.3339,-43.6557],[-65.3346,-43.6577],[-65.3354,-43.6593],[-65.3361,-43.6609],[-65.3367,-43.6625],[-65.3377,-43.6633],[-65.3385,-43.6646],[-65.3393,-43.6664],[-65.3392,-43.668],[-65.3391,-43.6691],[-65.3403,-43.6702],[-65.3409,-43.6721],[-65.3414,-43.6737],[-65.3413,-43.6751],[-65.3415,-43.6761],[-65.3402,-43.676],[-65.3399,-43.6774],[-65.3402,-43.6789],[-65.3404,-43.6801],[-65.3405,-43.6812],[-65.3409,-43.682],[-65.3415,-43.6833],[-65.3423,-43.6844],[-65.3428,-43.6862],[-65.3432,-43.6881],[-65.3431,-43.6893],[-65.3439,-43.6911],[-65.3437,-43.6928],[-65.3439,-43.6946],[-65.3437,-43.6966],[-65.3439,-43.6979],[-65.344,-43.6995],[-65.3446,-43.7003],[-65.3451,-43.7023],[-65.3463,-43.7039],[-65.3469,-43.7052],[-65.3477,-43.7071],[-65.3482,-43.7089],[-65.3488,-43.7097],[-65.3492,-43.711],[-65.3495,-43.7124],[-65.3505,-43.714],[-65.351,-43.7156],[-65.3516,-43.7173],[-65.3515,-43.7191],[-65.3514,-43.7205],[-65.3502,-43.7217],[-65.3497,-43.7234],[-65.3504,-43.7256],[-65.3505,-43.7277],[-65.352,-43.7292],[-65.353,-43.7298],[-65.3544,-43.7316],[-65.3543,-43.7336],[-65.354,-43.7354],[-65.3541,-43.7366],[-65.3549,-43.7382],[-65.3552,-43.7397],[-65.3545,-43.7409],[-65.354,-43.7421],[-65.3544,-43.7433],[-65.3547,-43.7452],[-65.3552,-43.7475],[-65.3562,-43.7494],[-65.3561,-43.7507],[-65.3547,-43.7513],[-65.3546,-43.7532],[-65.3543,-43.7549],[-65.3538,-43.7558],[-65.3545,-43.7568],[-65.3533,-43.7579],[-65.3541,-43.7589],[-65.355,-43.7595],[-65.3556,-43.7617],[-65.3552,-43.7633],[-65.3546,-43.7648],[-65.3546,-43.7659],[-65.3542,-43.7672],[-65.3534,-43.768],[-65.3522,-43.7687],[-65.3512,-43.7699],[-65.3508,-43.7714],[-65.3503,-43.7728],[-65.3496,-43.7736],[-65.3478,-43.7745],[-65.3464,-43.7749],[-65.3449,-43.7748],[-65.3435,-43.7748],[-65.3422,-43.7749],[-65.3403,-43.7756],[-65.3379,-43.7764],[-65.3361,-43.7766],[-65.334,-43.7774],[-65.333,-43.7777],[-65.3313,-43.778],[-65.3302,-43.7784],[-65.329,-43.7779],[-65.3276,-43.7778],[-65.3265,-43.7783],[-65.3249,-43.7786],[-65.3235,-43.779],[-65.3227,-43.7795],[-65.3226,-43.7803],[-65.3223,-43.7813],[-65.3214,-43.7822],[-65.3202,-43.7827],[-65.3197,-43.7834],[-65.3194,-43.7844],[-65.3185,-43.785],[-65.317,-43.7858],[-65.3152,-43.7871],[-65.3142,-43.7887],[-65.3135,-43.7898],[-65.3131,-43.7907],[-65.3128,-43.7915],[-65.3119,-43.7928],[-65.3123,-43.7942],[-65.3135,-43.795],[-65.3145,-43.7963],[-65.3151,-43.797],[-65.3155,-43.7981],[-65.3162,-43.7997],[-65.3172,-43.801],[-65.3177,-43.8022],[-65.3199,-43.8025],[-65.3217,-43.8032],[-65.3235,-43.8041],[-65.3239,-43.8049],[-65.3237,-43.8057],[-65.3226,-43.8062],[-65.3221,-43.807],[-65.3225,-43.808],[-65.3229,-43.8091],[-65.3234,-43.8105],[-65.3245,-43.8106],[-65.3252,-43.812],[-65.324,-43.8137],[-65.3228,-43.8151],[-65.3216,-43.8169],[-65.3216,-43.8176],[-65.3229,-43.8189],[-65.3231,-43.8202],[-65.3235,-43.8222],[-65.324,-43.8239],[-65.3244,-43.8249],[-65.325,-43.8258],[-65.3261,-43.8278],[-65.3272,-43.8293],[-65.3276,-43.8307],[-65.3275,-43.8321],[-65.3274,-43.8338],[-65.3267,-43.8348],[-65.3264,-43.836],[-65.3267,-43.8373],[-65.3275,-43.8385],[-65.3291,-43.8398],[-65.3296,-43.8412],[-65.3297,-43.843],[-65.3291,-43.8441],[-65.3283,-43.8454],[-65.3272,-43.847],[-65.3272,-43.8479],[-65.3273,-43.8489],[-65.3271,-43.85],[-65.3252,-43.8517],[-65.3237,-43.8531],[-65.3231,-43.8541],[-65.3226,-43.8548],[-65.3215,-43.8548],[-65.3202,-43.8547],[-65.3196,-43.8557],[-65.3188,-43.8574],[-65.3182,-43.8582],[-65.3176,-43.8589],[-65.3176,-43.86],[-65.3176,-43.8615],[-65.3173,-43.8627],[-65.3172,-43.8636],[-65.3177,-43.8654],[-65.3183,-43.8665],[-65.3177,-43.8675],[-65.3169,-43.8686],[-65.3162,-43.8692],[-65.3166,-43.8706],[-65.3167,-43.8719],[-65.3164,-43.8734],[-65.3159,-43.8746],[-65.3152,-43.8763],[-65.3146,-43.8782],[-65.3139,-43.8797],[-65.3138,-43.8812],[-65.3131,-43.882],[-65.3123,-43.8831],[-65.3119,-43.8846],[-65.3108,-43.8861],[-65.3108,-43.8868],[-65.3115,-43.8876],[-65.3114,-43.889],[-65.3101,-43.8898],[-65.3088,-43.8919],[-65.3087,-43.8932],[-65.3089,-43.8945],[-65.3082,-43.8958],[-65.3074,-43.8967],[-65.307,-43.8982],[-65.3069,-43.8992],[-65.3064,-43.8999],[-65.3064,-43.9007],[-65.3061,-43.9018],[-65.3064,-43.9027],[-65.3066,-43.9037],[-65.3066,-43.9044],[-65.3059,-43.9052],[-65.3052,-43.9074],[-65.3043,-43.9089],[-65.3028,-43.9105],[-65.3021,-43.9114],[-65.3015,-43.912],[-65.3031,-43.9136],[-65.3036,-43.9149],[-65.3027,-43.9166],[-65.302,-43.9175],[-65.3017,-43.9182],[-65.3016,-43.9192],[-65.3013,-43.92],[-65.3013,-43.9214],[-65.3013,-43.9228],[-65.3012,-43.9244],[-65.3011,-43.926],[-65.3013,-43.9277],[-65.301,-43.9286],[-65.3005,-43.9299],[-65.3003,-43.9311],[-65.2991,-43.9322],[-65.2986,-43.9332],[-65.2976,-43.9344],[-65.2966,-43.9355],[-65.2956,-43.9364],[-65.2947,-43.9361],[-65.2936,-43.9362],[-65.2935,-43.937],[-65.2935,-43.9377],[-65.2936,-43.9389],[-65.2923,-43.9394],[-65.2911,-43.9403],[-65.2909,-43.9417],[-65.2902,-43.9431],[-65.2901,-43.9438],[-65.2893,-43.9446],[-65.2894,-43.9457],[-65.2903,-43.9467],[-65.2897,-43.948],[-65.2889,-43.9492],[-65.2884,-43.9498],[-65.2876,-43.9516],[-65.2869,-43.9525],[-65.2856,-43.9536],[-65.2846,-43.9548],[-65.2843,-43.9555],[-65.2839,-43.9569],[-65.2836,-43.9583],[-65.2836,-43.9594],[-65.2827,-43.9601],[-65.281,-43.9605],[-65.28,-43.9611],[-65.2786,-43.9615],[-65.2782,-43.9631],[-65.2769,-43.9636],[-65.2761,-43.9644],[-65.275,-43.9651],[-65.2733,-43.966],[-65.2717,-43.9666],[-65.2707,-43.9665],[-65.2685,-43.966],[-65.2673,-43.9653],[-65.2659,-43.9648],[-65.2651,-43.9638],[-65.2643,-43.9643],[-65.2634,-43.9652],[-65.2602,-43.9664],[-65.2575,-43.9675],[-65.2554,-43.9688],[-65.2537,-43.9687],[-65.2516,-43.9679],[-65.251,-43.9671],[-65.2508,-43.966],[-65.2487,-43.9658],[-65.2476,-43.9665],[-65.246,-43.967],[-65.2448,-43.9664],[-65.2431,-43.9672],[-65.2417,-43.9681],[-65.2402,-43.9686],[-65.2391,-43.9687],[-65.2366,-43.968],[-65.2357,-43.9676],[-65.2338,-43.9683],[-65.2331,-43.9688],[-65.2325,-43.9693],[-65.2324,-43.9701],[-65.2338,-43.971],[-65.2337,-43.972],[-65.2327,-43.9728],[-65.2323,-43.9738],[-65.2325,-43.9746],[-65.2335,-43.975],[-65.2346,-43.9755],[-65.2341,-43.9762],[-65.2345,-43.977],[-65.2357,-43.9767],[-65.2361,-43.9759],[-65.2366,-43.9752],[-65.2384,-43.9748],[-65.2389,-43.9755],[-65.2397,-43.9763],[-65.2404,-43.9768],[-65.2413,-43.9773],[-65.2429,-43.9772],[-65.2442,-43.9768],[-65.2454,-43.9761],[-65.2464,-43.9758],[-65.2478,-43.9759],[-65.2487,-43.9769],[-65.2493,-43.9775],[-65.2508,-43.9775],[-65.2522,-43.978],[-65.2533,-43.9793],[-65.2542,-43.9806],[-65.255,-43.9821],[-65.2548,-43.9835],[-65.2539,-43.9845],[-65.2539,-43.9852],[-65.2542,-43.9859],[-65.2562,-43.9865],[-65.2571,-43.987],[-65.2573,-43.988],[-65.2574,-43.9895],[-65.2576,-43.9908],[-65.2578,-43.9923],[-65.2577,-43.9936],[-65.2566,-43.9946],[-65.2562,-43.9963],[-65.2558,-43.9975],[-65.2543,-43.9981],[-65.2532,-43.9983],[-65.2524,-43.9987],[-65.2519,-43.9999],[-65.2523,-44.0009],[-65.2519,-44.0022],[-65.2514,-44.0031],[-65.2505,-44.0024],[-65.2501,-44.0018],[-65.2489,-44.0021],[-65.2483,-44.0028],[-65.2479,-44.0038],[-65.248,-44.0051],[-65.2474,-44.0062],[-65.2493,-44.0067],[-65.2494,-44.0076],[-65.25,-44.0082],[-65.251,-44.0089],[-65.2524,-44.0094],[-65.2537,-44.0104],[-65.2538,-44.0113],[-65.2541,-44.0123],[-65.2541,-44.0135],[-65.2541,-44.0147],[-65.2539,-44.0156],[-65.2534,-44.0175],[-65.2534,-44.0186],[-65.2532,-44.0195],[-65.252,-44.0199],[-65.2512,-44.021],[-65.2522,-44.0216],[-65.2526,-44.0225],[-65.2524,-44.0243],[-65.2511,-44.0251],[-65.249,-44.0255],[-65.2485,-44.0262],[-65.2473,-44.0274],[-65.2461,-44.0281],[-65.2442,-44.0301],[-65.2433,-44.0315],[-65.2425,-44.0324],[-65.2409,-44.0328],[-65.2406,-44.0335],[-65.2393,-44.0342],[-65.2373,-44.0355],[-65.2352,-44.0367],[-65.2338,-44.0374],[-65.2307,-44.0385],[-65.2294,-44.0395],[-65.2286,-44.0404],[-65.227,-44.0412],[-65.226,-44.0413],[-65.2243,-44.0417],[-65.2226,-44.0416],[-65.2217,-44.0409],[-65.2198,-44.041],[-65.2178,-44.0409],[-65.2169,-44.0401],[-65.2151,-44.0395],[-65.2139,-44.0386],[-65.2135,-44.0373],[-65.2125,-44.0362],[-65.2115,-44.0351],[-65.2102,-44.0347],[-65.2073,-44.0347],[-65.2043,-44.0345],[-65.201,-44.0346],[-65.1989,-44.0347],[-65.1967,-44.034],[-65.1961,-44.0333],[-65.1943,-44.0334],[-65.192,-44.0327],[-65.1909,-44.0323],[-65.1889,-44.0321],[-65.1885,-44.0327],[-65.1896,-44.0331],[-65.19,-44.0341],[-65.19,-44.035],[-65.1909,-44.0351],[-65.1937,-44.0355],[-65.195,-44.0361],[-65.1955,-44.0368],[-65.1951,-44.0378],[-65.1964,-44.0384],[-65.1985,-44.0385],[-65.2011,-44.0388],[-65.2036,-44.0387],[-65.2053,-44.0386],[-65.2063,-44.0382],[-65.2072,-44.0382],[-65.2094,-44.0383],[-65.2104,-44.0391],[-65.2099,-44.0402],[-65.2086,-44.0406],[-65.2073,-44.041],[-65.2079,-44.042],[-65.2086,-44.0432],[-65.2101,-44.0441],[-65.2112,-44.0446],[-65.2126,-44.0449],[-65.2135,-44.0454],[-65.2147,-44.0452],[-65.2169,-44.0459],[-65.2183,-44.047],[-65.2186,-44.0486],[-65.2191,-44.0505],[-65.2191,-44.0521],[-65.2183,-44.0532],[-65.2174,-44.0544],[-65.2186,-44.0558],[-65.2196,-44.0566],[-65.2208,-44.0579],[-65.2221,-44.0584],[-65.2232,-44.0589],[-65.2246,-44.0596],[-65.2253,-44.0602],[-65.2262,-44.0605],[-65.2278,-44.0605],[-65.2288,-44.061],[-65.2294,-44.0617],[-65.2305,-44.0619],[-65.2312,-44.0632],[-65.2324,-44.0634],[-65.2347,-44.0646],[-65.2359,-44.0657],[-65.2366,-44.0668],[-65.2383,-44.0693],[-65.2391,-44.0711],[-65.2404,-44.0734],[-65.2409,-44.0747],[-65.2417,-44.0769],[-65.2424,-44.0788],[-65.2424,-44.081],[-65.2423,-44.0823],[-65.242,-44.0843],[-65.2414,-44.0866],[-65.241,-44.0883],[-65.2395,-44.0899],[-65.2382,-44.0906],[-65.2369,-44.0919],[-65.2357,-44.0926],[-65.2343,-44.0925],[-65.2341,-44.0934],[-65.234,-44.0944],[-65.2351,-44.0953],[-65.2357,-44.0958],[-65.2369,-44.0963],[-65.2373,-44.098],[-65.236,-44.0989],[-65.2353,-44.0999],[-65.2354,-44.1007],[-65.2355,-44.1016],[-65.2363,-44.1025],[-65.2367,-44.1039],[-65.2373,-44.1048],[-65.2374,-44.1061],[-65.2355,-44.1066],[-65.235,-44.1073],[-65.2344,-44.1086],[-65.2331,-44.1093],[-65.2321,-44.1098],[-65.232,-44.1111],[-65.232,-44.1119],[-65.2332,-44.1121],[-65.2341,-44.1127],[-65.2344,-44.1133],[-65.2339,-44.114],[-65.2332,-44.1151],[-65.2316,-44.1161],[-65.2306,-44.1166],[-65.2289,-44.1169],[-65.2278,-44.1173],[-65.2274,-44.1182],[-65.2275,-44.1191],[-65.2264,-44.1189],[-65.2257,-44.1183],[-65.2247,-44.1183],[-65.2238,-44.1186],[-65.223,-44.1189],[-65.222,-44.1189],[-65.2205,-44.1191],[-65.2193,-44.1196],[-65.2188,-44.1201],[-65.2183,-44.1216],[-65.2175,-44.1221],[-65.217,-44.1227],[-65.2175,-44.1238],[-65.2184,-44.1238],[-65.2184,-44.1247],[-65.2175,-44.1256],[-65.2186,-44.1259],[-65.2197,-44.126],[-65.2206,-44.1267],[-65.2205,-44.1275],[-65.2205,-44.1284],[-65.219,-44.1291],[-65.219,-44.1298],[-65.2191,-44.1305],[-65.22,-44.1308],[-65.221,-44.131],[-65.222,-44.1323],[-65.2219,-44.1331],[-65.2212,-44.1336],[-65.2224,-44.1347],[-65.2229,-44.1352],[-65.2228,-44.1359],[-65.224,-44.1366],[-65.2257,-44.137],[-65.2264,-44.1363],[-65.2273,-44.1364],[-65.2279,-44.1372],[-65.2271,-44.138],[-65.2295,-44.138],[-65.2304,-44.1391],[-65.2315,-44.1399],[-65.233,-44.1405],[-65.2334,-44.1421],[-65.2333,-44.1428],[-65.2352,-44.1428],[-65.2361,-44.1431],[-65.2375,-44.1433],[-65.2383,-44.1429],[-65.2396,-44.1429],[-65.24,-44.1436],[-65.2424,-44.1441],[-65.2445,-44.144],[-65.2455,-44.1435],[-65.2475,-44.1436],[-65.25,-44.1438],[-65.2514,-44.1442],[-65.2526,-44.1435],[-65.2528,-44.1429],[-65.2537,-44.142],[-65.2546,-44.1416],[-65.2562,-44.1417],[-65.2579,-44.142],[-65.2596,-44.142],[-65.261,-44.142],[-65.2649,-44.1417],[-65.2671,-44.1418],[-65.2706,-44.1419],[-65.2721,-44.1423],[-65.2744,-44.1432],[-65.2768,-44.1444],[-65.2777,-44.145],[-65.2781,-44.1464],[-65.278,-44.1472],[-65.2791,-44.1478],[-65.2806,-44.1488],[-65.2821,-44.1501],[-65.2833,-44.1512],[-65.2841,-44.152],[-65.2856,-44.1516],[-65.2865,-44.1516],[-65.2888,-44.1527],[-65.2902,-44.1547],[-65.2929,-44.1571],[-65.2942,-44.1591],[-65.2955,-44.1603],[-65.2972,-44.1622],[-65.2991,-44.1648],[-65.3007,-44.1669],[-65.3015,-44.1689],[-65.3024,-44.1699],[-65.3032,-44.1715],[-65.3038,-44.1729],[-65.3053,-44.1754],[-65.3067,-44.178],[-65.3074,-44.1798],[-65.3081,-44.1818],[-65.309,-44.1845],[-65.3097,-44.1878],[-65.3106,-44.1915],[-65.311,-44.1939],[-65.3112,-44.1959],[-65.3114,-44.1984],[-65.3116,-44.2005],[-65.3121,-44.2023],[-65.312,-44.2034],[-65.3124,-44.2072],[-65.312,-44.2106],[-65.312,-44.2132],[-65.3116,-44.2152],[-65.311,-44.2171],[-65.3111,-44.2188],[-65.3108,-44.2205],[-65.3104,-44.222],[-65.31,-44.2236],[-65.3087,-44.2259],[-65.3081,-44.2278],[-65.3077,-44.2298],[-65.3073,-44.2317],[-65.3062,-44.2332],[-65.3057,-44.235],[-65.3046,-44.2369],[-65.3035,-44.2391],[-65.3028,-44.2402],[-65.3024,-44.2416],[-65.3009,-44.2435],[-65.2988,-44.2466],[-65.2974,-44.2488],[-65.2956,-44.2509],[-65.2929,-44.2542],[-65.2904,-44.2561],[-65.2868,-44.259],[-65.2845,-44.2608],[-65.2822,-44.2624],[-65.2789,-44.2644],[-65.2754,-44.2664],[-65.2733,-44.2669],[-65.2713,-44.267],[-65.2703,-44.269],[-65.2707,-44.2712],[-65.272,-44.2727],[-65.2733,-44.2748],[-65.2747,-44.2762],[-65.2753,-44.2793],[-65.2752,-44.2817],[-65.2739,-44.2849],[-65.2736,-44.2868],[-65.2728,-44.2893],[-65.272,-44.2915],[-65.2713,-44.2936],[-65.2703,-44.2971],[-65.269,-44.3],[-65.267,-44.3016],[-65.2643,-44.3033],[-65.2634,-44.304],[-65.2612,-44.3044],[-65.2604,-44.3049],[-65.2586,-44.3041],[-65.2569,-44.3051],[-65.2555,-44.3053],[-65.2543,-44.3047],[-65.253,-44.305],[-65.2523,-44.3062],[-65.2537,-44.3071],[-65.2552,-44.308],[-65.2561,-44.3084],[-65.2567,-44.3091],[-65.2573,-44.3096],[-65.2596,-44.3097],[-65.2612,-44.3116],[-65.2617,-44.3138],[-65.2614,-44.3159],[-65.2609,-44.3189],[-65.26,-44.3212],[-65.2589,-44.3237],[-65.2578,-44.3255],[-65.2566,-44.3273],[-65.2546,-44.33],[-65.2513,-44.3324],[-65.2477,-44.3339],[-65.2457,-44.3345],[-65.2434,-44.3347],[-65.2416,-44.3336],[-65.2407,-44.333],[-65.2391,-44.3334],[-65.2374,-44.3334],[-65.2362,-44.3333],[-65.2356,-44.3324],[-65.2352,-44.3315],[-65.2343,-44.3312],[-65.2315,-44.3306],[-65.2303,-44.3303],[-65.2282,-44.3306],[-65.226,-44.3305],[-65.2264,-44.3314],[-65.2262,-44.3324],[-65.2251,-44.3332],[-65.2245,-44.3338],[-65.2243,-44.3351],[-65.2246,-44.3361],[-65.2251,-44.3366],[-65.2257,-44.3372],[-65.2252,-44.3386],[-65.2242,-44.3394],[-65.2238,-44.3402],[-65.2238,-44.3411],[-65.2247,-44.3417],[-65.2257,-44.3428],[-65.2264,-44.3439],[-65.2263,-44.3456],[-65.2259,-44.3467],[-65.2251,-44.3488],[-65.2244,-44.3504],[-65.2237,-44.3519],[-65.222,-44.3532],[-65.2232,-44.355],[-65.2243,-44.3564],[-65.2239,-44.3591],[-65.2234,-44.3609],[-65.2199,-44.3615],[-65.2177,-44.3625],[-65.217,-44.3638],[-65.2182,-44.3643],[-65.2193,-44.3659],[-65.2202,-44.3666],[-65.2221,-44.3665],[-65.2234,-44.3659],[-65.2247,-44.3661],[-65.2262,-44.3668],[-65.2274,-44.3667],[-65.2306,-44.367],[-65.2317,-44.3684],[-65.2326,-44.3698],[-65.2337,-44.3714],[-65.2339,-44.3729],[-65.2339,-44.3743],[-65.2329,-44.3752],[-65.2334,-44.3759],[-65.234,-44.377],[-65.2339,-44.3779],[-65.2344,-44.3782],[-66.8631,-44.414],[-66.8602,-44.4082],[-66.8566,-44.4014],[-66.8557,-44.3945],[-66.8534,-44.3867],[-66.8521,-44.3786],[-66.8507,-44.3691],[-66.8513,-44.3628],[-66.8485,-44.3582],[-66.8453,-44.3524],[-66.8441,-44.3451],[-66.8407,-44.3352],[-66.838,-44.3284],[-66.8349,-44.321],[-66.832,-44.3132],[-66.8277,-44.3039],[-66.8228,-44.298],[-66.818,-44.2925],[-66.815,-44.2867],[-66.8142,-44.2804],[-66.8117,-44.2735],[-66.8097,-44.2658],[-66.8066,-44.2595],[-66.8006,-44.2529],[-66.7972,-44.2466],[-66.7931,-44.2382],[-66.7912,-44.2291],[-66.7862,-44.2245],[-66.7787,-44.2192],[-66.7728,-44.2142],[-66.7658,-44.2076],[-66.7597,-44.1995],[-66.7509,-44.1927],[-66.7422,-44.1859],[-66.7333,-44.1798],[-66.7245,-44.1733],[-66.7163,-44.1683],[-66.7091,-44.1638],[-66.7025,-44.1576],[-66.6939,-44.1516],[-66.6852,-44.1451],[-66.6799,-44.1418],[-66.6726,-44.1363],[-66.6688,-44.133],[-66.6611,-44.1306],[-66.6556,-44.1272],[-66.6514,-44.1229],[-66.6448,-44.1187],[-66.6405,-44.1136],[-66.6342,-44.1078],[-66.6302,-44.1042],[-66.6249,-44.1009],[-66.6173,-44.0943],[-66.6097,-44.0888],[-66.605,-44.0846],[-66.5991,-44.0768],[-66.5963,-44.0734],[-66.5906,-44.0661],[-66.5841,-44.0601],[-66.5766,-44.0515],[-66.5703,-44.0456],[-66.5603,-44.038],[-66.5516,-44.0319],[-66.5424,-44.0245],[-66.5356,-44.0187],[-66.5274,-44.0128],[-66.5194,-44.009],[-66.5126,-44.0055],[-66.5036,-44],[-66.4965,-43.9942],[-66.4913,-43.9886],[-66.4852,-43.9848],[-66.4775,-43.9831],[-66.4704,-43.9794],[-66.4628,-43.9746],[-66.457,-43.9706],[-66.4495,-43.967],[-66.4445,-43.961],[-66.4436,-43.957],[-66.4413,-43.9494],[-66.4428,-43.9435],[-66.4457,-43.9404],[-66.449,-43.9344],[-66.4518,-43.9311],[-66.4552,-43.9274],[-66.458,-43.9221],[-66.4592,-43.9149],[-66.4595,-43.9096],[-66.4588,-43.901],[-66.4579,-43.8926],[-66.4559,-43.885],[-66.4531,-43.8766],[-66.4494,-43.8718],[-66.4476,-43.8703],[-66.4461,-43.8702],[-66.4413,-43.8673],[-66.4371,-43.8623],[-66.4359,-43.8584],[-66.437,-43.8547],[-66.4391,-43.8511],[-66.4414,-43.8471],[-66.4414,-43.8372],[-66.4405,-43.8312],[-66.4405,-43.8248],[-66.4422,-43.8186],[-66.4461,-43.8119],[-66.4496,-43.8079],[-66.4517,-43.8012],[-66.4517,-43.7931],[-66.454,-43.784],[-66.4567,-43.7792],[-66.4544,-43.7754],[-66.4375,-43.7755],[-66.4241,-43.775],[-66.4077,-43.7742],[-66.3979,-43.7729],[-65.6632,-43.7577],[-65.6611,-43.7577],[-65.4147,-43.7525],[-65.4273,-43.3408],[-65.419,-43.3381],[-65.4095,-43.3364],[-65.3948,-43.3339],[-65.38,-43.331],[-65.3603,-43.3287],[-65.3518,-43.3267],[-65.3404,-43.3253],[-65.331,-43.3241],[-65.3194,-43.323],[-65.31,-43.3185],[-65.3011,-43.3132],[-65.2936,-43.3074],[-65.1819,-43.2269],[-65.184,-43.1793],[-65.1945,-43.0257],[-65.1942,-43.0251]]]]},"geometry_name":"geom","properties":{"nombre":"RAWSON"},"bbox":[-66.8631,-44.414,-64.6301,-43.0118]},{"type":"Feature","id":"juzgados.25","geometry":{"type":"MultiPolygon","coordinates":[[[[-71.2253,-43.3632],[-70.9809,-43.368],[-70.9706,-43.2352],[-70.8524,-43.2376],[-70.8433,-43.2338],[-70.835,-43.2247],[-70.8307,-43.2173],[-70.8285,-43.2093],[-70.8253,-43.1995],[-70.822,-43.1874],[-70.8217,-43.1772],[-70.8237,-43.166],[-70.8262,-43.1611],[-70.8242,-43.1548],[-70.8235,-43.1504],[-70.8193,-43.1477],[-70.357,-43.1556],[-70.3617,-43.3357],[-70.1135,-43.3412],[-70.1196,-43.5195],[-69.5516,-43.5296],[-69.5371,-43.7992],[-70.7559,-43.7777],[-71.0029,-43.7717],[-71.0026,-43.7665],[-70.9978,-43.6813],[-71.245,-43.6756],[-71.231,-43.4214],[-71.2306,-43.4175],[-71.2253,-43.3632]]]]},"geometry_name":"geom","properties":{"nombre":"TECKA"},"bbox":[-71.245,-43.7992,-69.5371,-43.1477]},{"type":"Feature","id":"juzgados.26","geometry":{"type":"MultiPolygon","coordinates":[[[[-67.1612,-43.2461],[-67.1561,-43.3333],[-66.41,-43.3259],[-66.3979,-43.7729],[-66.4077,-43.7742],[-66.4241,-43.775],[-66.4375,-43.7755],[-66.4544,-43.7754],[-66.4567,-43.7792],[-66.454,-43.784],[-66.4517,-43.7931],[-66.4517,-43.8012],[-66.4496,-43.8079],[-66.4461,-43.8119],[-66.4422,-43.8186],[-66.4405,-43.8248],[-66.4405,-43.8312],[-66.4414,-43.8372],[-66.4414,-43.8471],[-66.4391,-43.8511],[-66.437,-43.8547],[-66.4359,-43.8584],[-66.4371,-43.8623],[-66.4413,-43.8673],[-66.4461,-43.8702],[-66.4476,-43.8703],[-66.6547,-43.8729],[-66.6604,-43.7809],[-66.7728,-43.7828],[-66.7754,-43.691],[-67.0194,-43.6947],[-67.0233,-43.5138],[-67.3979,-43.5188],[-67.3993,-43.2495],[-67.1612,-43.2461]]]]},"geometry_name":"geom","properties":{"nombre":"DIQUE F. AMEGHINO"},"bbox":[-67.3993,-43.8729,-66.3979,-43.2461]},{"type":"Feature","id":"juzgados.27","geometry":{"type":"MultiPolygon","coordinates":[[[[-69.1319,-43.3484],[-69.0052,-43.3501],[-68.0163,-43.3564],[-68.0163,-43.3595],[-68.0167,-43.9695],[-68.0167,-43.9843],[-68.389,-43.987],[-68.3914,-44.0752],[-68.7656,-44.0754],[-68.7695,-44.2545],[-69.0198,-44.2523],[-69.02,-44.3851],[-68.769,-44.3859],[-68.7685,-44.4338],[-69.0214,-44.4344],[-69.0226,-44.5095],[-69.0225,-44.5234],[-69.7992,-44.5169],[-69.7896,-44.5043],[-69.5194,-44.146],[-69.5371,-43.7992],[-69.5516,-43.5296],[-69.5518,-43.5257],[-69.5573,-43.3465],[-69.1319,-43.3484]]]]},"geometry_name":"geom","properties":{"nombre":"PASO DE INDIOS"},"bbox":[-69.7992,-44.5234,-68.0163,-43.3465]},{"type":"Feature","id":"juzgados.28","geometry":{"type":"MultiPolygon","coordinates":[[[[-71.6038,-43.4869],[-71.5999,-43.4191],[-71.4986,-43.4894],[-71.3701,-43.3967],[-71.2804,-43.4577],[-71.231,-43.4214],[-71.245,-43.6756],[-70.9978,-43.6813],[-71.0026,-43.7665],[-71.0029,-43.7717],[-71.0083,-43.863],[-71.127,-43.8599],[-71.1334,-43.9517],[-71.3829,-43.9447],[-71.3785,-43.8571],[-71.624,-43.8499],[-71.6297,-43.938],[-71.6481,-43.9377],[-71.6481,-43.937],[-71.6481,-43.9363],[-71.648,-43.9353],[-71.6478,-43.9343],[-71.6478,-43.9335],[-71.6478,-43.9327],[-71.6478,-43.932],[-71.648,-43.9313],[-71.6482,-43.9305],[-71.6483,-43.9297],[-71.6485,-43.9289],[-71.6486,-43.9281],[-71.6487,-43.9269],[-71.6499,-43.9184],[-71.6555,-43.9131],[-71.6613,-43.9046],[-71.6622,-43.9037],[-71.6628,-43.9031],[-71.6638,-43.9021],[-71.6648,-43.9008],[-71.6651,-43.9002],[-71.6658,-43.8995],[-71.6666,-43.8991],[-71.6677,-43.8992],[-71.6686,-43.8993],[-71.6701,-43.8998],[-71.6713,-43.9002],[-71.6721,-43.9005],[-71.6736,-43.9011],[-71.6748,-43.9017],[-71.6758,-43.902],[-71.6767,-43.9023],[-71.6782,-43.9026],[-71.68,-43.9025],[-71.6812,-43.9024],[-71.6826,-43.9022],[-71.6836,-43.902],[-71.6852,-43.9018],[-71.6867,-43.9014],[-71.6875,-43.9013],[-71.689,-43.9012],[-71.69,-43.9014],[-71.691,-43.9017],[-71.692,-43.902],[-71.693,-43.9019],[-71.6941,-43.9011],[-71.6953,-43.9002],[-71.6955,-43.8996],[-71.6957,-43.8982],[-71.696,-43.8975],[-71.696,-43.8968],[-71.6961,-43.8961],[-71.6965,-43.8953],[-71.6971,-43.8947],[-71.6978,-43.8941],[-71.6986,-43.8936],[-71.6992,-43.8932],[-71.7072,-43.8925],[-71.7067,-43.8893],[-71.7074,-43.8837],[-71.7057,-43.8819],[-71.7068,-43.8785],[-71.7036,-43.8754],[-71.7037,-43.8748],[-71.7041,-43.8737],[-71.7044,-43.8731],[-71.7048,-43.8721],[-71.7051,-43.8713],[-71.7057,-43.8702],[-71.7059,-43.8695],[-71.7059,-43.8688],[-71.7057,-43.8677],[-71.7055,-43.8669],[-71.705,-43.8659],[-71.705,-43.8647],[-71.7053,-43.8641],[-71.7062,-43.863],[-71.7069,-43.862],[-71.7074,-43.8614],[-71.7083,-43.8606],[-71.7089,-43.8601],[-71.7094,-43.8594],[-71.7089,-43.8535],[-71.7106,-43.8535],[-71.7116,-43.8536],[-71.7126,-43.8534],[-71.7135,-43.8533],[-71.7146,-43.853],[-71.7154,-43.8527],[-71.7163,-43.8525],[-71.718,-43.8529],[-71.719,-43.8531],[-71.7328,-43.8569],[-71.7335,-43.8564],[-71.7345,-43.8554],[-71.7357,-43.8545],[-71.7365,-43.854],[-71.7371,-43.8535],[-71.7376,-43.8526],[-71.7384,-43.8516],[-71.7398,-43.8503],[-71.7409,-43.8494],[-71.754,-43.8439],[-71.7579,-43.8432],[-71.7625,-43.8402],[-71.7628,-43.8396],[-71.7631,-43.839],[-71.7634,-43.8382],[-71.7644,-43.8372],[-71.7648,-43.8364],[-71.7647,-43.8352],[-71.7643,-43.8346],[-71.7639,-43.834],[-71.7631,-43.8331],[-71.7623,-43.8326],[-71.7612,-43.8317],[-71.7605,-43.831],[-71.7599,-43.8297],[-71.7596,-43.8287],[-71.7597,-43.828],[-71.7598,-43.8274],[-71.7598,-43.8258],[-71.7599,-43.8251],[-71.7602,-43.8239],[-71.7603,-43.8232],[-71.7605,-43.822],[-71.7595,-43.8207],[-71.7535,-43.819],[-71.7538,-43.8184],[-71.7544,-43.8173],[-71.7552,-43.8163],[-71.7558,-43.8154],[-71.7566,-43.8141],[-71.7571,-43.813],[-71.7569,-43.8123],[-71.7561,-43.8112],[-71.7555,-43.8106],[-71.7549,-43.81],[-71.7539,-43.8092],[-71.7527,-43.8082],[-71.7515,-43.8072],[-71.7509,-43.8067],[-71.7505,-43.8061],[-71.7502,-43.8055],[-71.7502,-43.8048],[-71.7505,-43.8035],[-71.7508,-43.8021],[-71.751,-43.8009],[-71.751,-43.8002],[-71.751,-43.7991],[-71.7515,-43.7983],[-71.7516,-43.7908],[-71.7524,-43.7893],[-71.7535,-43.788],[-71.7541,-43.7868],[-71.7543,-43.7862],[-71.7544,-43.7855],[-71.7538,-43.7844],[-71.753,-43.7839],[-71.7515,-43.783],[-71.7502,-43.7822],[-71.7494,-43.7818],[-71.7484,-43.7813],[-71.747,-43.7806],[-71.7455,-43.78],[-71.7444,-43.7793],[-71.7368,-43.7763],[-71.7366,-43.7746],[-71.7364,-43.7737],[-71.7363,-43.773],[-71.7361,-43.7724],[-71.7359,-43.7717],[-71.7358,-43.771],[-71.7354,-43.7702],[-71.7351,-43.7691],[-71.7348,-43.7678],[-71.7346,-43.7672],[-71.7343,-43.766],[-71.7341,-43.7653],[-71.7335,-43.7642],[-71.7327,-43.763],[-71.7319,-43.7619],[-71.7312,-43.7611],[-71.7304,-43.7601],[-71.7295,-43.7591],[-71.7284,-43.7582],[-71.7055,-43.7394],[-71.7047,-43.7389],[-71.7036,-43.7381],[-71.7031,-43.7375],[-71.7025,-43.7368],[-71.7022,-43.7361],[-71.702,-43.7354],[-71.7016,-43.7341],[-71.7015,-43.7331],[-71.7011,-43.7319],[-71.7008,-43.7312],[-71.7003,-43.7301],[-71.6998,-43.7291],[-71.6991,-43.7278],[-71.6988,-43.7271],[-71.6985,-43.7264],[-71.6982,-43.7257],[-71.6978,-43.725],[-71.6963,-43.7238],[-71.6954,-43.7235],[-71.6946,-43.7234],[-71.6937,-43.7232],[-71.6918,-43.7228],[-71.6906,-43.7225],[-71.6888,-43.7216],[-71.6869,-43.7207],[-71.6862,-43.7202],[-71.6853,-43.7198],[-71.6841,-43.7194],[-71.6833,-43.7192],[-71.6816,-43.719],[-71.6806,-43.7191],[-71.6795,-43.7192],[-71.6779,-43.7195],[-71.6769,-43.7197],[-71.676,-43.7199],[-71.6745,-43.7201],[-71.6727,-43.7204],[-71.6719,-43.7206],[-71.6709,-43.7209],[-71.669,-43.7212],[-71.6672,-43.7209],[-71.6661,-43.7206],[-71.6653,-43.7203],[-71.6639,-43.7195],[-71.6633,-43.719],[-71.6627,-43.7184],[-71.662,-43.7179],[-71.6614,-43.7174],[-71.6607,-43.7166],[-71.6599,-43.7157],[-71.6596,-43.715],[-71.6597,-43.7139],[-71.6599,-43.7128],[-71.6603,-43.7115],[-71.6608,-43.7106],[-71.6613,-43.7101],[-71.6617,-43.7095],[-71.662,-43.7088],[-71.6623,-43.7079],[-71.662,-43.7063],[-71.6618,-43.7056],[-71.6617,-43.7047],[-71.6617,-43.7039],[-71.6616,-43.7032],[-71.6613,-43.7021],[-71.661,-43.7013],[-71.6602,-43.7003],[-71.6594,-43.6997],[-71.6585,-43.6995],[-71.6567,-43.6992],[-71.6546,-43.699],[-71.653,-43.699],[-71.6513,-43.6992],[-71.6505,-43.6995],[-71.6489,-43.7001],[-71.6479,-43.701],[-71.6474,-43.7015],[-71.6469,-43.7021],[-71.6458,-43.7024],[-71.6449,-43.7021],[-71.6438,-43.7018],[-71.6425,-43.7015],[-71.6404,-43.7014],[-71.6395,-43.7015],[-71.6382,-43.7018],[-71.6373,-43.702],[-71.6358,-43.7025],[-71.6351,-43.7035],[-71.635,-43.7043],[-71.6347,-43.7052],[-71.6331,-43.7061],[-71.6319,-43.7064],[-71.6304,-43.7053],[-71.6301,-43.7046],[-71.6297,-43.7033],[-71.6296,-43.7022],[-71.6297,-43.7016],[-71.63,-43.7],[-71.6302,-43.6991],[-71.6302,-43.6981],[-71.6293,-43.6972],[-71.6277,-43.6971],[-71.6268,-43.6973],[-71.6258,-43.6975],[-71.625,-43.6977],[-71.6241,-43.698],[-71.6229,-43.6983],[-71.6213,-43.6986],[-71.6202,-43.6987],[-71.619,-43.6989],[-71.618,-43.6989],[-71.6168,-43.699],[-71.6155,-43.6991],[-71.6144,-43.6991],[-71.6133,-43.6991],[-71.6123,-43.6991],[-71.6107,-43.699],[-71.6098,-43.699],[-71.6081,-43.6987],[-71.6072,-43.6984],[-71.6064,-43.6981],[-71.6054,-43.6978],[-71.6042,-43.6973],[-71.6032,-43.697],[-71.602,-43.6966],[-71.6009,-43.6962],[-71.6001,-43.6959],[-71.5993,-43.6955],[-71.5991,-43.6949],[-71.5993,-43.6942],[-71.5997,-43.6933],[-71.6,-43.6923],[-71.6003,-43.6916],[-71.6007,-43.6909],[-71.6009,-43.69],[-71.6011,-43.6892],[-71.6012,-43.6885],[-71.6016,-43.687],[-71.6017,-43.6862],[-71.6019,-43.6856],[-71.6026,-43.685],[-71.6041,-43.6843],[-71.605,-43.684],[-71.6058,-43.6837],[-71.6071,-43.683],[-71.6077,-43.6825],[-71.6087,-43.6815],[-71.6093,-43.6808],[-71.6096,-43.6802],[-71.6101,-43.6794],[-71.6103,-43.6787],[-71.6106,-43.678],[-71.611,-43.6769],[-71.6115,-43.6756],[-71.611,-43.6743],[-71.6101,-43.6742],[-71.6091,-43.6743],[-71.6081,-43.6745],[-71.6071,-43.6746],[-71.6055,-43.6747],[-71.6043,-43.6748],[-71.6033,-43.6748],[-71.6023,-43.6749],[-71.6008,-43.675],[-71.5998,-43.6753],[-71.5987,-43.6754],[-71.5974,-43.6754],[-71.5962,-43.6753],[-71.5953,-43.6752],[-71.5944,-43.6751],[-71.5935,-43.675],[-71.5918,-43.6746],[-71.5902,-43.6744],[-71.5887,-43.6745],[-71.5874,-43.6739],[-71.587,-43.6732],[-71.5865,-43.6721],[-71.5861,-43.6708],[-71.5859,-43.6695],[-71.5859,-43.6688],[-71.5849,-43.6658],[-71.5824,-43.665],[-71.5806,-43.6646],[-71.5788,-43.6638],[-71.5782,-43.6628],[-71.5779,-43.6622],[-71.5774,-43.6611],[-71.5768,-43.6603],[-71.5759,-43.6586],[-71.5755,-43.6575],[-71.5752,-43.6563],[-71.5751,-43.6556],[-71.5748,-43.6545],[-71.5745,-43.6532],[-71.5741,-43.6517],[-71.574,-43.6511],[-71.5741,-43.6503],[-71.5746,-43.6486],[-71.5751,-43.6474],[-71.5761,-43.6464],[-71.5773,-43.6455],[-71.5783,-43.6447],[-71.5793,-43.6435],[-71.5801,-43.6425],[-71.5805,-43.6419],[-71.5811,-43.6407],[-71.5814,-43.6393],[-71.5819,-43.6381],[-71.5827,-43.6368],[-71.5832,-43.636],[-71.5838,-43.6355],[-71.5843,-43.6349],[-71.585,-43.6343],[-71.5857,-43.6335],[-71.5863,-43.6329],[-71.5872,-43.6321],[-71.5882,-43.6316],[-71.5897,-43.6309],[-71.5916,-43.6301],[-71.5929,-43.6296],[-71.5941,-43.6292],[-71.5961,-43.6286],[-71.5974,-43.6289],[-71.5998,-43.6295],[-71.6008,-43.6295],[-71.6022,-43.629],[-71.6037,-43.6283],[-71.6044,-43.6279],[-71.6054,-43.6275],[-71.6061,-43.6272],[-71.6061,-43.6267],[-71.6042,-43.5831],[-71.6018,-43.5268],[-71.6024,-43.5267],[-71.6043,-43.5268],[-71.607,-43.5271],[-71.6094,-43.5253],[-71.6216,-43.5278],[-71.6239,-43.5292],[-71.6253,-43.5283],[-71.6275,-43.5276],[-71.6314,-43.5269],[-71.6338,-43.5271],[-71.6358,-43.5278],[-71.6389,-43.5256],[-71.6422,-43.5246],[-71.6445,-43.5247],[-71.6466,-43.524],[-71.6492,-43.5238],[-71.6513,-43.5239],[-71.6538,-43.525],[-71.656,-43.5244],[-71.6585,-43.5245],[-71.6651,-43.525],[-71.6701,-43.5284],[-71.6731,-43.5313],[-71.6715,-43.5355],[-71.6747,-43.5379],[-71.6728,-43.5459],[-71.6739,-43.5473],[-71.6734,-43.5502],[-71.6745,-43.5516],[-71.6791,-43.5536],[-71.686,-43.5553],[-71.6918,-43.5526],[-71.6964,-43.5536],[-71.6967,-43.5489],[-71.7002,-43.5477],[-71.7059,-43.5488],[-71.709,-43.5504],[-71.7113,-43.5509],[-71.7177,-43.5533],[-71.7241,-43.5551],[-71.7264,-43.5584],[-71.7276,-43.5593],[-71.7296,-43.5602],[-71.7322,-43.5612],[-71.7346,-43.5619],[-71.7353,-43.5607],[-71.7385,-43.5604],[-71.7404,-43.5615],[-71.7422,-43.5638],[-71.7502,-43.5721],[-71.748,-43.5827],[-71.7495,-43.5827],[-71.7505,-43.5824],[-71.7515,-43.5821],[-71.7525,-43.5819],[-71.7536,-43.5815],[-71.7546,-43.5812],[-71.7565,-43.5807],[-71.7575,-43.5804],[-71.7587,-43.5801],[-71.76,-43.5795],[-71.7607,-43.579],[-71.7614,-43.5784],[-71.7621,-43.5779],[-71.7627,-43.5774],[-71.7634,-43.5767],[-71.764,-43.5759],[-71.7646,-43.5751],[-71.7653,-43.5742],[-71.7654,-43.5734],[-71.7653,-43.5723],[-71.7644,-43.5709],[-71.7632,-43.57],[-71.7616,-43.5687],[-71.7613,-43.5681],[-71.7615,-43.5663],[-71.7624,-43.5648],[-71.7629,-43.5641],[-71.7637,-43.5629],[-71.764,-43.5623],[-71.7643,-43.5617],[-71.7646,-43.561],[-71.765,-43.56],[-71.7651,-43.559],[-71.765,-43.5579],[-71.7648,-43.5572],[-71.7645,-43.5565],[-71.7642,-43.5552],[-71.7642,-43.5542],[-71.7646,-43.5535],[-71.7655,-43.5529],[-71.7665,-43.5521],[-71.7671,-43.5516],[-71.7681,-43.5509],[-71.7693,-43.5502],[-71.7704,-43.5495],[-71.7713,-43.5488],[-71.7719,-43.548],[-71.7722,-43.5474],[-71.7726,-43.5465],[-71.773,-43.5457],[-71.7734,-43.5447],[-71.7737,-43.543],[-71.7739,-43.5421],[-71.7742,-43.5411],[-71.7747,-43.5396],[-71.7751,-43.5385],[-71.7756,-43.5374],[-71.776,-43.5365],[-71.7777,-43.5364],[-71.779,-43.5363],[-71.7804,-43.5367],[-71.7815,-43.5372],[-71.7827,-43.5377],[-71.7841,-43.5381],[-71.7861,-43.539],[-71.7876,-43.5395],[-71.7887,-43.5397],[-71.7894,-43.5391],[-71.7904,-43.5385],[-71.791,-43.5381],[-71.7918,-43.5376],[-71.7925,-43.5372],[-71.7935,-43.5365],[-71.795,-43.5368],[-71.7958,-43.5372],[-71.7973,-43.5379],[-71.7982,-43.5382],[-71.7997,-43.5383],[-71.8006,-43.5384],[-71.8015,-43.5384],[-71.803,-43.5384],[-71.8043,-43.5386],[-71.8052,-43.5388],[-71.806,-43.539],[-71.8068,-43.5394],[-71.808,-43.5402],[-71.8096,-43.5413],[-71.8109,-43.5417],[-71.8119,-43.5417],[-71.813,-43.5417],[-71.8148,-43.5419],[-71.8157,-43.542],[-71.8166,-43.5422],[-71.818,-43.5425],[-71.8194,-43.543],[-71.8208,-43.5435],[-71.8216,-43.5439],[-71.8228,-43.5445],[-71.8236,-43.5451],[-71.8244,-43.5455],[-71.8251,-43.5458],[-71.8267,-43.5464],[-71.8276,-43.5466],[-71.8287,-43.5468],[-71.8297,-43.547],[-71.8313,-43.5472],[-71.8324,-43.5472],[-71.8334,-43.5471],[-71.8351,-43.5469],[-71.8367,-43.5466],[-71.8378,-43.5463],[-71.8391,-43.5461],[-71.8404,-43.5459],[-71.8419,-43.5457],[-71.8433,-43.5455],[-71.8457,-43.5451],[-71.8467,-43.545],[-71.8478,-43.545],[-71.8491,-43.5451],[-71.8504,-43.5451],[-71.8525,-43.545],[-71.8543,-43.5454],[-71.8554,-43.546],[-71.8565,-43.5464],[-71.8574,-43.5466],[-71.8584,-43.5468],[-71.8593,-43.5469],[-71.8603,-43.5469],[-71.8621,-43.5469],[-71.863,-43.5469],[-71.8645,-43.5471],[-71.8657,-43.5473],[-71.8669,-43.5476],[-71.8679,-43.5478],[-71.8695,-43.5481],[-71.8711,-43.5484],[-71.8721,-43.5487],[-71.8733,-43.549],[-71.8746,-43.5492],[-71.8762,-43.5493],[-71.8771,-43.5492],[-71.8782,-43.5491],[-71.8802,-43.5481],[-71.8808,-43.547],[-71.8809,-43.5464],[-71.8809,-43.5451],[-71.8806,-43.5439],[-71.8802,-43.5426],[-71.88,-43.5418],[-71.8799,-43.5409],[-71.8797,-43.5395],[-71.8797,-43.5383],[-71.8799,-43.5376],[-71.8803,-43.5368],[-71.8807,-43.5361],[-71.881,-43.5354],[-71.8814,-43.5345],[-71.8818,-43.5337],[-71.8825,-43.5323],[-71.883,-43.5314],[-71.8834,-43.5304],[-71.8835,-43.5297],[-71.8836,-43.5289],[-71.8835,-43.5282],[-71.8831,-43.5271],[-71.8826,-43.5263],[-71.8821,-43.5256],[-71.8816,-43.525],[-71.881,-43.5245],[-71.8798,-43.5236],[-71.8787,-43.5228],[-71.8774,-43.5219],[-71.8767,-43.5213],[-71.8757,-43.5205],[-71.8747,-43.5195],[-71.8737,-43.5185],[-71.8733,-43.5179],[-71.8725,-43.5164],[-71.8719,-43.5153],[-71.8716,-43.5144],[-71.8712,-43.5133],[-71.8708,-43.5124],[-71.8701,-43.5111],[-71.8692,-43.5102],[-71.8683,-43.5095],[-71.8664,-43.5085],[-71.8648,-43.5076],[-71.8638,-43.5072],[-71.8627,-43.5066],[-71.8621,-43.5061],[-71.8614,-43.5054],[-71.8607,-43.5046],[-71.86,-43.5033],[-71.8597,-43.5027],[-71.8595,-43.502],[-71.8592,-43.501],[-71.8588,-43.5003],[-71.8586,-43.4996],[-71.8584,-43.4989],[-71.8581,-43.4976],[-71.8579,-43.4968],[-71.8576,-43.4959],[-71.8571,-43.4948],[-71.8568,-43.4942],[-71.8565,-43.4936],[-71.8552,-43.4927],[-71.8542,-43.4921],[-71.8535,-43.4916],[-71.8529,-43.4906],[-71.8525,-43.4892],[-71.8523,-43.4885],[-71.852,-43.4879],[-71.8519,-43.4872],[-71.8516,-43.4864],[-71.8513,-43.4855],[-71.8509,-43.4842],[-71.8507,-43.4833],[-71.8504,-43.4824],[-71.8506,-43.4807],[-71.851,-43.4795],[-71.6038,-43.4869]]]]},"geometry_name":"geom","properties":{"nombre":"CORCOVADO"},"bbox":[-71.8836,-43.9517,-70.9978,-43.3967]},{"type":"Feature","id":"juzgados.29","geometry":{"type":"MultiPolygon","coordinates":[[[[-70.7559,-43.7777],[-69.5371,-43.7992],[-69.5194,-44.146],[-69.7896,-44.5043],[-69.8959,-44.5048],[-69.9003,-44.6825],[-69.904,-44.6825],[-70.182,-44.6793],[-70.1881,-44.6792],[-70.1918,-44.6736],[-70.192,-44.6698],[-70.1927,-44.6645],[-70.1958,-44.654],[-70.1962,-44.6449],[-70.1981,-44.6359],[-70.2005,-44.63],[-70.2041,-44.6234],[-70.2088,-44.6189],[-70.2147,-44.6143],[-70.2216,-44.6104],[-70.2273,-44.6092],[-70.2325,-44.6074],[-70.2428,-44.6057],[-70.2486,-44.6016],[-70.2571,-44.5989],[-70.2664,-44.5942],[-70.2775,-44.5918],[-70.2859,-44.5906],[-70.2936,-44.5906],[-70.3023,-44.5877],[-70.3122,-44.5855],[-70.3236,-44.5805],[-70.3339,-44.5757],[-70.3421,-44.5712],[-70.3506,-44.565],[-70.3573,-44.5617],[-70.3637,-44.5534],[-70.3668,-44.5497],[-70.3638,-44.5414],[-70.3597,-44.5379],[-70.3645,-44.5316],[-70.3665,-44.5264],[-70.3722,-44.5208],[-70.3782,-44.5127],[-70.3793,-44.5088],[-70.3807,-44.5008],[-70.381,-44.4922],[-70.3843,-44.4856],[-70.3878,-44.4821],[-70.391,-44.478],[-70.3944,-44.4711],[-70.3988,-44.4618],[-70.4034,-44.4601],[-70.4084,-44.4572],[-70.4117,-44.4517],[-70.4132,-44.4453],[-70.4156,-44.4412],[-70.42,-44.4347],[-70.4219,-44.4275],[-70.4218,-44.4224],[-70.422,-44.4158],[-70.4199,-44.407],[-70.419,-44.3976],[-70.4191,-44.3919],[-70.4177,-44.3846],[-70.415,-44.3776],[-70.412,-44.3744],[-70.4058,-44.3694],[-70.3994,-44.3649],[-70.3926,-44.3613],[-70.3831,-44.3593],[-70.3773,-44.3595],[-70.3713,-44.3575],[-70.3665,-44.3547],[-70.361,-44.3515],[-70.353,-44.3477],[-70.3489,-44.3445],[-70.3429,-44.3392],[-70.3372,-44.3348],[-70.3289,-44.3303],[-70.3245,-44.3257],[-70.3213,-44.3218],[-70.3174,-44.3147],[-70.3151,-44.3098],[-70.3192,-44.304],[-70.3249,-44.2979],[-70.3304,-44.2946],[-70.3348,-44.2891],[-70.3402,-44.2827],[-70.3424,-44.2741],[-70.3432,-44.2626],[-70.3425,-44.2506],[-70.3423,-44.2396],[-70.3425,-44.2273],[-70.3443,-44.216],[-70.3476,-44.2058],[-70.3519,-44.1961],[-70.3565,-44.1928],[-70.3591,-44.1875],[-70.361,-44.1828],[-70.3633,-44.1784],[-70.3656,-44.1722],[-70.3678,-44.1683],[-70.3712,-44.1646],[-70.3725,-44.156],[-70.379,-44.1541],[-70.3882,-44.1499],[-70.3957,-44.1457],[-70.4037,-44.1416],[-70.407,-44.1382],[-70.4131,-44.1323],[-70.4184,-44.1269],[-70.4242,-44.1219],[-70.4292,-44.118],[-70.4326,-44.1107],[-70.4339,-44.1048],[-70.4375,-44.101],[-70.4429,-44.0958],[-70.4444,-44.0914],[-70.4462,-44.0817],[-70.4476,-44.0747],[-70.4478,-44.0703],[-70.4505,-44.0656],[-70.4563,-44.0587],[-70.462,-44.0566],[-70.4771,-44.0511],[-70.4869,-44.0437],[-70.4961,-44.0409],[-70.5052,-44.0412],[-70.5158,-44.04],[-70.528,-44.0393],[-70.5411,-44.0379],[-70.5479,-44.038],[-70.566,-44.0379],[-70.583,-44.0372],[-70.5931,-44.0299],[-70.6009,-44.0263],[-70.6158,-44.0222],[-70.6232,-44.0201],[-70.6395,-44.0191],[-70.651,-44.017],[-70.6654,-44.0099],[-70.6752,-44.0091],[-70.6809,-44.0075],[-70.6849,-44.0012],[-70.6872,-43.9977],[-70.6955,-43.9952],[-70.7028,-43.9948],[-70.713,-43.9948],[-70.7187,-43.9938],[-70.7292,-43.9973],[-70.7363,-43.9959],[-70.7455,-43.9993],[-70.751,-44.0003],[-70.7612,-44.0001],[-70.7559,-43.7777]]]]},"geometry_name":"geom","properties":{"nombre":"JOSE DE SAN MARTIN"},"bbox":[-70.7612,-44.6825,-69.5194,-43.7777]},{"type":"Feature","id":"juzgados.30","geometry":{"type":"MultiPolygon","coordinates":[[[[-71.6481,-43.9377],[-71.6297,-43.938],[-71.624,-43.8499],[-71.3785,-43.8571],[-71.3829,-43.9447],[-71.1334,-43.9517],[-71.137,-44.0398],[-70.8921,-44.0446],[-70.9065,-44.4065],[-71.3623,-44.3958],[-71.3675,-44.3928],[-71.3657,-44.388],[-71.3699,-44.3855],[-71.375,-44.3877],[-71.3808,-44.3861],[-71.3852,-44.3822],[-71.3901,-44.3819],[-71.3915,-44.3828],[-71.4088,-44.389],[-71.4199,-44.385],[-71.4257,-44.3881],[-71.4273,-44.39],[-71.445,-44.3937],[-71.4466,-44.3936],[-71.452,-44.3921],[-71.4658,-44.385],[-71.4698,-44.3882],[-71.4721,-44.389],[-71.4867,-44.3949],[-71.4926,-44.396],[-71.4991,-44.3931],[-71.504,-44.3912],[-71.5081,-44.3905],[-71.513,-44.3903],[-71.5186,-44.3903],[-71.524,-44.392],[-71.5265,-44.3944],[-71.5275,-44.3954],[-71.5282,-44.396],[-71.5295,-44.3966],[-71.5311,-44.3977],[-71.5318,-44.3981],[-71.5326,-44.3985],[-71.5334,-44.3989],[-71.5352,-44.3997],[-71.5372,-44.4006],[-71.5384,-44.4012],[-71.5397,-44.402],[-71.5415,-44.4026],[-71.5424,-44.4028],[-71.5439,-44.403],[-71.5451,-44.403],[-71.546,-44.4031],[-71.5474,-44.4035],[-71.5497,-44.4039],[-71.5514,-44.4041],[-71.553,-44.4041],[-71.554,-44.4041],[-71.5562,-44.4039],[-71.5581,-44.4038],[-71.5596,-44.4038],[-71.5619,-44.4035],[-71.5634,-44.4033],[-71.5648,-44.4029],[-71.5657,-44.4027],[-71.5667,-44.4026],[-71.5676,-44.4024],[-71.5687,-44.4023],[-71.5697,-44.4021],[-71.5712,-44.4017],[-71.5733,-44.4013],[-71.5743,-44.4012],[-71.5754,-44.4011],[-71.5767,-44.4009],[-71.5776,-44.4008],[-71.5789,-44.4006],[-71.5803,-44.4004],[-71.5817,-44.4002],[-71.5829,-44.3994],[-71.5839,-44.3985],[-71.5848,-44.3976],[-71.5855,-44.3968],[-71.5863,-44.396],[-71.5883,-44.3952],[-71.5896,-44.3948],[-71.5908,-44.3946],[-71.5918,-44.3946],[-71.5928,-44.3946],[-71.594,-44.3949],[-71.595,-44.3953],[-71.5967,-44.3958],[-71.5977,-44.3959],[-71.599,-44.3963],[-71.5999,-44.3965],[-71.601,-44.3967],[-71.6027,-44.3969],[-71.6038,-44.397],[-71.606,-44.3971],[-71.6072,-44.3971],[-71.6084,-44.3972],[-71.61,-44.3971],[-71.6114,-44.3968],[-71.613,-44.3963],[-71.6145,-44.3957],[-71.6156,-44.3952],[-71.6168,-44.3948],[-71.6177,-44.3945],[-71.6191,-44.3946],[-71.6206,-44.3948],[-71.6219,-44.395],[-71.6233,-44.3951],[-71.6249,-44.3949],[-71.6261,-44.3946],[-71.6285,-44.3941],[-71.6293,-44.3939],[-71.6308,-44.3937],[-71.6329,-44.3937],[-71.6343,-44.3937],[-71.6356,-44.3938],[-71.637,-44.3942],[-71.638,-44.3947],[-71.6396,-44.3959],[-71.6404,-44.3967],[-71.6409,-44.3974],[-71.642,-44.3987],[-71.6438,-44.3995],[-71.645,-44.3999],[-71.6459,-44.4004],[-71.6469,-44.4011],[-71.648,-44.4018],[-71.6496,-44.4026],[-71.651,-44.4029],[-71.6531,-44.4033],[-71.6544,-44.4037],[-71.656,-44.404],[-71.6576,-44.404],[-71.6588,-44.4037],[-71.6605,-44.4035],[-71.662,-44.4034],[-71.6637,-44.4036],[-71.6653,-44.4039],[-71.6663,-44.4041],[-71.6679,-44.4043],[-71.6696,-44.404],[-71.6713,-44.403],[-71.6724,-44.4021],[-71.6739,-44.401],[-71.6752,-44.4002],[-71.6759,-44.3997],[-71.6771,-44.3989],[-71.6779,-44.3984],[-71.6788,-44.3981],[-71.6806,-44.3972],[-71.6818,-44.3967],[-71.6829,-44.3962],[-71.684,-44.3957],[-71.6857,-44.3952],[-71.6869,-44.3949],[-71.6886,-44.3945],[-71.6894,-44.3943],[-71.6903,-44.3942],[-71.6918,-44.3936],[-71.6932,-44.3929],[-71.6942,-44.392],[-71.6953,-44.3907],[-71.6957,-44.3898],[-71.6961,-44.3884],[-71.6961,-44.3875],[-71.696,-44.3865],[-71.6955,-44.3848],[-71.695,-44.3838],[-71.6945,-44.3827],[-71.6942,-44.3818],[-71.6943,-44.3807],[-71.6951,-44.3798],[-71.696,-44.3793],[-71.6974,-44.3787],[-71.6985,-44.3785],[-71.6996,-44.3782],[-71.7009,-44.3782],[-71.7024,-44.3783],[-71.7046,-44.3782],[-71.7061,-44.3778],[-71.7073,-44.3774],[-71.7088,-44.3769],[-71.7097,-44.3767],[-71.7112,-44.3764],[-71.7124,-44.3763],[-71.7133,-44.3764],[-71.7155,-44.3769],[-71.7166,-44.3776],[-71.7171,-44.3785],[-71.7174,-44.3793],[-71.7176,-44.3804],[-71.7176,-44.3811],[-71.7175,-44.3821],[-71.7177,-44.3832],[-71.718,-44.3842],[-71.7183,-44.3848],[-71.7195,-44.3859],[-71.7206,-44.3865],[-71.7218,-44.3872],[-71.7232,-44.3879],[-71.7244,-44.3886],[-71.7256,-44.3891],[-71.7274,-44.3901],[-71.7291,-44.3911],[-71.7302,-44.3919],[-71.7317,-44.393],[-71.7326,-44.3938],[-71.7339,-44.3949],[-71.7349,-44.3958],[-71.7359,-44.3965],[-71.7377,-44.3972],[-71.7393,-44.3973],[-71.7408,-44.3969],[-71.7421,-44.3965],[-71.7433,-44.3961],[-71.7447,-44.3959],[-71.7459,-44.3959],[-71.7471,-44.396],[-71.7487,-44.3962],[-71.75,-44.3966],[-71.7513,-44.397],[-71.7527,-44.3975],[-71.7541,-44.398],[-71.7556,-44.3986],[-71.7572,-44.3992],[-71.7585,-44.3996],[-71.76,-44.4],[-71.7614,-44.4004],[-71.7626,-44.401],[-71.7636,-44.4018],[-71.7639,-44.403],[-71.7639,-44.4039],[-71.7642,-44.4048],[-71.7652,-44.4055],[-71.7665,-44.4056],[-71.7678,-44.4056],[-71.7692,-44.4051],[-71.7704,-44.4048],[-71.7718,-44.4047],[-71.7738,-44.4053],[-71.7749,-44.4058],[-71.7768,-44.4064],[-71.7788,-44.407],[-71.7803,-44.4075],[-71.7824,-44.4082],[-71.7836,-44.4085],[-71.7848,-44.4089],[-71.7861,-44.4094],[-71.7873,-44.4097],[-71.7887,-44.4102],[-71.79,-44.4108],[-71.7916,-44.4116],[-71.7923,-44.412],[-71.7936,-44.4127],[-71.7946,-44.4133],[-71.7959,-44.414],[-71.7967,-44.4144],[-71.7975,-44.4147],[-71.7985,-44.415],[-71.8006,-44.4154],[-71.8021,-44.4154],[-71.804,-44.4149],[-71.8053,-44.4147],[-71.8069,-44.4147],[-71.8086,-44.4145],[-71.8101,-44.4142],[-71.8113,-44.4139],[-71.8123,-44.4134],[-71.8134,-44.4127],[-71.8138,-44.4116],[-71.8138,-44.4107],[-71.8137,-44.4098],[-71.8134,-44.4087],[-71.8124,-44.4072],[-71.8116,-44.4063],[-71.8102,-44.4051],[-71.8087,-44.404],[-71.8078,-44.4033],[-71.8069,-44.4026],[-71.8058,-44.4019],[-71.8042,-44.4009],[-71.8035,-44.3995],[-71.8035,-44.3985],[-71.8034,-44.3975],[-71.8034,-44.3966],[-71.8037,-44.3955],[-71.8049,-44.3943],[-71.8061,-44.3936],[-71.8071,-44.3931],[-71.8083,-44.3927],[-71.8098,-44.3921],[-71.8109,-44.3916],[-71.812,-44.3912],[-71.814,-44.3906],[-71.8152,-44.3902],[-71.8166,-44.3897],[-71.8176,-44.3892],[-71.8185,-44.3886],[-71.8193,-44.3877],[-71.8197,-44.3867],[-71.8199,-44.3856],[-71.82,-44.3844],[-71.8199,-44.3828],[-71.8195,-44.3816],[-71.8188,-44.3801],[-71.8182,-44.379],[-71.8175,-44.3782],[-71.8167,-44.3775],[-71.8159,-44.3761],[-71.816,-44.3751],[-71.8171,-44.3737],[-71.8176,-44.3727],[-71.8187,-44.3719],[-71.8205,-44.3709],[-71.8213,-44.3705],[-71.8221,-44.3702],[-71.8236,-44.3697],[-71.8252,-44.3692],[-71.8265,-44.3689],[-71.8276,-44.3685],[-71.8288,-44.3682],[-71.83,-44.3676],[-71.8311,-44.3668],[-71.8319,-44.3662],[-71.8323,-44.3653],[-71.8325,-44.3643],[-71.8319,-44.3634],[-71.831,-44.3627],[-71.8298,-44.3619],[-71.8287,-44.3613],[-71.8278,-44.3606],[-71.8282,-44.3591],[-71.8289,-44.3583],[-71.8297,-44.3574],[-71.8306,-44.3565],[-71.8319,-44.3553],[-71.8327,-44.3544],[-71.8333,-44.3536],[-71.8341,-44.3528],[-71.8348,-44.3521],[-71.8358,-44.3511],[-71.8368,-44.3503],[-71.8375,-44.3495],[-71.8377,-44.3486],[-71.8375,-44.3477],[-71.8366,-44.3464],[-71.8359,-44.3455],[-71.8349,-44.3449],[-71.833,-44.3446],[-71.8309,-44.3445],[-71.8295,-44.3444],[-71.8281,-44.3439],[-71.8262,-44.3433],[-71.8242,-44.3425],[-71.8234,-44.3421],[-71.8221,-44.3417],[-71.8209,-44.3415],[-71.8196,-44.3414],[-71.8183,-44.3411],[-71.8169,-44.3405],[-71.8155,-44.3393],[-71.8142,-44.3382],[-71.8132,-44.3374],[-71.8121,-44.3367],[-71.811,-44.336],[-71.81,-44.3353],[-71.8086,-44.3347],[-71.8074,-44.3343],[-71.806,-44.3343],[-71.8044,-44.3345],[-71.8029,-44.3347],[-71.802,-44.3348],[-71.8006,-44.3349],[-71.7996,-44.3349],[-71.7982,-44.335],[-71.7969,-44.3349],[-71.7957,-44.3345],[-71.7945,-44.3338],[-71.7935,-44.333],[-71.7927,-44.3322],[-71.7915,-44.3311],[-71.7905,-44.3304],[-71.7896,-44.3299],[-71.7878,-44.3291],[-71.7868,-44.3285],[-71.786,-44.3279],[-71.7855,-44.327],[-71.7855,-44.3261],[-71.7856,-44.3252],[-71.7859,-44.3243],[-71.7863,-44.3237],[-71.7866,-44.3231],[-71.7874,-44.3218],[-71.7879,-44.3207],[-71.7882,-44.3191],[-71.7882,-44.3184],[-71.7882,-44.3174],[-71.788,-44.3164],[-71.7878,-44.3155],[-71.7879,-44.3146],[-71.7884,-44.3133],[-71.7893,-44.3119],[-71.7901,-44.311],[-71.7906,-44.3102],[-71.7909,-44.3091],[-71.7913,-44.3076],[-71.7914,-44.3066],[-71.7915,-44.3059],[-71.7915,-44.305],[-71.7915,-44.3043],[-71.7916,-44.3034],[-71.792,-44.3023],[-71.7928,-44.3015],[-71.7933,-44.301],[-71.7942,-44.3001],[-71.7948,-44.2995],[-71.7959,-44.2986],[-71.7965,-44.298],[-71.797,-44.2972],[-71.7979,-44.2964],[-71.7989,-44.2953],[-71.7993,-44.2947],[-71.7999,-44.2938],[-71.8004,-44.2926],[-71.8009,-44.2916],[-71.8016,-44.2901],[-71.8022,-44.289],[-71.8028,-44.2881],[-71.8037,-44.2872],[-71.8044,-44.2866],[-71.8054,-44.2857],[-71.8064,-44.2846],[-71.8067,-44.2831],[-71.8066,-44.2821],[-71.8066,-44.2811],[-71.8064,-44.2798],[-71.806,-44.2787],[-71.8047,-44.2774],[-71.8034,-44.2766],[-71.8025,-44.2751],[-71.8036,-44.2736],[-71.8045,-44.2728],[-71.8053,-44.2719],[-71.8052,-44.2704],[-71.8039,-44.2696],[-71.8031,-44.2688],[-71.8033,-44.2673],[-71.8041,-44.2666],[-71.8052,-44.266],[-71.8072,-44.2652],[-71.8081,-44.2649],[-71.8089,-44.2648],[-71.8106,-44.2644],[-71.8125,-44.2641],[-71.8136,-44.264],[-71.8153,-44.2641],[-71.8162,-44.2641],[-71.8178,-44.2639],[-71.8187,-44.2638],[-71.8206,-44.2638],[-71.8221,-44.2639],[-71.824,-44.2637],[-71.8261,-44.2632],[-71.8273,-44.2626],[-71.8278,-44.2618],[-71.8275,-44.2602],[-71.8266,-44.2589],[-71.8253,-44.2577],[-71.8236,-44.2568],[-71.8222,-44.2564],[-71.821,-44.2561],[-71.8202,-44.2559],[-71.8187,-44.2557],[-71.817,-44.2555],[-71.8146,-44.2559],[-71.8136,-44.2562],[-71.8122,-44.2569],[-71.8112,-44.2573],[-71.8099,-44.2575],[-71.8083,-44.2573],[-71.8075,-44.257],[-71.8067,-44.2565],[-71.8051,-44.2552],[-71.8049,-44.2537],[-71.8054,-44.2526],[-71.8062,-44.2519],[-71.8067,-44.2514],[-71.8074,-44.2505],[-71.808,-44.25],[-71.8091,-44.2493],[-71.8098,-44.2485],[-71.81,-44.2476],[-71.8092,-44.2462],[-71.8083,-44.2453],[-71.8072,-44.2441],[-71.806,-44.2427],[-71.8057,-44.2421],[-71.8055,-44.2411],[-71.8053,-44.2405],[-71.8052,-44.2396],[-71.8054,-44.2386],[-71.8071,-44.2373],[-71.8088,-44.2363],[-71.81,-44.2355],[-71.8109,-44.2347],[-71.8114,-44.2338],[-71.8115,-44.2328],[-71.8107,-44.2318],[-71.8089,-44.231],[-71.8074,-44.2308],[-71.8062,-44.2304],[-71.8048,-44.2298],[-71.8039,-44.2292],[-71.8037,-44.2282],[-71.8041,-44.2273],[-71.8043,-44.2263],[-71.8041,-44.2257],[-71.8032,-44.2245],[-71.8023,-44.2239],[-71.801,-44.2234],[-71.7997,-44.223],[-71.7982,-44.2224],[-71.7971,-44.2221],[-71.7957,-44.222],[-71.7942,-44.222],[-71.7928,-44.2219],[-71.7918,-44.2217],[-71.7909,-44.2213],[-71.7899,-44.2209],[-71.7883,-44.2206],[-71.7875,-44.2204],[-71.7859,-44.2202],[-71.7847,-44.2202],[-71.7831,-44.2205],[-71.7822,-44.2207],[-71.7801,-44.221],[-71.7792,-44.2208],[-71.7787,-44.2193],[-71.7792,-44.2181],[-71.7795,-44.2172],[-71.78,-44.2157],[-71.7797,-44.214],[-71.7794,-44.2132],[-71.7792,-44.2119],[-71.7796,-44.2111],[-71.7807,-44.2104],[-71.7827,-44.21],[-71.7841,-44.21],[-71.7855,-44.2102],[-71.7876,-44.2106],[-71.7891,-44.2109],[-71.7912,-44.2114],[-71.7926,-44.2117],[-71.7939,-44.2117],[-71.7955,-44.2116],[-71.7976,-44.2115],[-71.799,-44.2111],[-71.7997,-44.2098],[-71.7999,-44.2082],[-71.7996,-44.2073],[-71.7993,-44.2066],[-71.7988,-44.2057],[-71.7984,-44.2048],[-71.7981,-44.204],[-71.7979,-44.2031],[-71.7978,-44.2015],[-71.7978,-44.2006],[-71.798,-44.1996],[-71.7984,-44.1986],[-71.7989,-44.1979],[-71.7996,-44.197],[-71.8001,-44.1961],[-71.8006,-44.195],[-71.8004,-44.194],[-71.8,-44.193],[-71.7997,-44.1921],[-71.7994,-44.1912],[-71.7989,-44.1901],[-71.7985,-44.1884],[-71.7986,-44.1875],[-71.8001,-44.1861],[-71.8013,-44.1857],[-71.8027,-44.1853],[-71.8043,-44.1847],[-71.8061,-44.184],[-71.8075,-44.1835],[-71.809,-44.1828],[-71.8101,-44.1819],[-71.8108,-44.1815],[-71.8124,-44.1803],[-71.8129,-44.1795],[-71.8134,-44.1785],[-71.8139,-44.1776],[-71.8149,-44.1761],[-71.8152,-44.1752],[-71.8157,-44.1742],[-71.8166,-44.1726],[-71.8176,-44.1713],[-71.8185,-44.1704],[-71.8195,-44.1696],[-71.8203,-44.1689],[-71.8213,-44.1681],[-71.8222,-44.1675],[-71.8228,-44.167],[-71.8238,-44.1661],[-71.8248,-44.1652],[-71.8261,-44.164],[-71.8273,-44.163],[-71.8284,-44.162],[-71.8294,-44.1613],[-71.8305,-44.1606],[-71.8317,-44.1603],[-71.8331,-44.16],[-71.8344,-44.1599],[-71.8359,-44.1596],[-71.8368,-44.1594],[-71.8381,-44.1593],[-71.8396,-44.1592],[-71.8412,-44.1589],[-71.8425,-44.1585],[-71.8434,-44.1576],[-71.844,-44.1566],[-71.8448,-44.1559],[-71.8459,-44.155],[-71.8464,-44.1542],[-71.8465,-44.1532],[-71.8462,-44.1522],[-71.8457,-44.1511],[-71.8451,-44.1504],[-71.8442,-44.1495],[-71.8434,-44.1486],[-71.8424,-44.1477],[-71.8418,-44.1469],[-71.8411,-44.146],[-71.8407,-44.1448],[-71.8402,-44.1437],[-71.84,-44.1426],[-71.84,-44.1419],[-71.8399,-44.1408],[-71.84,-44.1399],[-71.8402,-44.139],[-71.8405,-44.138],[-71.8407,-44.1371],[-71.8411,-44.1363],[-71.8417,-44.1354],[-71.8424,-44.1346],[-71.8431,-44.1339],[-71.8441,-44.1331],[-71.8448,-44.1323],[-71.8463,-44.131],[-71.8473,-44.13],[-71.8481,-44.129],[-71.849,-44.128],[-71.8493,-44.1274],[-71.8499,-44.1262],[-71.8503,-44.1246],[-71.8503,-44.1236],[-71.85,-44.1221],[-71.8491,-44.1207],[-71.8484,-44.1197],[-71.8481,-44.1189],[-71.8477,-44.1174],[-71.8476,-44.1163],[-71.8476,-44.1152],[-71.8477,-44.1142],[-71.8477,-44.1133],[-71.8474,-44.1115],[-71.8472,-44.1105],[-71.847,-44.1098],[-71.8466,-44.1088],[-71.8459,-44.1079],[-71.8435,-44.1064],[-71.8418,-44.1055],[-71.8407,-44.1051],[-71.839,-44.1048],[-71.8374,-44.1047],[-71.8361,-44.1045],[-71.8352,-44.1044],[-71.8331,-44.1047],[-71.8311,-44.1053],[-71.83,-44.1057],[-71.8288,-44.1064],[-71.8275,-44.1072],[-71.8268,-44.1077],[-71.8262,-44.1081],[-71.8252,-44.1087],[-71.8239,-44.1093],[-71.8226,-44.1096],[-71.821,-44.1101],[-71.8202,-44.1104],[-71.819,-44.1107],[-71.8177,-44.1108],[-71.8168,-44.1109],[-71.8159,-44.1109],[-71.8136,-44.1105],[-71.8121,-44.1104],[-71.8099,-44.1101],[-71.8084,-44.1096],[-71.8074,-44.1091],[-71.806,-44.1088],[-71.8044,-44.1089],[-71.803,-44.109],[-71.8017,-44.109],[-71.8005,-44.1088],[-71.7992,-44.1084],[-71.7976,-44.1083],[-71.796,-44.1082],[-71.794,-44.1076],[-71.7927,-44.1073],[-71.7907,-44.1071],[-71.7892,-44.1072],[-71.7882,-44.1073],[-71.7873,-44.1074],[-71.7858,-44.1075],[-71.7846,-44.1076],[-71.7837,-44.1077],[-71.7827,-44.1079],[-71.7811,-44.1079],[-71.78,-44.1077],[-71.7781,-44.1071],[-71.7771,-44.1066],[-71.7758,-44.1059],[-71.7746,-44.1054],[-71.7727,-44.1048],[-71.7714,-44.1046],[-71.7699,-44.1045],[-71.7679,-44.1038],[-71.7671,-44.1034],[-71.7665,-44.1029],[-71.7653,-44.1016],[-71.7646,-44.1009],[-71.7638,-44.0999],[-71.7628,-44.0986],[-71.7617,-44.0976],[-71.7609,-44.0967],[-71.76,-44.0959],[-71.7585,-44.0951],[-71.7568,-44.094],[-71.7562,-44.0932],[-71.7552,-44.0924],[-71.7538,-44.0912],[-71.7527,-44.0904],[-71.7517,-44.0896],[-71.751,-44.0886],[-71.7502,-44.0878],[-71.7497,-44.0872],[-71.7493,-44.0866],[-71.7488,-44.0861],[-71.7485,-44.0854],[-71.748,-44.0847],[-71.7476,-44.084],[-71.7472,-44.0834],[-71.7464,-44.082],[-71.7462,-44.0813],[-71.7462,-44.0801],[-71.7464,-44.0788],[-71.7467,-44.0771],[-71.7468,-44.0765],[-71.7469,-44.0751],[-71.7468,-44.0742],[-71.7465,-44.0736],[-71.7453,-44.0721],[-71.7445,-44.0717],[-71.7432,-44.0717],[-71.7416,-44.0716],[-71.7406,-44.0715],[-71.7395,-44.071],[-71.7386,-44.0705],[-71.7376,-44.0699],[-71.7365,-44.0692],[-71.7354,-44.0685],[-71.7349,-44.0675],[-71.7349,-44.0664],[-71.7351,-44.0655],[-71.7351,-44.0643],[-71.7348,-44.0631],[-71.7344,-44.0622],[-71.7338,-44.0612],[-71.7323,-44.0598],[-71.7315,-44.0588],[-71.7307,-44.0578],[-71.7297,-44.0567],[-71.7292,-44.0558],[-71.7288,-44.0551],[-71.7283,-44.0544],[-71.7274,-44.0532],[-71.727,-44.0526],[-71.726,-44.0507],[-71.7253,-44.0497],[-71.7248,-44.0491],[-71.7241,-44.0484],[-71.7236,-44.0477],[-71.7229,-44.0468],[-71.7225,-44.0462],[-71.7218,-44.0453],[-71.7209,-44.044],[-71.7204,-44.0432],[-71.7201,-44.0426],[-71.7197,-44.0416],[-71.7194,-44.0406],[-71.7189,-44.0395],[-71.7187,-44.0388],[-71.7183,-44.0381],[-71.7179,-44.0375],[-71.7173,-44.0368],[-71.7166,-44.0362],[-71.7157,-44.0353],[-71.7148,-44.0342],[-71.7144,-44.0336],[-71.7142,-44.032],[-71.7141,-44.0308],[-71.7141,-44.0297],[-71.7141,-44.0288],[-71.7141,-44.0281],[-71.7143,-44.027],[-71.7145,-44.0263],[-71.7147,-44.0251],[-71.7149,-44.0243],[-71.715,-44.0232],[-71.7148,-44.0225],[-71.7145,-44.0216],[-71.714,-44.0203],[-71.7135,-44.0194],[-71.713,-44.0188],[-71.7121,-44.0178],[-71.7111,-44.0171],[-71.71,-44.0164],[-71.7088,-44.0155],[-71.7078,-44.0146],[-71.7068,-44.0137],[-71.7063,-44.0132],[-71.705,-44.0118],[-71.704,-44.0109],[-71.7033,-44.0104],[-71.7022,-44.0095],[-71.7015,-44.009],[-71.7009,-44.0085],[-71.7002,-44.008],[-71.699,-44.0069],[-71.698,-44.0059],[-71.6972,-44.0046],[-71.6968,-44.0035],[-71.6966,-44.0025],[-71.6964,-44.0016],[-71.696,-44.0004],[-71.6956,-43.9996],[-71.6953,-43.9988],[-71.6949,-43.9976],[-71.6944,-43.9953],[-71.6935,-43.9945],[-71.6929,-43.994],[-71.6918,-43.9929],[-71.6912,-43.9923],[-71.6906,-43.9915],[-71.6901,-43.9907],[-71.6896,-43.9901],[-71.689,-43.9895],[-71.688,-43.9888],[-71.6874,-43.9882],[-71.6868,-43.9875],[-71.6858,-43.9868],[-71.6851,-43.9862],[-71.6843,-43.9851],[-71.684,-43.9844],[-71.6838,-43.9837],[-71.6836,-43.9827],[-71.6834,-43.9815],[-71.6833,-43.9809],[-71.6832,-43.9802],[-71.6829,-43.9792],[-71.6825,-43.9784],[-71.6819,-43.9774],[-71.6813,-43.9763],[-71.6809,-43.9751],[-71.6807,-43.9743],[-71.6806,-43.9734],[-71.6805,-43.9722],[-71.6805,-43.9715],[-71.6805,-43.9707],[-71.6805,-43.9699],[-71.6802,-43.9686],[-71.6799,-43.968],[-71.6732,-43.9674],[-71.6717,-43.9665],[-71.6705,-43.9658],[-71.6691,-43.9651],[-71.6682,-43.9647],[-71.6666,-43.9639],[-71.6659,-43.9635],[-71.6642,-43.9626],[-71.6623,-43.9618],[-71.6612,-43.961],[-71.6605,-43.9603],[-71.6604,-43.9597],[-71.6606,-43.9591],[-71.6609,-43.9578],[-71.661,-43.9569],[-71.6558,-43.9474],[-71.6541,-43.9466],[-71.6532,-43.9461],[-71.6522,-43.9458],[-71.6513,-43.9454],[-71.6504,-43.945],[-71.6496,-43.9445],[-71.6483,-43.9435],[-71.6479,-43.9429],[-71.6479,-43.9418],[-71.648,-43.9411],[-71.648,-43.9404],[-71.648,-43.9398],[-71.6481,-43.9385],[-71.6481,-43.9377]]]]},"geometry_name":"geom","properties":{"nombre":"RIO PICO"},"bbox":[-71.8503,-44.4154,-70.8921,-43.8499]},{"type":"Feature","id":"juzgados.31","geometry":{"type":"MultiPolygon","coordinates":[[[[-69.0226,-44.5095],[-69.0214,-44.4344],[-68.7685,-44.4338],[-68.769,-44.3859],[-69.02,-44.3851],[-69.0198,-44.2523],[-68.7695,-44.2545],[-68.7656,-44.0754],[-68.3914,-44.0752],[-68.389,-43.987],[-68.0167,-43.9843],[-68.0167,-43.9695],[-67.7582,-43.9666],[-67.7524,-44.6857],[-67.7525,-44.6961],[-68.3777,-44.6907],[-68.6245,-44.6917],[-68.6383,-44.6917],[-68.6411,-44.5095],[-69.0226,-44.5095]]]]},"geometry_name":"geom","properties":{"nombre":"CANQUEL"},"bbox":[-69.0226,-44.6961,-67.7524,-43.9666]},{"type":"Feature","id":"juzgados.32","geometry":{"type":"MultiPolygon","coordinates":[[[[-66.8631,-44.414],[-65.2344,-44.3782],[-65.2345,-44.3793],[-65.2338,-44.3797],[-65.2347,-44.3804],[-65.2346,-44.382],[-65.2346,-44.3829],[-65.2364,-44.3829],[-65.2364,-44.3836],[-65.237,-44.3846],[-65.2378,-44.3838],[-65.2386,-44.3831],[-65.2405,-44.383],[-65.2412,-44.3838],[-65.2409,-44.3845],[-65.2418,-44.3846],[-65.2427,-44.3838],[-65.2435,-44.3829],[-65.2452,-44.3829],[-65.2469,-44.3833],[-65.2489,-44.3838],[-65.2502,-44.3843],[-65.2517,-44.3844],[-65.252,-44.3852],[-65.2545,-44.3844],[-65.2557,-44.3837],[-65.2564,-44.3829],[-65.2588,-44.3836],[-65.2607,-44.3844],[-65.2617,-44.3854],[-65.2628,-44.3859],[-65.264,-44.3868],[-65.2645,-44.3877],[-65.2656,-44.3886],[-65.2672,-44.3898],[-65.2684,-44.3907],[-65.2685,-44.3925],[-65.2678,-44.3936],[-65.2655,-44.3947],[-65.2648,-44.3954],[-65.2652,-44.3965],[-65.2669,-44.397],[-65.268,-44.3967],[-65.2698,-44.3961],[-65.2705,-44.3969],[-65.27,-44.3975],[-65.2697,-44.3983],[-65.2707,-44.3985],[-65.2702,-44.3991],[-65.2683,-44.3997],[-65.2692,-44.4005],[-65.2706,-44.401],[-65.272,-44.4011],[-65.2732,-44.4011],[-65.2723,-44.4027],[-65.2731,-44.403],[-65.2753,-44.4028],[-65.2761,-44.4035],[-65.2767,-44.4053],[-65.2775,-44.406],[-65.2786,-44.4057],[-65.2808,-44.4062],[-65.2833,-44.4061],[-65.2853,-44.4066],[-65.286,-44.4077],[-65.2853,-44.4088],[-65.2845,-44.4095],[-65.2832,-44.4095],[-65.2832,-44.4103],[-65.2839,-44.4109],[-65.2847,-44.4115],[-65.2858,-44.4117],[-65.2867,-44.4121],[-65.2866,-44.4129],[-65.2849,-44.4132],[-65.2836,-44.4134],[-65.282,-44.4138],[-65.2815,-44.4144],[-65.2801,-44.415],[-65.2789,-44.4154],[-65.279,-44.416],[-65.2782,-44.4166],[-65.2771,-44.4168],[-65.2767,-44.4178],[-65.2778,-44.418],[-65.279,-44.4187],[-65.2797,-44.4176],[-65.2809,-44.4168],[-65.2832,-44.4173],[-65.2825,-44.418],[-65.2814,-44.4184],[-65.2817,-44.4191],[-65.2834,-44.4194],[-65.285,-44.4194],[-65.2859,-44.419],[-65.2871,-44.4195],[-65.2879,-44.4198],[-65.2887,-44.4193],[-65.2894,-44.4186],[-65.291,-44.4185],[-65.2922,-44.4187],[-65.2929,-44.4195],[-65.2932,-44.4202],[-65.2922,-44.4211],[-65.2926,-44.4219],[-65.2923,-44.423],[-65.292,-44.424],[-65.289,-44.4245],[-65.2878,-44.4244],[-65.2844,-44.4249],[-65.2835,-44.4254],[-65.2826,-44.4262],[-65.2832,-44.4269],[-65.2838,-44.4275],[-65.285,-44.4278],[-65.2869,-44.4279],[-65.2885,-44.4273],[-65.2901,-44.4269],[-65.2915,-44.4269],[-65.2934,-44.4268],[-65.295,-44.426],[-65.2963,-44.4254],[-65.2984,-44.4258],[-65.3,-44.4243],[-65.3005,-44.4235],[-65.3011,-44.4218],[-65.3019,-44.4213],[-65.3029,-44.4213],[-65.3042,-44.4209],[-65.3056,-44.4213],[-65.3061,-44.4221],[-65.3065,-44.423],[-65.3071,-44.4236],[-65.3082,-44.4234],[-65.3088,-44.4241],[-65.3086,-44.4251],[-65.3099,-44.4245],[-65.311,-44.4242],[-65.3126,-44.4246],[-65.3132,-44.4251],[-65.3136,-44.4261],[-65.3133,-44.4276],[-65.3136,-44.4284],[-65.3127,-44.4294],[-65.3114,-44.4301],[-65.3121,-44.4317],[-65.3125,-44.4328],[-65.3124,-44.434],[-65.3118,-44.4347],[-65.3107,-44.4342],[-65.3095,-44.4341],[-65.3082,-44.4341],[-65.3077,-44.4346],[-65.3083,-44.4352],[-65.309,-44.436],[-65.3088,-44.4368],[-65.3076,-44.4378],[-65.3093,-44.4391],[-65.3099,-44.4399],[-65.3105,-44.4404],[-65.3116,-44.4396],[-65.3127,-44.4396],[-65.3141,-44.4395],[-65.3155,-44.4397],[-65.3168,-44.4399],[-65.3177,-44.4402],[-65.3175,-44.4409],[-65.3165,-44.4416],[-65.3155,-44.4423],[-65.3164,-44.4434],[-65.3167,-44.4443],[-65.3175,-44.446],[-65.3185,-44.4479],[-65.3198,-44.4468],[-65.3208,-44.4458],[-65.3215,-44.4449],[-65.3225,-44.4441],[-65.3232,-44.4447],[-65.3243,-44.4453],[-65.3258,-44.4457],[-65.3263,-44.4463],[-65.3272,-44.446],[-65.3289,-44.4463],[-65.3292,-44.4473],[-65.3293,-44.4485],[-65.328,-44.449],[-65.3292,-44.4494],[-65.3309,-44.4498],[-65.3337,-44.4507],[-65.3345,-44.4524],[-65.3349,-44.4545],[-65.3346,-44.4567],[-65.3334,-44.4581],[-65.3328,-44.4592],[-65.3323,-44.46],[-65.3299,-44.4608],[-65.3289,-44.4613],[-65.3285,-44.4626],[-65.3272,-44.4632],[-65.3257,-44.4631],[-65.3246,-44.4621],[-65.3245,-44.4612],[-65.3235,-44.4609],[-65.3225,-44.4613],[-65.322,-44.4621],[-65.321,-44.462],[-65.3194,-44.4626],[-65.3185,-44.4621],[-65.317,-44.462],[-65.3158,-44.4626],[-65.3161,-44.4637],[-65.316,-44.4645],[-65.3144,-44.4651],[-65.313,-44.465],[-65.3121,-44.4641],[-65.3117,-44.4653],[-65.312,-44.4665],[-65.3114,-44.4676],[-65.3115,-44.4685],[-65.3107,-44.4695],[-65.312,-44.4707],[-65.3134,-44.4708],[-65.3151,-44.471],[-65.3151,-44.4721],[-65.3152,-44.4729],[-65.3164,-44.4729],[-65.3164,-44.474],[-65.3163,-44.4752],[-65.3168,-44.4766],[-65.3163,-44.4773],[-65.3175,-44.4785],[-65.3186,-44.4786],[-65.3193,-44.479],[-65.3194,-44.4799],[-65.3188,-44.4807],[-65.3192,-44.4812],[-65.32,-44.4817],[-65.3207,-44.4805],[-65.3219,-44.4802],[-65.3232,-44.4808],[-65.3241,-44.4815],[-65.3241,-44.4828],[-65.3241,-44.4841],[-65.3234,-44.4852],[-65.322,-44.4868],[-65.3207,-44.4879],[-65.319,-44.4894],[-65.3174,-44.4901],[-65.3154,-44.4912],[-65.3137,-44.4916],[-65.3107,-44.4917],[-65.3095,-44.4906],[-65.3092,-44.4897],[-65.3093,-44.4887],[-65.3069,-44.4887],[-65.3054,-44.4889],[-65.3038,-44.4881],[-65.3029,-44.4883],[-65.3021,-44.4891],[-65.3014,-44.4898],[-65.2997,-44.4897],[-65.2989,-44.4891],[-65.2988,-44.4877],[-65.2989,-44.4863],[-65.2969,-44.4867],[-65.2959,-44.487],[-65.2962,-44.4879],[-65.2949,-44.4884],[-65.2935,-44.4876],[-65.2924,-44.4872],[-65.2914,-44.4888],[-65.2905,-44.4899],[-65.2894,-44.4901],[-65.2881,-44.4905],[-65.2875,-44.49],[-65.2861,-44.49],[-65.2848,-44.4906],[-65.2843,-44.4915],[-65.2853,-44.4924],[-65.2845,-44.4937],[-65.2858,-44.4949],[-65.2861,-44.496],[-65.2862,-44.4968],[-65.2877,-44.497],[-65.2891,-44.4969],[-65.2893,-44.4976],[-65.2903,-44.4984],[-65.2903,-44.4991],[-65.2914,-44.5003],[-65.2903,-44.5012],[-65.2893,-44.5016],[-65.288,-44.5021],[-65.2877,-44.5028],[-65.2886,-44.5033],[-65.2884,-44.5043],[-65.2894,-44.5047],[-65.29,-44.5056],[-65.2882,-44.5068],[-65.2869,-44.507],[-65.2846,-44.5069],[-65.2836,-44.5074],[-65.2825,-44.5076],[-65.2824,-44.5083],[-65.2813,-44.5089],[-65.2802,-44.5089],[-65.2796,-44.5082],[-65.2781,-44.5093],[-65.2786,-44.51],[-65.2792,-44.5105],[-65.2801,-44.5101],[-65.2804,-44.5109],[-65.2797,-44.5115],[-65.2805,-44.5119],[-65.2795,-44.513],[-65.2796,-44.5138],[-65.28,-44.5147],[-65.2812,-44.5149],[-65.2827,-44.5145],[-65.2832,-44.5133],[-65.2851,-44.5141],[-65.286,-44.5136],[-65.2869,-44.5131],[-65.2869,-44.5118],[-65.2875,-44.5107],[-65.2882,-44.5115],[-65.2888,-44.512],[-65.2902,-44.5123],[-65.2913,-44.5118],[-65.2928,-44.511],[-65.2947,-44.5114],[-65.2957,-44.5118],[-65.2946,-44.5126],[-65.2939,-44.5133],[-65.2939,-44.5141],[-65.2958,-44.5137],[-65.2958,-44.5128],[-65.2965,-44.5122],[-65.2969,-44.5115],[-65.2972,-44.5107],[-65.2962,-44.5102],[-65.2962,-44.5093],[-65.2963,-44.5085],[-65.2963,-44.5078],[-65.2981,-44.507],[-65.3,-44.5069],[-65.3007,-44.5074],[-65.302,-44.5073],[-65.3019,-44.5086],[-65.303,-44.5094],[-65.3039,-44.5095],[-65.3049,-44.5104],[-65.3046,-44.5114],[-65.3038,-44.5118],[-65.304,-44.5126],[-65.3049,-44.5128],[-65.3056,-44.5123],[-65.307,-44.512],[-65.3071,-44.5111],[-65.3078,-44.5101],[-65.3087,-44.5101],[-65.3095,-44.5105],[-65.3102,-44.511],[-65.3102,-44.5117],[-65.3097,-44.5123],[-65.3103,-44.5129],[-65.3114,-44.513],[-65.3128,-44.5133],[-65.3142,-44.5132],[-65.3133,-44.5142],[-65.3133,-44.5151],[-65.3129,-44.516],[-65.3121,-44.5166],[-65.3119,-44.5173],[-65.3123,-44.5179],[-65.3129,-44.5191],[-65.3133,-44.5202],[-65.314,-44.5207],[-65.3146,-44.5215],[-65.3157,-44.5214],[-65.3162,-44.5221],[-65.3163,-44.5229],[-65.3175,-44.5234],[-65.3171,-44.5248],[-65.3159,-44.5255],[-65.3161,-44.5261],[-65.316,-44.5273],[-65.3155,-44.5278],[-65.3173,-44.5283],[-65.3183,-44.5277],[-65.3193,-44.5268],[-65.3201,-44.5275],[-65.3209,-44.5271],[-65.3222,-44.5267],[-65.3232,-44.5258],[-65.3237,-44.5249],[-65.3237,-44.5239],[-65.3226,-44.5227],[-65.3219,-44.5209],[-65.3228,-44.5195],[-65.3233,-44.5182],[-65.3223,-44.517],[-65.3208,-44.5152],[-65.3191,-44.5135],[-65.3193,-44.5126],[-65.3204,-44.5118],[-65.3203,-44.511],[-65.3219,-44.5111],[-65.323,-44.5112],[-65.3238,-44.5105],[-65.3244,-44.5077],[-65.326,-44.5058],[-65.329,-44.5047],[-65.3324,-44.5038],[-65.3367,-44.5034],[-65.3406,-44.5035],[-65.3437,-44.5036],[-65.3465,-44.5042],[-65.3474,-44.505],[-65.3478,-44.5056],[-65.3478,-44.5066],[-65.3477,-44.5076],[-65.3496,-44.5074],[-65.3495,-44.5061],[-65.3504,-44.5054],[-65.352,-44.5052],[-65.3543,-44.5054],[-65.3552,-44.5059],[-65.3559,-44.5067],[-65.3567,-44.508],[-65.3566,-44.5091],[-65.3556,-44.5097],[-65.3545,-44.5097],[-65.3534,-44.5102],[-65.3543,-44.5108],[-65.3551,-44.512],[-65.3565,-44.5127],[-65.3579,-44.5126],[-65.3595,-44.5135],[-65.3602,-44.5121],[-65.3584,-44.5106],[-65.3605,-44.5094],[-65.362,-44.5086],[-65.3662,-44.5084],[-65.3686,-44.5088],[-65.3691,-44.5097],[-65.3695,-44.5109],[-65.3704,-44.5117],[-65.3716,-44.5122],[-65.373,-44.5128],[-65.3741,-44.5128],[-65.3755,-44.5134],[-65.3765,-44.5144],[-65.377,-44.5165],[-65.3765,-44.5176],[-65.3752,-44.518],[-65.3736,-44.518],[-65.3727,-44.5179],[-65.373,-44.5188],[-65.3748,-44.5194],[-65.3759,-44.5197],[-65.3781,-44.5195],[-65.3784,-44.5203],[-65.3783,-44.5214],[-65.3775,-44.5221],[-65.3759,-44.5224],[-65.3752,-44.523],[-65.3747,-44.5237],[-65.3737,-44.5238],[-65.3738,-44.5248],[-65.374,-44.5256],[-65.3747,-44.5266],[-65.3749,-44.5278],[-65.3747,-44.5288],[-65.374,-44.5292],[-65.3735,-44.5302],[-65.372,-44.5298],[-65.3708,-44.5303],[-65.3689,-44.5302],[-65.3677,-44.5298],[-65.3665,-44.5294],[-65.3652,-44.5303],[-65.3627,-44.5302],[-65.3626,-44.531],[-65.3624,-44.5317],[-65.3617,-44.5336],[-65.3599,-44.534],[-65.3608,-44.5349],[-65.361,-44.536],[-65.3619,-44.5371],[-65.3627,-44.5375],[-65.3633,-44.5371],[-65.3655,-44.5364],[-65.3655,-44.5382],[-65.3664,-44.5382],[-65.3679,-44.539],[-65.369,-44.5395],[-65.3709,-44.5393],[-65.3719,-44.5381],[-65.3728,-44.5368],[-65.3742,-44.5371],[-65.3761,-44.5371],[-65.3765,-44.538],[-65.3771,-44.5389],[-65.3779,-44.5399],[-65.379,-44.5402],[-65.3803,-44.5392],[-65.3817,-44.5379],[-65.3831,-44.5383],[-65.3835,-44.5392],[-65.385,-44.5398],[-65.3872,-44.54],[-65.3883,-44.5403],[-65.3898,-44.5409],[-65.3895,-44.5415],[-65.3893,-44.5424],[-65.39,-44.5435],[-65.3909,-44.5442],[-65.3916,-44.5452],[-65.393,-44.5452],[-65.3942,-44.5465],[-65.3941,-44.548],[-65.3945,-44.5492],[-65.3951,-44.5516],[-65.3948,-44.554],[-65.3948,-44.5552],[-65.3945,-44.5565],[-65.3927,-44.5582],[-65.392,-44.559],[-65.3913,-44.5597],[-65.3898,-44.5597],[-65.388,-44.5605],[-65.3861,-44.5611],[-65.3855,-44.5621],[-65.3849,-44.5625],[-65.3832,-44.5637],[-65.3825,-44.5646],[-65.3805,-44.5648],[-65.378,-44.5643],[-65.3774,-44.5632],[-65.3765,-44.5627],[-65.3742,-44.5629],[-65.3741,-44.5637],[-65.3729,-44.565],[-65.3717,-44.5653],[-65.3717,-44.5665],[-65.3718,-44.5673],[-65.3707,-44.5674],[-65.3696,-44.5673],[-65.3683,-44.5677],[-65.3672,-44.5686],[-65.3657,-44.5693],[-65.3635,-44.5692],[-65.3624,-44.5691],[-65.3602,-44.5698],[-65.3589,-44.5703],[-65.3584,-44.5715],[-65.3588,-44.5724],[-65.3587,-44.5735],[-65.3598,-44.574],[-65.3613,-44.5745],[-65.3624,-44.5751],[-65.3628,-44.5767],[-65.3637,-44.5772],[-65.3651,-44.5773],[-65.3665,-44.5772],[-65.3671,-44.578],[-65.3678,-44.5788],[-65.3688,-44.5789],[-65.3699,-44.5788],[-65.3703,-44.5797],[-65.3702,-44.5809],[-65.3693,-44.5824],[-65.3677,-44.5829],[-65.3666,-44.5835],[-65.3659,-44.5842],[-65.3673,-44.5848],[-65.3684,-44.5845],[-65.369,-44.5851],[-65.3701,-44.5847],[-65.3713,-44.5841],[-65.3731,-44.5844],[-65.3738,-44.5833],[-65.3748,-44.5828],[-65.3742,-44.5822],[-65.3733,-44.5812],[-65.3731,-44.5793],[-65.3739,-44.5775],[-65.3755,-44.576],[-65.3753,-44.5747],[-65.3759,-44.5734],[-65.3781,-44.5728],[-65.3803,-44.5725],[-65.3822,-44.5726],[-65.3841,-44.5732],[-65.3853,-44.5738],[-65.3858,-44.5749],[-65.3863,-44.5759],[-65.3881,-44.576],[-65.3892,-44.5768],[-65.3899,-44.5779],[-65.3904,-44.5794],[-65.3912,-44.5799],[-65.3918,-44.5811],[-65.3923,-44.5818],[-65.393,-44.583],[-65.3928,-44.5842],[-65.3918,-44.5847],[-65.3926,-44.5856],[-65.3925,-44.5868],[-65.392,-44.5875],[-65.3932,-44.588],[-65.3943,-44.5889],[-65.3953,-44.5899],[-65.3967,-44.5899],[-65.3979,-44.589],[-65.398,-44.5875],[-65.398,-44.5866],[-65.3987,-44.5852],[-65.4001,-44.5837],[-65.4023,-44.5833],[-65.4038,-44.5828],[-65.4058,-44.5829],[-65.4071,-44.5825],[-65.4095,-44.5822],[-65.4099,-44.5809],[-65.4099,-44.5796],[-65.4095,-44.5785],[-65.4102,-44.5776],[-65.4093,-44.5768],[-65.4086,-44.5758],[-65.4099,-44.5758],[-65.4109,-44.5761],[-65.4123,-44.5753],[-65.4129,-44.5743],[-65.4139,-44.5741],[-65.4138,-44.5732],[-65.4135,-44.5723],[-65.4139,-44.571],[-65.4156,-44.5701],[-65.4176,-44.57],[-65.4192,-44.5698],[-65.4208,-44.5694],[-65.4222,-44.5703],[-65.4226,-44.5711],[-65.4235,-44.5718],[-65.4246,-44.5712],[-65.4259,-44.5707],[-65.4269,-44.5703],[-65.4269,-44.5695],[-65.4259,-44.5689],[-65.4263,-44.5672],[-65.4277,-44.5668],[-65.431,-44.5668],[-65.4329,-44.5669],[-65.4348,-44.5667],[-65.4373,-44.567],[-65.4388,-44.5678],[-65.4391,-44.5686],[-65.4392,-44.5693],[-65.4406,-44.5693],[-65.4423,-44.57],[-65.4433,-44.57],[-65.4442,-44.5695],[-65.4458,-44.5695],[-65.4471,-44.5695],[-65.448,-44.5701],[-65.4482,-44.5715],[-65.4493,-44.5715],[-65.4504,-44.5719],[-65.4511,-44.5724],[-65.4527,-44.5726],[-65.4537,-44.5721],[-65.455,-44.5718],[-65.457,-44.5719],[-65.4589,-44.5719],[-65.4598,-44.5723],[-65.4617,-44.5728],[-65.4634,-44.5733],[-65.4643,-44.5736],[-65.4661,-44.5746],[-65.4679,-44.5763],[-65.4694,-44.5777],[-65.4707,-44.5789],[-65.4713,-44.5802],[-65.4714,-44.5814],[-65.4715,-44.5825],[-65.4707,-44.5828],[-65.4706,-44.5838],[-65.4698,-44.5842],[-65.4691,-44.5849],[-65.469,-44.586],[-65.4693,-44.5871],[-65.4694,-44.5879],[-65.469,-44.5887],[-65.4668,-44.5893],[-65.4659,-44.5885],[-65.4653,-44.5876],[-65.4646,-44.5892],[-65.4642,-44.5901],[-65.465,-44.5905],[-65.4655,-44.5919],[-65.4655,-44.5928],[-65.4656,-44.5942],[-65.4657,-44.5952],[-65.4656,-44.596],[-65.4654,-44.597],[-65.4645,-44.5965],[-65.4635,-44.5965],[-65.4633,-44.5972],[-65.4652,-44.598],[-65.4681,-44.5969],[-65.4699,-44.596],[-65.4714,-44.5957],[-65.4727,-44.5958],[-65.4736,-44.5962],[-65.4745,-44.5969],[-65.4756,-44.597],[-65.4768,-44.5965],[-65.479,-44.5965],[-65.4808,-44.5975],[-65.482,-44.5985],[-65.4833,-44.5995],[-65.4841,-44.6006],[-65.4839,-44.6015],[-65.4838,-44.6023],[-65.4851,-44.6019],[-65.4867,-44.6014],[-65.4883,-44.6012],[-65.4894,-44.6016],[-65.4908,-44.6012],[-65.4927,-44.601],[-65.4949,-44.6006],[-65.4989,-44.6007],[-65.502,-44.6009],[-65.5049,-44.6018],[-65.5075,-44.6034],[-65.5083,-44.6041],[-65.5095,-44.6047],[-65.5107,-44.6055],[-65.5124,-44.6056],[-65.5159,-44.6059],[-65.519,-44.6064],[-65.5221,-44.6072],[-65.5253,-44.6086],[-65.5271,-44.6099],[-65.5297,-44.6109],[-65.5316,-44.6117],[-65.5332,-44.6129],[-65.5346,-44.6137],[-65.5363,-44.6144],[-65.5374,-44.6144],[-65.5392,-44.6151],[-65.5415,-44.6164],[-65.5431,-44.6174],[-65.5452,-44.6182],[-65.5466,-44.6189],[-65.5475,-44.6196],[-65.5493,-44.6204],[-65.5511,-44.6221],[-65.5521,-44.6235],[-65.5527,-44.6242],[-65.5532,-44.6249],[-65.5547,-44.6257],[-65.5557,-44.6266],[-65.5575,-44.6281],[-65.5586,-44.6293],[-65.5609,-44.6303],[-65.5624,-44.6313],[-65.5639,-44.632],[-65.5664,-44.6332],[-65.5675,-44.6345],[-65.5683,-44.6354],[-65.5693,-44.6362],[-65.5702,-44.6372],[-65.571,-44.6381],[-65.5714,-44.6389],[-65.5723,-44.6397],[-65.5725,-44.6413],[-65.5731,-44.6422],[-65.5727,-44.6431],[-65.573,-44.644],[-65.5739,-44.644],[-65.5755,-44.6445],[-65.5759,-44.6451],[-65.5778,-44.6454],[-65.5798,-44.6454],[-65.5822,-44.6451],[-65.583,-44.6446],[-65.5826,-44.6437],[-65.5819,-44.6421],[-65.5831,-44.641],[-65.5846,-44.6399],[-65.5868,-44.6392],[-65.5893,-44.639],[-65.5925,-44.6391],[-65.5956,-44.6398],[-65.5987,-44.6406],[-65.5999,-44.6414],[-65.6019,-44.6418],[-65.6035,-44.6428],[-65.6045,-44.6435],[-65.6064,-44.644],[-65.6074,-44.6448],[-65.6087,-44.6453],[-65.6094,-44.6463],[-65.6097,-44.6469],[-65.6109,-44.6469],[-65.6128,-44.6476],[-65.614,-44.6488],[-65.6153,-44.6498],[-65.6161,-44.651],[-65.6179,-44.652],[-65.6189,-44.6529],[-65.6201,-44.6539],[-65.621,-44.6548],[-65.622,-44.6563],[-65.6229,-44.6572],[-65.624,-44.6579],[-65.6281,-44.6585],[-65.6303,-44.6587],[-65.6335,-44.6602],[-65.6361,-44.6614],[-65.639,-44.6632],[-65.6414,-44.665],[-65.6449,-44.6673],[-65.6472,-44.669],[-65.649,-44.6701],[-65.6506,-44.6718],[-65.6527,-44.6733],[-65.6539,-44.6748],[-65.6553,-44.6762],[-65.6568,-44.677],[-65.6577,-44.6779],[-65.6596,-44.6797],[-65.6605,-44.6804],[-65.6619,-44.6821],[-65.6633,-44.6824],[-65.6635,-44.6833],[-65.6643,-44.6842],[-65.6648,-44.685],[-65.6661,-44.6857],[-65.6675,-44.6876],[-65.6682,-44.6888],[-65.6692,-44.6893],[-65.6702,-44.6908],[-65.6709,-44.6919],[-65.6707,-44.6931],[-65.6708,-44.6945],[-65.6713,-44.6957],[-65.6724,-44.6967],[-65.6741,-44.6974],[-65.677,-44.699],[-65.6791,-44.7004],[-65.6803,-44.7023],[-65.681,-44.7033],[-65.6828,-44.7046],[-65.684,-44.7064],[-65.6848,-44.708],[-65.686,-44.7096],[-65.688,-44.7122],[-65.6892,-44.7144],[-65.6904,-44.716],[-65.6917,-44.7181],[-65.6925,-44.7205],[-65.6933,-44.7227],[-65.6943,-44.7249],[-65.6953,-44.7281],[-65.696,-44.7306],[-65.6963,-44.7328],[-65.6967,-44.7345],[-65.697,-44.7373],[-65.6973,-44.7402],[-65.6966,-44.7442],[-65.696,-44.7469],[-65.6958,-44.7499],[-65.6956,-44.751],[-65.6955,-44.7533],[-65.695,-44.7561],[-65.695,-44.7583],[-65.6949,-44.7615],[-65.6953,-44.7627],[-65.6947,-44.7638],[-65.6946,-44.7653],[-65.6952,-44.7666],[-65.6946,-44.7683],[-65.6958,-44.7697],[-65.6964,-44.7707],[-65.6968,-44.7721],[-65.6976,-44.7738],[-65.698,-44.7757],[-65.699,-44.7783],[-65.699,-44.7807],[-65.699,-44.783],[-65.6983,-44.784],[-65.6975,-44.7848],[-65.6982,-44.7856],[-65.6995,-44.7857],[-65.7,-44.7869],[-65.7009,-44.7884],[-65.7018,-44.7896],[-65.7031,-44.7912],[-65.703,-44.7941],[-65.7029,-44.7952],[-65.7028,-44.7966],[-65.7032,-44.7976],[-65.7032,-44.7984],[-65.705,-44.799],[-65.7068,-44.7992],[-65.7087,-44.798],[-65.7102,-44.7979],[-65.7112,-44.7988],[-65.7131,-44.7993],[-65.7155,-44.7992],[-65.7167,-44.7999],[-65.7165,-44.8007],[-65.7176,-44.8012],[-65.7195,-44.8011],[-65.7204,-44.8019],[-65.7224,-44.8028],[-65.7235,-44.8043],[-65.7248,-44.8052],[-65.7268,-44.8052],[-65.7281,-44.8048],[-65.7287,-44.8062],[-65.7288,-44.8083],[-65.7288,-44.8095],[-65.7281,-44.8105],[-65.7285,-44.8124],[-65.729,-44.8145],[-65.7288,-44.8182],[-65.7285,-44.8196],[-65.7282,-44.8218],[-65.7282,-44.8228],[-65.7286,-44.8237],[-65.7276,-44.8254],[-65.7261,-44.8267],[-65.726,-44.8277],[-65.7254,-44.8295],[-65.7247,-44.8308],[-65.7234,-44.8312],[-65.7214,-44.8313],[-65.7207,-44.8324],[-65.7203,-44.8336],[-65.7197,-44.8354],[-65.72,-44.8362],[-65.7206,-44.8368],[-65.7215,-44.8366],[-65.7216,-44.8355],[-65.7234,-44.8353],[-65.7249,-44.8358],[-65.7269,-44.8366],[-65.7285,-44.8388],[-65.7291,-44.8405],[-65.7294,-44.8426],[-65.7293,-44.8442],[-65.7291,-44.8461],[-65.7274,-44.8485],[-65.7265,-44.8496],[-65.7255,-44.8507],[-65.7254,-44.8523],[-65.7247,-44.8538],[-65.7237,-44.855],[-65.7225,-44.8557],[-65.7215,-44.8563],[-65.7207,-44.8568],[-65.7197,-44.8572],[-65.7194,-44.858],[-65.7189,-44.8588],[-65.718,-44.8598],[-65.7167,-44.8609],[-65.7159,-44.8613],[-65.7158,-44.8623],[-65.7157,-44.8636],[-65.7155,-44.8649],[-65.715,-44.8661],[-65.7133,-44.8671],[-65.712,-44.868],[-65.7109,-44.8682],[-65.7098,-44.8682],[-65.7085,-44.8689],[-65.7078,-44.8698],[-65.7071,-44.8706],[-65.7061,-44.8718],[-65.7044,-44.8732],[-65.7032,-44.8732],[-65.7019,-44.8737],[-65.7009,-44.8741],[-65.6974,-44.8743],[-65.6959,-44.8739],[-65.6958,-44.8726],[-65.6957,-44.8712],[-65.6941,-44.8711],[-65.693,-44.8706],[-65.6921,-44.8703],[-65.6899,-44.8707],[-65.6886,-44.8714],[-65.6888,-44.8727],[-65.6883,-44.8741],[-65.6876,-44.8749],[-65.6884,-44.8766],[-65.6876,-44.8777],[-65.6861,-44.878],[-65.6852,-44.8774],[-65.6835,-44.8762],[-65.6819,-44.8773],[-65.6808,-44.8776],[-65.68,-44.8771],[-65.6794,-44.8765],[-65.6775,-44.8763],[-65.675,-44.8765],[-65.6746,-44.8777],[-65.6746,-44.8785],[-65.673,-44.8788],[-65.6708,-44.8786],[-65.6704,-44.8793],[-65.671,-44.88],[-65.6713,-44.881],[-65.6722,-44.8807],[-65.6733,-44.8813],[-65.6731,-44.8823],[-65.6729,-44.8831],[-65.6719,-44.884],[-65.6709,-44.8841],[-65.6696,-44.885],[-65.6692,-44.8858],[-65.6683,-44.8859],[-65.6673,-44.8868],[-65.6662,-44.887],[-65.666,-44.8876],[-65.6648,-44.8877],[-65.6625,-44.8879],[-65.6618,-44.8866],[-65.6612,-44.8857],[-65.6596,-44.8855],[-65.6605,-44.8867],[-65.6604,-44.8876],[-65.6591,-44.888],[-65.6574,-44.888],[-65.6558,-44.888],[-65.6534,-44.8883],[-65.652,-44.8877],[-65.6515,-44.8867],[-65.6518,-44.886],[-65.6511,-44.8855],[-65.6499,-44.8859],[-65.649,-44.8858],[-65.6477,-44.8854],[-65.6462,-44.885],[-65.6451,-44.8841],[-65.6443,-44.8837],[-65.6438,-44.8829],[-65.6422,-44.8825],[-65.6409,-44.8825],[-65.6397,-44.8827],[-65.6389,-44.8814],[-65.6378,-44.8814],[-65.6364,-44.8812],[-65.6349,-44.8809],[-65.6344,-44.8814],[-65.6342,-44.8823],[-65.6351,-44.8828],[-65.6354,-44.8835],[-65.6347,-44.884],[-65.6337,-44.8842],[-65.6325,-44.8843],[-65.6321,-44.883],[-65.6321,-44.8822],[-65.6309,-44.8815],[-65.6302,-44.8822],[-65.6293,-44.8814],[-65.6283,-44.8817],[-65.6275,-44.8821],[-65.6271,-44.8833],[-65.6271,-44.8841],[-65.627,-44.885],[-65.627,-44.8859],[-65.6274,-44.8866],[-65.6267,-44.8871],[-65.6256,-44.8878],[-65.6238,-44.8882],[-65.6244,-44.8873],[-65.6242,-44.8866],[-65.6233,-44.8863],[-65.6234,-44.8851],[-65.6239,-44.8842],[-65.6235,-44.8834],[-65.6222,-44.8833],[-65.62,-44.8833],[-65.6185,-44.884],[-65.6176,-44.8847],[-65.6164,-44.8851],[-65.6159,-44.8863],[-65.6161,-44.8872],[-65.6163,-44.8878],[-65.6156,-44.8885],[-65.6145,-44.8877],[-65.6141,-44.887],[-65.6133,-44.8874],[-65.6121,-44.8887],[-65.6114,-44.8894],[-65.6105,-44.8897],[-65.6096,-44.8903],[-65.609,-44.891],[-65.6089,-44.8917],[-65.6079,-44.893],[-65.6077,-44.8938],[-65.6076,-44.8945],[-65.6078,-44.8951],[-65.6068,-44.8953],[-65.6057,-44.8956],[-65.6041,-44.8958],[-65.6033,-44.8962],[-65.6026,-44.8968],[-65.6027,-44.8978],[-65.6027,-44.8985],[-65.6033,-44.8989],[-65.604,-44.9001],[-65.6046,-44.9005],[-65.6061,-44.9],[-65.607,-44.9008],[-65.6077,-44.9013],[-65.6077,-44.9022],[-65.6078,-44.9032],[-65.6079,-44.9039],[-65.6077,-44.9046],[-65.6073,-44.9052],[-65.6062,-44.906],[-65.6052,-44.9057],[-65.604,-44.9051],[-65.6034,-44.9046],[-65.6014,-44.9045],[-65.6001,-44.9045],[-65.5988,-44.9049],[-65.5987,-44.9035],[-65.5988,-44.9023],[-65.5986,-44.901],[-65.5975,-44.9003],[-65.5956,-44.9003],[-65.5938,-44.9006],[-65.5918,-44.8997],[-65.592,-44.8988],[-65.5929,-44.8985],[-65.5935,-44.8975],[-65.593,-44.8966],[-65.5927,-44.8955],[-65.5931,-44.8944],[-65.5921,-44.8943],[-65.5912,-44.8945],[-65.5904,-44.8939],[-65.5897,-44.8935],[-65.5887,-44.894],[-65.5873,-44.8941],[-65.5867,-44.8935],[-65.5857,-44.8932],[-65.5846,-44.893],[-65.5835,-44.8928],[-65.5826,-44.8922],[-65.5812,-44.8921],[-65.5802,-44.8924],[-65.5803,-44.8935],[-65.5793,-44.8941],[-65.5782,-44.8944],[-65.5765,-44.8941],[-65.5762,-44.8933],[-65.5748,-44.8927],[-65.5734,-44.8928],[-65.5724,-44.8935],[-65.5721,-44.8942],[-65.5711,-44.8952],[-65.5704,-44.8961],[-65.5703,-44.8968],[-65.572,-44.8971],[-65.5726,-44.8984],[-65.5725,-44.8994],[-65.5733,-44.9002],[-65.5747,-44.9007],[-65.5758,-44.9007],[-65.5757,-44.9017],[-65.575,-44.9029],[-65.575,-44.9037],[-65.5735,-44.9049],[-65.5749,-44.9058],[-65.575,-44.9065],[-65.5749,-44.9072],[-65.574,-44.9072],[-65.5723,-44.907],[-65.5722,-44.9077],[-65.5712,-44.9087],[-65.5701,-44.9086],[-65.5706,-44.9074],[-65.5707,-44.9066],[-65.5712,-44.9061],[-65.5712,-44.9054],[-65.5718,-44.9045],[-65.5729,-44.9036],[-65.5728,-44.9029],[-65.5709,-44.9026],[-65.5703,-44.902],[-65.5697,-44.9015],[-65.5707,-44.9004],[-65.5691,-44.8994],[-65.5682,-44.9001],[-65.5679,-44.9008],[-65.5666,-44.901],[-65.5655,-44.9007],[-65.5641,-44.9003],[-65.563,-44.9003],[-65.5606,-44.9011],[-65.561,-44.9019],[-65.5619,-44.902],[-65.5632,-44.9023],[-65.5633,-44.903],[-65.5633,-44.9037],[-65.5623,-44.9036],[-65.5612,-44.9039],[-65.5601,-44.9038],[-65.5579,-44.9035],[-65.5578,-44.9044],[-65.5578,-44.9056],[-65.5577,-44.9068],[-65.5567,-44.9072],[-65.5567,-44.9079],[-65.5571,-44.9085],[-65.5575,-44.9096],[-65.556,-44.9094],[-65.5552,-44.9087],[-65.5541,-44.9089],[-65.5537,-44.9078],[-65.5536,-44.9071],[-65.553,-44.9064],[-65.5515,-44.9066],[-65.5513,-44.9076],[-65.5502,-44.9084],[-65.5501,-44.9093],[-65.5494,-44.9099],[-65.5472,-44.91],[-65.5473,-44.9092],[-65.5463,-44.9088],[-65.5454,-44.9084],[-65.5455,-44.9075],[-65.5443,-44.9076],[-65.5443,-44.9085],[-65.5446,-44.9095],[-65.5439,-44.9102],[-65.5429,-44.9104],[-65.5419,-44.9108],[-65.5414,-44.9117],[-65.5405,-44.912],[-65.5392,-44.9123],[-65.5381,-44.9123],[-65.5381,-44.9136],[-65.536,-44.9147],[-65.5355,-44.9157],[-65.5359,-44.9163],[-65.5373,-44.9167],[-65.5366,-44.9174],[-65.5347,-44.9179],[-65.5339,-44.9187],[-65.5323,-44.919],[-65.5308,-44.9195],[-65.5291,-44.9196],[-65.5281,-44.9201],[-65.5276,-44.9208],[-65.5264,-44.9213],[-65.5254,-44.9222],[-65.5246,-44.9237],[-65.5239,-44.9245],[-65.5227,-44.9252],[-65.5209,-44.9259],[-65.523,-44.9262],[-65.524,-44.9256],[-65.5258,-44.9257],[-65.527,-44.9245],[-65.5288,-44.9241],[-65.5313,-44.924],[-65.5303,-44.9249],[-65.5287,-44.9256],[-65.5304,-44.9265],[-65.532,-44.9269],[-65.5347,-44.9266],[-65.5355,-44.9261],[-65.5369,-44.9263],[-65.5388,-44.9259],[-65.5409,-44.9253],[-65.5417,-44.9259],[-65.5416,-44.9265],[-65.5406,-44.9274],[-65.5396,-44.9286],[-65.5385,-44.9293],[-65.5376,-44.9298],[-65.5365,-44.9303],[-65.5347,-44.9308],[-65.5358,-44.932],[-65.5374,-44.9318],[-65.5366,-44.9331],[-65.5368,-44.9338],[-65.5369,-44.9346],[-65.5392,-44.9347],[-65.5411,-44.9359],[-65.542,-44.9359],[-65.5438,-44.9356],[-65.5451,-44.9352],[-65.5445,-44.9362],[-65.5432,-44.9368],[-65.5422,-44.9376],[-65.5433,-44.9377],[-65.5442,-44.9373],[-65.5453,-44.9372],[-65.5462,-44.9369],[-65.5463,-44.9357],[-65.5473,-44.9356],[-65.5487,-44.9356],[-65.5488,-44.9364],[-65.5487,-44.9373],[-65.5499,-44.9374],[-65.5511,-44.9374],[-65.5516,-44.9368],[-65.5528,-44.9362],[-65.554,-44.9367],[-65.5546,-44.9373],[-65.5546,-44.9381],[-65.5537,-44.9385],[-65.5537,-44.9394],[-65.5508,-44.94],[-65.55,-44.9406],[-65.5517,-44.9416],[-65.5527,-44.9424],[-65.5541,-44.9428],[-65.5549,-44.9424],[-65.5561,-44.9418],[-65.5567,-44.9425],[-65.5566,-44.9432],[-65.5571,-44.944],[-65.5573,-44.9447],[-65.5583,-44.9452],[-65.5585,-44.9458],[-65.5588,-44.9473],[-65.5597,-44.9472],[-65.5603,-44.9461],[-65.5624,-44.9465],[-65.5637,-44.947],[-65.5653,-44.9471],[-65.5655,-44.9481],[-65.565,-44.9491],[-65.5634,-44.9499],[-65.5625,-44.9508],[-65.5631,-44.9513],[-65.5645,-44.9513],[-65.5652,-44.9509],[-65.5652,-44.9502],[-65.567,-44.9504],[-65.5681,-44.9497],[-65.5694,-44.9498],[-65.5706,-44.9501],[-65.5699,-44.951],[-65.568,-44.9521],[-65.5687,-44.9527],[-65.569,-44.9534],[-65.5691,-44.9545],[-65.5683,-44.9548],[-65.5673,-44.9552],[-65.5681,-44.9558],[-65.5693,-44.9558],[-65.5702,-44.9565],[-65.5696,-44.9571],[-65.5707,-44.9575],[-65.5718,-44.957],[-65.5732,-44.9581],[-65.5741,-44.9585],[-65.5753,-44.9587],[-65.5768,-44.9584],[-65.5769,-44.9573],[-65.5779,-44.9559],[-65.5797,-44.9555],[-65.5807,-44.9558],[-65.5813,-44.9564],[-65.5816,-44.9572],[-65.5826,-44.957],[-65.5839,-44.9563],[-65.5853,-44.9556],[-65.5869,-44.9555],[-65.5884,-44.9555],[-65.5892,-44.955],[-65.5902,-44.9543],[-65.5915,-44.954],[-65.5926,-44.9541],[-65.5938,-44.9543],[-65.5949,-44.955],[-65.5948,-44.9559],[-65.5941,-44.9577],[-65.5934,-44.9589],[-65.5926,-44.9598],[-65.592,-44.9607],[-65.5931,-44.962],[-65.594,-44.9625],[-65.5955,-44.9626],[-65.5973,-44.9624],[-65.5983,-44.9623],[-65.5992,-44.9622],[-65.6004,-44.9628],[-65.6012,-44.9639],[-65.6013,-44.9651],[-65.6005,-44.9654],[-65.5991,-44.9662],[-65.5977,-44.9672],[-65.597,-44.9684],[-65.5958,-44.969],[-65.5933,-44.9693],[-65.594,-44.9699],[-65.5959,-44.9698],[-65.5975,-44.9694],[-65.5993,-44.9694],[-65.6008,-44.9685],[-65.6017,-44.9677],[-65.6036,-44.9685],[-65.6048,-44.9697],[-65.6066,-44.9715],[-65.6067,-44.9728],[-65.6069,-44.9743],[-65.6061,-44.9752],[-65.606,-44.9761],[-65.6061,-44.9773],[-65.6065,-44.9783],[-65.6063,-44.9797],[-65.6059,-44.9809],[-65.604,-44.9829],[-65.6029,-44.9835],[-65.6011,-44.9844],[-65.5999,-44.9851],[-65.5999,-44.9858],[-65.5992,-44.9867],[-65.5975,-44.9866],[-65.5962,-44.9859],[-65.5926,-44.9861],[-65.5913,-44.9862],[-65.5905,-44.9865],[-65.5901,-44.9875],[-65.5902,-44.9885],[-65.5918,-44.9887],[-65.5933,-44.9899],[-65.5937,-44.9912],[-65.5933,-44.9927],[-65.5915,-44.9934],[-65.5904,-44.9934],[-65.5895,-44.9932],[-65.588,-44.9939],[-65.5881,-44.9945],[-65.5868,-44.9953],[-65.5853,-44.9958],[-65.5845,-44.9962],[-65.585,-44.997],[-65.5849,-44.9982],[-65.5848,-44.9989],[-65.584,-44.9997],[-65.5851,-45.0002],[-65.5864,-44.9999],[-65.5875,-45.0014],[-65.5865,-45.0024],[-65.5857,-45.0033],[-65.5849,-45.0039],[-65.5871,-45.0044],[-65.5886,-45.0043],[-65.592,-45.0034],[-65.5934,-45.0035],[-65.5961,-45.0019],[-65.5985,-45.0018],[-65.601,-45.001],[-65.6033,-45.0011],[-65.6044,-45.0006],[-65.6053,-45.0011],[-65.6053,-45.0021],[-65.6065,-45.0031],[-65.6062,-45.0019],[-65.6063,-45.0008],[-65.6066,-45.0002],[-65.6085,-45.0002],[-65.6103,-44.9995],[-65.6107,-44.9982],[-65.6114,-44.9973],[-65.6143,-44.9969],[-65.6176,-44.9976],[-65.6199,-44.9989],[-65.6223,-45.0002],[-65.6237,-45.0013],[-65.6255,-45.0037],[-65.626,-45.006],[-65.6262,-45.0074],[-65.6241,-45.0076],[-65.6211,-45.0085],[-65.62,-45.0097],[-65.6192,-45.0106],[-65.6199,-45.0115],[-65.6209,-45.0116],[-65.6213,-45.0128],[-65.62,-45.013],[-65.6178,-45.0134],[-65.6169,-45.0138],[-65.6163,-45.0146],[-65.6139,-45.0134],[-65.6119,-45.0139],[-65.6102,-45.0147],[-65.6094,-45.0165],[-65.6084,-45.0162],[-65.6071,-45.0167],[-65.6062,-45.018],[-65.6057,-45.0191],[-65.6044,-45.02],[-65.6056,-45.0204],[-65.6054,-45.0213],[-65.605,-45.022],[-65.6045,-45.0227],[-65.6037,-45.0233],[-65.6028,-45.024],[-65.604,-45.0241],[-65.6057,-45.0244],[-65.6069,-45.0232],[-65.608,-45.023],[-65.6092,-45.0234],[-65.6095,-45.0241],[-65.6087,-45.0248],[-65.608,-45.0259],[-65.6075,-45.0265],[-65.6079,-45.0272],[-65.6092,-45.0272],[-65.6106,-45.0266],[-65.6124,-45.0261],[-65.6127,-45.0268],[-65.6125,-45.0277],[-65.6127,-45.0283],[-65.6127,-45.0296],[-65.6113,-45.0305],[-65.6127,-45.031],[-65.6148,-45.0312],[-65.6164,-45.0305],[-65.6171,-45.0296],[-65.6187,-45.0292],[-65.6197,-45.0297],[-65.6189,-45.031],[-65.6192,-45.0325],[-65.6204,-45.0327],[-65.6219,-45.0322],[-65.6228,-45.0324],[-65.6234,-45.0329],[-65.6247,-45.0333],[-65.6256,-45.0333],[-65.6257,-45.034],[-65.6263,-45.0345],[-65.6272,-45.034],[-65.6276,-45.0347],[-65.6287,-45.0354],[-65.6297,-45.0344],[-65.6307,-45.0338],[-65.6319,-45.034],[-65.6329,-45.0335],[-65.6336,-45.0328],[-65.6344,-45.0324],[-65.6368,-45.0321],[-65.6379,-45.0327],[-65.6383,-45.0333],[-65.6381,-45.0344],[-65.6368,-45.0348],[-65.638,-45.0359],[-65.6379,-45.0368],[-65.639,-45.0373],[-65.6401,-45.0372],[-65.6419,-45.0372],[-65.6433,-45.0377],[-65.6441,-45.0381],[-65.6445,-45.0392],[-65.6446,-45.0403],[-65.6443,-45.0413],[-65.646,-45.0421],[-65.6474,-45.0427],[-65.6472,-45.0436],[-65.6468,-45.045],[-65.6466,-45.0463],[-65.6461,-45.0471],[-65.6476,-45.0474],[-65.6482,-45.0468],[-65.6491,-45.0463],[-65.6496,-45.0456],[-65.6504,-45.046],[-65.6516,-45.0456],[-65.6524,-45.0447],[-65.6537,-45.0443],[-65.6537,-45.0433],[-65.6543,-45.0425],[-65.6543,-45.0416],[-65.6534,-45.0417],[-65.6523,-45.0417],[-65.6512,-45.0409],[-65.6509,-45.0398],[-65.6513,-45.0389],[-65.6528,-45.0385],[-65.6536,-45.038],[-65.6532,-45.037],[-65.654,-45.0365],[-65.6548,-45.0361],[-65.6562,-45.0359],[-65.6577,-45.0361],[-65.6582,-45.0372],[-65.6592,-45.0376],[-65.6593,-45.0386],[-65.6592,-45.0397],[-65.6601,-45.04],[-65.6606,-45.0405],[-65.6613,-45.0409],[-65.6622,-45.0406],[-65.6633,-45.0405],[-65.6657,-45.0393],[-65.667,-45.0393],[-65.6677,-45.0402],[-65.6684,-45.0395],[-65.6697,-45.0395],[-65.6708,-45.0395],[-65.6717,-45.0402],[-65.6721,-45.0411],[-65.6742,-45.0408],[-65.6749,-45.0401],[-65.676,-45.0395],[-65.6766,-45.039],[-65.6784,-45.0393],[-65.6787,-45.0379],[-65.6801,-45.038],[-65.6821,-45.0378],[-65.6838,-45.0368],[-65.6842,-45.0355],[-65.6831,-45.0347],[-65.682,-45.0344],[-65.683,-45.0339],[-65.6835,-45.0331],[-65.6834,-45.0319],[-65.6823,-45.0321],[-65.6808,-45.0317],[-65.6799,-45.0307],[-65.6799,-45.0294],[-65.6801,-45.0287],[-65.6799,-45.028],[-65.6791,-45.0275],[-65.679,-45.0262],[-65.6773,-45.0256],[-65.6789,-45.0253],[-65.6803,-45.0261],[-65.6815,-45.0265],[-65.6826,-45.0272],[-65.6821,-45.028],[-65.6819,-45.0289],[-65.6815,-45.0296],[-65.6818,-45.0308],[-65.6837,-45.0308],[-65.6848,-45.0305],[-65.6853,-45.032],[-65.6853,-45.0332],[-65.6854,-45.034],[-65.6863,-45.0343],[-65.6867,-45.0358],[-65.6861,-45.0372],[-65.686,-45.0379],[-65.6877,-45.0377],[-65.689,-45.037],[-65.6903,-45.0367],[-65.6921,-45.0378],[-65.6934,-45.0385],[-65.6946,-45.0392],[-65.6955,-45.0403],[-65.6962,-45.0414],[-65.6976,-45.0422],[-65.6985,-45.043],[-65.6986,-45.0447],[-65.698,-45.0458],[-65.6961,-45.0461],[-65.6942,-45.0458],[-65.6923,-45.0465],[-65.6922,-45.0474],[-65.6923,-45.0484],[-65.6915,-45.0494],[-65.6908,-45.0506],[-65.6888,-45.0523],[-65.687,-45.053],[-65.6855,-45.0542],[-65.6854,-45.055],[-65.6867,-45.0555],[-65.6886,-45.0555],[-65.6891,-45.0549],[-65.6905,-45.0548],[-65.6895,-45.0557],[-65.6888,-45.0564],[-65.6891,-45.0575],[-65.6891,-45.0582],[-65.69,-45.059],[-65.6912,-45.0591],[-65.693,-45.0589],[-65.6934,-45.0579],[-65.6944,-45.0573],[-65.6961,-45.0565],[-65.6973,-45.056],[-65.6986,-45.055],[-65.6982,-45.0538],[-65.6986,-45.0529],[-65.6994,-45.0526],[-65.701,-45.052],[-65.7012,-45.0506],[-65.7018,-45.0496],[-65.7031,-45.0492],[-65.7018,-45.0484],[-65.7011,-45.0477],[-65.7,-45.0473],[-65.7,-45.0454],[-65.7007,-45.0439],[-65.702,-45.0423],[-65.7045,-45.0413],[-65.7075,-45.0411],[-65.7105,-45.041],[-65.7133,-45.0416],[-65.715,-45.0425],[-65.7163,-45.0425],[-65.7176,-45.0419],[-65.7197,-45.0419],[-65.7213,-45.0413],[-65.7226,-45.0407],[-65.7233,-45.0398],[-65.7233,-45.0388],[-65.7247,-45.0379],[-65.7261,-45.0383],[-65.7276,-45.0387],[-65.7296,-45.0384],[-65.7296,-45.0371],[-65.7318,-45.0371],[-65.7326,-45.0375],[-65.7342,-45.0373],[-65.7353,-45.0372],[-65.7366,-45.0368],[-65.737,-45.0356],[-65.7378,-45.035],[-65.7385,-45.0343],[-65.7365,-45.033],[-65.7359,-45.0322],[-65.7351,-45.0307],[-65.7362,-45.0307],[-65.7374,-45.031],[-65.7384,-45.0308],[-65.738,-45.0296],[-65.7377,-45.0286],[-65.737,-45.028],[-65.7358,-45.0283],[-65.7344,-45.0285],[-65.7334,-45.0272],[-65.7333,-45.026],[-65.7344,-45.0236],[-65.7371,-45.0224],[-65.7408,-45.0212],[-65.7445,-45.021],[-65.7472,-45.021],[-65.7516,-45.021],[-65.7538,-45.0215],[-65.757,-45.0215],[-65.7588,-45.0209],[-65.7615,-45.0203],[-65.7628,-45.0201],[-65.7643,-45.0195],[-65.7664,-45.0186],[-65.768,-45.0181],[-65.7713,-45.0181],[-65.7719,-45.0193],[-65.772,-45.0202],[-65.7737,-45.0202],[-65.7744,-45.0196],[-65.7753,-45.0184],[-65.775,-45.0168],[-65.7761,-45.0167],[-65.7772,-45.0168],[-65.778,-45.0176],[-65.7779,-45.0186],[-65.7777,-45.0197],[-65.7774,-45.0204],[-65.7773,-45.0211],[-65.7784,-45.0218],[-65.7788,-45.0228],[-65.7794,-45.0235],[-65.78,-45.0242],[-65.7813,-45.0233],[-65.782,-45.0228],[-65.7825,-45.0217],[-65.7844,-45.0214],[-65.786,-45.0219],[-65.7858,-45.0227],[-65.785,-45.0234],[-65.7861,-45.0236],[-65.7875,-45.023],[-65.7887,-45.0238],[-65.7893,-45.0248],[-65.7893,-45.0256],[-65.7906,-45.0252],[-65.7918,-45.024],[-65.7912,-45.0224],[-65.793,-45.0222],[-65.7935,-45.0205],[-65.7934,-45.0193],[-65.7946,-45.0187],[-65.7958,-45.0201],[-65.7967,-45.0202],[-65.7976,-45.0211],[-65.7987,-45.0216],[-65.7995,-45.0208],[-65.8002,-45.0197],[-65.8016,-45.0188],[-65.8021,-45.0178],[-65.801,-45.0175],[-65.8022,-45.0159],[-65.804,-45.0155],[-65.8042,-45.0147],[-65.8049,-45.0133],[-65.8083,-45.0124],[-65.8112,-45.013],[-65.8132,-45.0141],[-65.8148,-45.0152],[-65.8161,-45.0164],[-65.8165,-45.0179],[-65.817,-45.0199],[-65.8165,-45.0217],[-65.8154,-45.0236],[-65.8132,-45.0253],[-65.8113,-45.0255],[-65.8098,-45.025],[-65.8097,-45.0238],[-65.8076,-45.0234],[-65.8057,-45.0234],[-65.8041,-45.0242],[-65.8031,-45.0254],[-65.803,-45.0263],[-65.8026,-45.0276],[-65.8028,-45.0284],[-65.8037,-45.0289],[-65.8055,-45.0282],[-65.8059,-45.0291],[-65.8067,-45.0298],[-65.8072,-45.0291],[-65.8084,-45.0298],[-65.8092,-45.0303],[-65.8102,-45.0308],[-65.8115,-45.0317],[-65.812,-45.0326],[-65.8133,-45.0331],[-65.814,-45.0341],[-65.8153,-45.0346],[-65.8168,-45.0351],[-65.8176,-45.0361],[-65.8193,-45.037],[-65.8206,-45.0381],[-65.8237,-45.037],[-65.825,-45.036],[-65.8271,-45.036],[-65.8293,-45.0358],[-65.8291,-45.0344],[-65.8294,-45.0337],[-65.8279,-45.0336],[-65.8278,-45.0326],[-65.8292,-45.0321],[-65.8313,-45.032],[-65.8338,-45.0322],[-65.8338,-45.0313],[-65.8325,-45.0303],[-65.8306,-45.0299],[-65.8287,-45.0289],[-65.8284,-45.0275],[-65.827,-45.0262],[-65.8264,-45.0247],[-65.8251,-45.024],[-65.8247,-45.022],[-65.8259,-45.0195],[-65.8268,-45.0182],[-65.8272,-45.0167],[-65.8268,-45.016],[-65.825,-45.016],[-65.824,-45.0148],[-65.8247,-45.0133],[-65.8256,-45.0114],[-65.8271,-45.0101],[-65.8282,-45.0098],[-65.8294,-45.0088],[-65.8291,-45.008],[-65.8298,-45.0072],[-65.8326,-45.0054],[-65.8349,-45.0045],[-65.8366,-45.0039],[-65.8395,-45.0038],[-65.8402,-45.0028],[-65.8415,-45.0021],[-65.8431,-45.0006],[-65.8465,-44.9995],[-65.8501,-44.999],[-65.8543,-44.999],[-65.8592,-44.9998],[-65.8619,-45.0005],[-65.8631,-45.0009],[-65.8645,-45.0012],[-65.8663,-45.0013],[-65.8677,-45.0014],[-65.8696,-45.0013],[-65.8717,-45.0005],[-65.873,-44.9994],[-65.8743,-44.9995],[-65.8762,-44.9999],[-65.8788,-45.0007],[-65.8802,-45.0012],[-65.8824,-45.0016],[-65.8835,-45.0019],[-65.8865,-45.0026],[-65.8888,-45.0032],[-65.8907,-45.0042],[-65.8922,-45.0046],[-65.8941,-45.0059],[-65.8949,-45.0072],[-65.8958,-45.0086],[-65.8961,-45.0101],[-65.8959,-45.0112],[-65.8948,-45.0123],[-65.8934,-45.013],[-65.8927,-45.014],[-65.8915,-45.0152],[-65.8908,-45.0159],[-65.8909,-45.0168],[-65.8923,-45.0174],[-65.8939,-45.0185],[-65.894,-45.0191],[-65.8941,-45.02],[-65.8939,-45.0213],[-65.8924,-45.0228],[-65.8914,-45.0231],[-65.8902,-45.0242],[-65.8891,-45.025],[-65.8873,-45.0249],[-65.8857,-45.0259],[-65.8858,-45.0266],[-65.8864,-45.0274],[-65.8869,-45.0279],[-65.8868,-45.0291],[-65.8874,-45.0301],[-65.887,-45.0313],[-65.8861,-45.0324],[-65.8866,-45.0334],[-65.8865,-45.0347],[-65.8871,-45.0357],[-65.8883,-45.0363],[-65.8904,-45.0357],[-65.8921,-45.0355],[-65.8941,-45.0356],[-65.8935,-45.0345],[-65.894,-45.0335],[-65.8945,-45.0325],[-65.8955,-45.0318],[-65.8968,-45.0318],[-65.8977,-45.0323],[-65.8988,-45.0323],[-65.8998,-45.0318],[-65.9005,-45.0307],[-65.9023,-45.0297],[-65.9042,-45.0299],[-65.9054,-45.0304],[-65.9062,-45.0313],[-65.9074,-45.0314],[-65.9095,-45.031],[-65.9105,-45.0308],[-65.9105,-45.0299],[-65.9112,-45.0291],[-65.9134,-45.029],[-65.915,-45.029],[-65.9167,-45.0302],[-65.9182,-45.0316],[-65.9194,-45.0326],[-65.9197,-45.0334],[-65.92,-45.0343],[-65.9199,-45.0356],[-65.9212,-45.0356],[-65.9223,-45.0362],[-65.9235,-45.0376],[-65.924,-45.0383],[-65.9245,-45.0393],[-65.9241,-45.0402],[-65.9247,-45.0408],[-65.9263,-45.0416],[-65.9277,-45.0417],[-65.9282,-45.0432],[-65.9298,-45.0436],[-65.9312,-45.0436],[-65.9315,-45.0443],[-65.9314,-45.0452],[-65.9317,-45.046],[-65.9331,-45.0461],[-65.9344,-45.0463],[-65.9367,-45.0458],[-65.9379,-45.046],[-65.9386,-45.0452],[-65.939,-45.0443],[-65.9406,-45.0433],[-65.9422,-45.0429],[-65.9447,-45.0416],[-65.9458,-45.0402],[-65.9486,-45.0398],[-65.9498,-45.0403],[-65.9509,-45.0401],[-65.9522,-45.0407],[-65.9533,-45.0408],[-65.9544,-45.0404],[-65.9553,-45.0404],[-65.9563,-45.0404],[-65.9572,-45.041],[-65.9582,-45.0413],[-65.9591,-45.0407],[-65.9606,-45.0404],[-65.9619,-45.0403],[-65.9628,-45.0402],[-65.964,-45.0392],[-65.9645,-45.0381],[-65.9656,-45.0364],[-65.9664,-45.0348],[-65.9676,-45.0339],[-65.9686,-45.0333],[-65.9711,-45.033],[-65.9725,-45.0306],[-65.9756,-45.0273],[-65.9777,-45.0252],[-65.9784,-45.0243],[-65.9797,-45.023],[-65.9804,-45.0218],[-65.9829,-45.0202],[-65.9849,-45.0185],[-65.9859,-45.018],[-65.9861,-45.0163],[-65.9878,-45.0151],[-65.9891,-45.0135],[-65.9911,-45.0117],[-65.9933,-45.0101],[-65.9962,-45.0083],[-65.9988,-45.0066],[-66.0021,-45.0046],[-66.0052,-45.0031],[-66.0077,-45.0031],[-66.0091,-45.0037],[-66.0117,-45.0032],[-66.0151,-45.0026],[-66.0162,-45.0019],[-66.0175,-45.0023],[-66.018,-45.0011],[-66.0171,-45.0003],[-66.0181,-44.9986],[-66.0191,-44.9973],[-66.0197,-44.9962],[-66.02,-44.995],[-66.0203,-44.9933],[-66.0212,-44.9936],[-66.0218,-44.9949],[-66.0224,-44.9965],[-66.0216,-44.998],[-66.0208,-44.9987],[-66.0209,-44.9996],[-66.0212,-45.0005],[-66.0231,-45.0002],[-66.0257,-44.9998],[-66.0279,-44.9998],[-66.0297,-44.9992],[-66.0316,-44.9988],[-66.0322,-44.9994],[-66.0333,-44.9999],[-66.0345,-45.0002],[-66.0361,-45],[-66.0382,-45.0001],[-66.0399,-45.0003],[-66.0415,-45],[-66.0423,-44.9992],[-66.0422,-44.9984],[-66.0432,-44.9976],[-66.045,-44.9979],[-66.0459,-44.998],[-66.0465,-44.9989],[-66.0478,-44.9989],[-66.0498,-44.9982],[-66.0519,-44.9989],[-66.0526,-44.9999],[-66.0539,-45.0005],[-66.0559,-45.0009],[-66.0579,-45.0012],[-66.0605,-45.0008],[-66.0621,-45.0008],[-66.0622,-44.9994],[-66.0627,-44.9984],[-66.0627,-44.9972],[-66.0617,-44.9961],[-66.0606,-44.9959],[-66.059,-44.9954],[-66.0596,-44.9937],[-66.0606,-44.9924],[-66.0621,-44.9914],[-66.0651,-44.9912],[-66.067,-44.9917],[-66.0671,-44.9926],[-66.0677,-44.9938],[-66.0681,-44.9946],[-66.0691,-44.9944],[-66.0705,-44.994],[-66.0699,-44.993],[-66.0701,-44.9922],[-66.071,-44.9916],[-66.0705,-44.9911],[-66.0707,-44.9902],[-66.0719,-44.9881],[-66.0729,-44.9883],[-66.074,-44.9876],[-66.0756,-44.9874],[-66.0759,-44.9881],[-66.0747,-44.9887],[-66.0763,-44.9889],[-66.0777,-44.9891],[-66.0787,-44.9891],[-66.0786,-44.988],[-66.0797,-44.9875],[-66.0815,-44.9871],[-66.0832,-44.9878],[-66.0839,-44.9889],[-66.0835,-44.9902],[-66.0819,-44.9918],[-66.0818,-44.9925],[-66.0824,-44.9935],[-66.0837,-44.994],[-66.0862,-44.9941],[-66.0883,-44.993],[-66.0894,-44.9927],[-66.0914,-44.9925],[-66.0925,-44.9913],[-66.0916,-44.9898],[-66.0917,-44.9886],[-66.0929,-44.9879],[-66.0955,-44.9865],[-66.0974,-44.9862],[-66.1001,-44.986],[-66.1026,-44.9864],[-66.1043,-44.9866],[-66.1056,-44.9874],[-66.1059,-44.9865],[-66.1073,-44.9853],[-66.1087,-44.985],[-66.1103,-44.984],[-66.1123,-44.9833],[-66.115,-44.9831],[-66.1177,-44.9828],[-66.1201,-44.9828],[-66.1213,-44.9834],[-66.1224,-44.9843],[-66.1241,-44.9851],[-66.1255,-44.9855],[-66.126,-44.9844],[-66.1267,-44.9835],[-66.1283,-44.9828],[-66.1299,-44.9827],[-66.1318,-44.9832],[-66.1327,-44.984],[-66.1333,-44.9849],[-66.1342,-44.9852],[-66.1371,-44.9848],[-66.1386,-44.9853],[-66.1402,-44.9858],[-66.1406,-44.9869],[-66.1424,-44.9869],[-66.1443,-44.9869],[-66.1442,-44.9857],[-66.1436,-44.9847],[-66.1444,-44.9841],[-66.1454,-44.9836],[-66.147,-44.9836],[-66.1477,-44.9844],[-66.1485,-44.9848],[-66.1484,-44.986],[-66.1482,-44.9869],[-66.1473,-44.9869],[-66.1453,-44.9876],[-66.1442,-44.9881],[-66.1448,-44.9887],[-66.1475,-44.9886],[-66.1491,-44.9886],[-66.1496,-44.988],[-66.1506,-44.9876],[-66.152,-44.9881],[-66.1515,-44.9887],[-66.1511,-44.9896],[-66.1504,-44.9906],[-66.153,-44.9903],[-66.154,-44.9896],[-66.1559,-44.9887],[-66.1572,-44.9881],[-66.1583,-44.9874],[-66.1584,-44.9867],[-66.1588,-44.9852],[-66.1602,-44.9842],[-66.1598,-44.9833],[-66.1596,-44.9822],[-66.1604,-44.981],[-66.1618,-44.9807],[-66.1637,-44.9807],[-66.1653,-44.9811],[-66.1662,-44.982],[-66.167,-44.9828],[-66.1671,-44.9837],[-66.1678,-44.9846],[-66.1673,-44.9855],[-66.167,-44.9862],[-66.1667,-44.9872],[-66.1684,-44.9881],[-66.1695,-44.9887],[-66.1706,-44.9897],[-66.1718,-44.9904],[-66.1716,-44.9916],[-66.1705,-44.9919],[-66.1689,-44.9919],[-66.1693,-44.993],[-66.1717,-44.9929],[-66.173,-44.9932],[-66.1732,-44.9939],[-66.1724,-44.995],[-66.1723,-44.9959],[-66.1735,-44.9956],[-66.1743,-44.995],[-66.1742,-44.9937],[-66.1742,-44.9928],[-66.1751,-44.9922],[-66.1757,-44.9915],[-66.1758,-44.9899],[-66.1769,-44.9894],[-66.1792,-44.9893],[-66.1792,-44.9877],[-66.1763,-44.9871],[-66.1771,-44.9861],[-66.1775,-44.9853],[-66.1788,-44.9845],[-66.18,-44.9845],[-66.1811,-44.9846],[-66.1825,-44.9833],[-66.1848,-44.9815],[-66.1894,-44.9801],[-66.1923,-44.9797],[-66.1956,-44.9803],[-66.1974,-44.9795],[-66.1981,-44.9784],[-66.1983,-44.9775],[-66.1992,-44.9777],[-66.1997,-44.9787],[-66.1993,-44.9796],[-66.1983,-44.9804],[-66.1973,-44.9815],[-66.198,-44.9829],[-66.1984,-44.9846],[-66.1998,-44.9846],[-66.2008,-44.9853],[-66.2039,-44.9862],[-66.2045,-44.9873],[-66.2062,-44.9886],[-66.208,-44.9897],[-66.2096,-44.9916],[-66.2104,-44.9925],[-66.2101,-44.9945],[-66.2092,-44.9951],[-66.2093,-44.9959],[-66.2087,-44.9973],[-66.209,-44.9983],[-66.2091,-44.9993],[-66.2102,-44.9995],[-66.211,-44.9992],[-66.2132,-45.0003],[-66.2141,-45.0002],[-66.2157,-45.0004],[-66.217,-45.0007],[-66.2184,-45.0011],[-66.219,-45.0018],[-66.2193,-45.0024],[-66.2202,-45.0034],[-66.22,-45.0043],[-66.2208,-45.0046],[-66.2216,-45.0038],[-66.2221,-45.003],[-66.222,-45.0023],[-66.223,-45.0017],[-66.2244,-45.0018],[-66.2271,-45.0018],[-66.2285,-45.0023],[-66.2295,-45.0033],[-66.2308,-45.0043],[-66.2307,-45.005],[-66.2302,-45.0056],[-66.231,-45.0064],[-66.2319,-45.0071],[-66.2325,-45.0078],[-66.2334,-45.0087],[-66.2337,-45.0098],[-66.2333,-45.011],[-66.2323,-45.0121],[-66.2313,-45.0122],[-66.2305,-45.0131],[-66.2293,-45.0139],[-66.2282,-45.0144],[-66.2269,-45.0152],[-66.2262,-45.0163],[-66.2265,-45.0172],[-66.2275,-45.0185],[-66.2291,-45.0193],[-66.2294,-45.02],[-66.2296,-45.0208],[-66.2288,-45.0221],[-66.228,-45.0228],[-66.2275,-45.0234],[-66.2257,-45.0239],[-66.2253,-45.0246],[-66.2254,-45.0255],[-66.2267,-45.0256],[-66.228,-45.0255],[-66.2291,-45.0253],[-66.2302,-45.025],[-66.2313,-45.0261],[-66.2324,-45.0253],[-66.2345,-45.0246],[-66.2344,-45.0237],[-66.2337,-45.0227],[-66.233,-45.0212],[-66.2328,-45.0203],[-66.2338,-45.0193],[-66.2361,-45.019],[-66.2369,-45.0184],[-66.238,-45.0177],[-66.2396,-45.0176],[-66.2412,-45.0176],[-66.2425,-45.018],[-66.2436,-45.0179],[-66.2447,-45.0175],[-66.246,-45.0176],[-66.2474,-45.0184],[-66.2476,-45.0194],[-66.2474,-45.0204],[-66.2464,-45.0217],[-66.2483,-45.0219],[-66.251,-45.0222],[-66.2528,-45.0218],[-66.254,-45.0224],[-66.2547,-45.0232],[-66.2552,-45.0246],[-66.254,-45.0249],[-66.2551,-45.0256],[-66.2562,-45.0263],[-66.2569,-45.0269],[-66.2587,-45.0266],[-66.2606,-45.0272],[-66.2619,-45.0284],[-66.2628,-45.0297],[-66.2628,-45.0306],[-66.2621,-45.0318],[-66.2611,-45.0327],[-66.2617,-45.0344],[-66.2621,-45.0358],[-66.263,-45.0362],[-66.2631,-45.0371],[-66.2642,-45.0372],[-66.2653,-45.0374],[-66.2667,-45.0377],[-66.2677,-45.0381],[-66.2692,-45.0387],[-66.27,-45.0397],[-66.2699,-45.0411],[-66.2694,-45.0417],[-66.2689,-45.0428],[-66.2693,-45.0434],[-66.2698,-45.0441],[-66.2715,-45.0442],[-66.2727,-45.0455],[-66.2741,-45.0457],[-66.2763,-45.0463],[-66.279,-45.0462],[-66.2811,-45.0457],[-66.2823,-45.045],[-66.2842,-45.0451],[-66.2843,-45.046],[-66.2842,-45.0471],[-66.2831,-45.0478],[-66.2826,-45.0484],[-66.2801,-45.0494],[-66.2784,-45.0495],[-66.278,-45.0505],[-66.2777,-45.0514],[-66.2775,-45.0525],[-66.2786,-45.0519],[-66.2792,-45.0528],[-66.2803,-45.0537],[-66.2812,-45.054],[-66.2825,-45.0531],[-66.2827,-45.0518],[-66.2836,-45.0508],[-66.2849,-45.05],[-66.2859,-45.0495],[-66.2859,-45.0484],[-66.2875,-45.0484],[-66.2891,-45.0482],[-66.2898,-45.0474],[-66.29,-45.0467],[-66.2914,-45.0465],[-66.2916,-45.045],[-66.2931,-45.0437],[-66.2958,-45.0433],[-66.2976,-45.0437],[-66.2995,-45.0435],[-66.301,-45.0437],[-66.3026,-45.0446],[-66.303,-45.0457],[-66.3028,-45.0469],[-66.3037,-45.0477],[-66.3056,-45.048],[-66.3077,-45.0481],[-66.3086,-45.048],[-66.3101,-45.0471],[-66.3089,-45.0461],[-66.3083,-45.0444],[-66.3101,-45.0433],[-66.3114,-45.043],[-66.3125,-45.0421],[-66.3147,-45.0424],[-66.3162,-45.0427],[-66.3179,-45.0432],[-66.3194,-45.0435],[-66.3213,-45.0447],[-66.3211,-45.0459],[-66.321,-45.0477],[-66.321,-45.0486],[-66.3224,-45.049],[-66.3255,-45.0489],[-66.3258,-45.048],[-66.3265,-45.0457],[-66.3275,-45.0448],[-66.3296,-45.0439],[-66.3296,-45.0431],[-66.3284,-45.0431],[-66.3287,-45.0417],[-66.3294,-45.0406],[-66.3309,-45.0399],[-66.3331,-45.0394],[-66.3368,-45.0388],[-66.3392,-45.0392],[-66.3412,-45.0397],[-66.3425,-45.0402],[-66.3424,-45.0411],[-66.3445,-45.0411],[-66.3459,-45.0404],[-66.3487,-45.0388],[-66.3513,-45.0382],[-66.3529,-45.038],[-66.3546,-45.0376],[-66.3562,-45.0364],[-66.3567,-45.0373],[-66.3578,-45.0373],[-66.3594,-45.0372],[-66.3605,-45.0372],[-66.3622,-45.0379],[-66.3641,-45.0385],[-66.3665,-45.0391],[-66.3679,-45.0397],[-66.3686,-45.0404],[-67.0947,-45.0503],[-67.1054,-44.694],[-67.0973,-44.6939],[-67.0876,-44.6925],[-67.0796,-44.6909],[-67.0724,-44.6887],[-67.0695,-44.682],[-67.0665,-44.6754],[-67.0652,-44.6683],[-67.0637,-44.6603],[-67.0638,-44.6558],[-67.0612,-44.647],[-67.0584,-44.6393],[-67.0572,-44.6342],[-67.0538,-44.6251],[-67.0518,-44.6181],[-67.0476,-44.6112],[-67.0389,-44.6028],[-67.0323,-44.5967],[-67.0297,-44.5927],[-67.0228,-44.5898],[-67.0188,-44.5864],[-67.0135,-44.5831],[-67.0082,-44.5774],[-67.0044,-44.573],[-67,-44.5697],[-66.9938,-44.5653],[-66.9864,-44.56],[-66.9807,-44.5564],[-66.9743,-44.5462],[-66.9692,-44.5406],[-66.9624,-44.5363],[-66.9549,-44.5314],[-66.9495,-44.526],[-66.942,-44.5227],[-66.9365,-44.5176],[-66.9294,-44.5134],[-66.9251,-44.5058],[-66.9178,-44.4993],[-66.91,-44.4901],[-66.9051,-44.4833],[-66.8999,-44.4779],[-66.895,-44.4711],[-66.8922,-44.4649],[-66.8894,-44.4573],[-66.8875,-44.4493],[-66.8858,-44.4402],[-66.8812,-44.434],[-66.8772,-44.4313],[-66.8728,-44.4274],[-66.8683,-44.422],[-66.8645,-44.417],[-66.8631,-44.414]]]]},"geometry_name":"geom","properties":{"nombre":"CAMARONES"},"bbox":[-67.1054,-45.0591,-65.2338,-44.3782]},{"type":"Feature","id":"juzgados.33","geometry":{"type":"MultiPolygon","coordinates":[[[[-71.0029,-43.7717],[-70.7559,-43.7777],[-70.7612,-44.0001],[-70.751,-44.0003],[-70.7455,-43.9993],[-70.7363,-43.9959],[-70.7292,-43.9973],[-70.7187,-43.9938],[-70.713,-43.9948],[-70.7028,-43.9948],[-70.6955,-43.9952],[-70.6872,-43.9977],[-70.6849,-44.0012],[-70.6809,-44.0075],[-70.6752,-44.0091],[-70.6654,-44.0099],[-70.651,-44.017],[-70.6395,-44.0191],[-70.6232,-44.0201],[-70.6158,-44.0222],[-70.6009,-44.0263],[-70.5931,-44.0299],[-70.583,-44.0372],[-70.566,-44.0379],[-70.5479,-44.038],[-70.5411,-44.0379],[-70.528,-44.0393],[-70.5158,-44.04],[-70.5052,-44.0412],[-70.4961,-44.0409],[-70.4869,-44.0437],[-70.4771,-44.0511],[-70.462,-44.0566],[-70.4563,-44.0587],[-70.4505,-44.0656],[-70.4478,-44.0703],[-70.4476,-44.0747],[-70.4462,-44.0817],[-70.4444,-44.0914],[-70.4429,-44.0958],[-70.4375,-44.101],[-70.4339,-44.1048],[-70.4326,-44.1107],[-70.4292,-44.118],[-70.4242,-44.1219],[-70.4184,-44.1269],[-70.4131,-44.1323],[-70.407,-44.1382],[-70.4037,-44.1416],[-70.3957,-44.1457],[-70.3882,-44.1499],[-70.379,-44.1541],[-70.3725,-44.156],[-70.3712,-44.1646],[-70.3678,-44.1683],[-70.3656,-44.1722],[-70.3633,-44.1784],[-70.361,-44.1828],[-70.3591,-44.1875],[-70.3565,-44.1928],[-70.3519,-44.1961],[-70.3476,-44.2058],[-70.3443,-44.216],[-70.3425,-44.2273],[-70.3423,-44.2396],[-70.3425,-44.2506],[-70.3432,-44.2626],[-70.3424,-44.2741],[-70.3402,-44.2827],[-70.3348,-44.2891],[-70.3304,-44.2946],[-70.3249,-44.2979],[-70.3192,-44.304],[-70.3151,-44.3098],[-70.3174,-44.3147],[-70.3213,-44.3218],[-70.3245,-44.3257],[-70.3289,-44.3303],[-70.3372,-44.3348],[-70.3429,-44.3392],[-70.3489,-44.3445],[-70.353,-44.3477],[-70.361,-44.3515],[-70.3665,-44.3547],[-70.3713,-44.3575],[-70.3773,-44.3595],[-70.3831,-44.3593],[-70.3926,-44.3613],[-70.3994,-44.3649],[-70.4058,-44.3694],[-70.412,-44.3744],[-70.415,-44.3776],[-70.4177,-44.3846],[-70.4191,-44.3919],[-70.419,-44.3976],[-70.4199,-44.407],[-70.422,-44.4158],[-70.4218,-44.4224],[-70.4219,-44.4275],[-70.42,-44.4347],[-70.4156,-44.4412],[-70.4132,-44.4453],[-70.4117,-44.4517],[-70.4084,-44.4572],[-70.4034,-44.4601],[-70.3988,-44.4618],[-70.3944,-44.4711],[-70.391,-44.478],[-70.3878,-44.4821],[-70.3843,-44.4856],[-70.381,-44.4922],[-70.3807,-44.5008],[-70.3793,-44.5088],[-70.3782,-44.5127],[-70.3722,-44.5208],[-70.3665,-44.5264],[-70.3645,-44.5316],[-70.3597,-44.5379],[-70.3638,-44.5414],[-70.3668,-44.5497],[-70.3637,-44.5534],[-70.3573,-44.5617],[-70.3506,-44.565],[-70.3421,-44.5712],[-70.3339,-44.5757],[-70.3236,-44.5805],[-70.3122,-44.5855],[-70.3023,-44.5877],[-70.2936,-44.5906],[-70.2859,-44.5906],[-70.2775,-44.5918],[-70.2664,-44.5942],[-70.2571,-44.5989],[-70.2486,-44.6016],[-70.2428,-44.6057],[-70.2325,-44.6074],[-70.2273,-44.6092],[-70.2216,-44.6104],[-70.2147,-44.6143],[-70.2088,-44.6189],[-70.2041,-44.6234],[-70.2005,-44.63],[-70.1981,-44.6359],[-70.1962,-44.6449],[-70.1958,-44.654],[-70.1927,-44.6645],[-70.192,-44.6698],[-70.1918,-44.6736],[-70.1881,-44.6792],[-70.433,-44.6702],[-71.2248,-44.6597],[-71.2254,-44.6596],[-71.2254,-44.6585],[-71.2256,-44.6579],[-71.2261,-44.6569],[-71.2266,-44.6561],[-71.2272,-44.6554],[-71.2279,-44.6544],[-71.2287,-44.6537],[-71.2295,-44.6529],[-71.2301,-44.652],[-71.2305,-44.6514],[-71.2314,-44.6505],[-71.233,-44.6485],[-71.2342,-44.6461],[-71.2345,-44.6435],[-71.2323,-44.6411],[-71.2341,-44.6371],[-71.2326,-44.6367],[-71.2308,-44.6363],[-71.2296,-44.6357],[-71.2291,-44.635],[-71.2286,-44.6341],[-71.2272,-44.6333],[-71.2255,-44.6327],[-71.2246,-44.6326],[-71.2224,-44.6315],[-71.221,-44.6318],[-71.2198,-44.632],[-71.2184,-44.6321],[-71.2168,-44.6321],[-71.2155,-44.6316],[-71.2145,-44.6307],[-71.2136,-44.6299],[-71.2148,-44.623],[-71.2103,-44.6219],[-71.2151,-44.6187],[-71.2175,-44.6156],[-71.217,-44.6137],[-71.2148,-44.6131],[-71.2136,-44.6128],[-71.2126,-44.6124],[-71.2113,-44.6118],[-71.2102,-44.6112],[-71.2091,-44.6105],[-71.2084,-44.6095],[-71.2075,-44.6086],[-71.2068,-44.6083],[-71.2051,-44.6075],[-71.2036,-44.6069],[-71.2026,-44.6062],[-71.2009,-44.6051],[-71.1976,-44.5992],[-71.1944,-44.5982],[-71.201,-44.5917],[-71.2005,-44.5878],[-71.1868,-44.5906],[-71.1766,-44.5966],[-71.1627,-44.5889],[-71.149,-44.588],[-71.1305,-44.5944],[-71.1242,-44.5917],[-71.1227,-44.5924],[-71.1213,-44.5927],[-71.1201,-44.5929],[-71.1109,-44.5864],[-71.1033,-44.588],[-71.0975,-44.5856],[-71.0972,-44.5846],[-71.0971,-44.5836],[-71.0972,-44.5821],[-71.1051,-44.5756],[-71.1055,-44.5712],[-71.1002,-44.5698],[-71.0998,-44.5689],[-71.0994,-44.5673],[-71.0993,-44.5658],[-71.0993,-44.5651],[-71.0994,-44.5645],[-71.1003,-44.563],[-71.1011,-44.5627],[-71.1017,-44.5622],[-71.1014,-44.5609],[-71.1011,-44.5594],[-71.1,-44.5585],[-71.0985,-44.5569],[-71.098,-44.5564],[-71.0976,-44.5554],[-71.101,-44.5522],[-71.1006,-44.5472],[-71.0973,-44.545],[-71.0961,-44.5359],[-71.0914,-44.5324],[-71.093,-44.5273],[-71.0941,-44.5267],[-71.0954,-44.526],[-71.0965,-44.5252],[-71.0982,-44.5242],[-71.0995,-44.5239],[-71.1014,-44.523],[-71.1022,-44.5226],[-71.1038,-44.5219],[-71.1045,-44.5214],[-71.1055,-44.5207],[-71.1062,-44.5201],[-71.1071,-44.5194],[-71.108,-44.5185],[-71.1086,-44.518],[-71.1095,-44.517],[-71.1102,-44.5163],[-71.1114,-44.5154],[-71.1128,-44.5146],[-71.1136,-44.5142],[-71.1143,-44.5138],[-71.1152,-44.5133],[-71.1167,-44.5125],[-71.1177,-44.5121],[-71.1191,-44.5117],[-71.1206,-44.5113],[-71.122,-44.5108],[-71.1227,-44.5104],[-71.1234,-44.51],[-71.1243,-44.5093],[-71.125,-44.5089],[-71.1257,-44.5077],[-71.1263,-44.5062],[-71.1269,-44.5057],[-71.1282,-44.5049],[-71.1295,-44.5043],[-71.1303,-44.5039],[-71.1318,-44.5034],[-71.1335,-44.503],[-71.1344,-44.5028],[-71.1361,-44.5026],[-71.1377,-44.5025],[-71.1393,-44.5029],[-71.1408,-44.5034],[-71.1424,-44.5038],[-71.144,-44.5041],[-71.1451,-44.5036],[-71.1463,-44.5028],[-71.1478,-44.5023],[-71.1493,-44.5021],[-71.1508,-44.5021],[-71.1522,-44.5022],[-71.1538,-44.5018],[-71.1644,-44.4973],[-71.163,-44.4936],[-71.1616,-44.4932],[-71.1604,-44.4928],[-71.1592,-44.492],[-71.1579,-44.4914],[-71.1569,-44.491],[-71.1552,-44.49],[-71.1503,-44.4868],[-71.1488,-44.4814],[-71.1297,-44.4694],[-71.1394,-44.464],[-71.1411,-44.463],[-71.1418,-44.4626],[-71.1434,-44.4615],[-71.1452,-44.4603],[-71.1529,-44.4561],[-71.1538,-44.4546],[-71.1552,-44.4531],[-71.1563,-44.4518],[-71.1573,-44.4509],[-71.1579,-44.4503],[-71.1586,-44.4495],[-71.1595,-44.4486],[-71.1605,-44.4477],[-71.1611,-44.4469],[-71.1619,-44.4458],[-71.1626,-44.4451],[-71.1637,-44.4442],[-71.1647,-44.4434],[-71.1695,-44.4378],[-71.1744,-44.4358],[-71.1757,-44.436],[-71.1774,-44.4365],[-71.1797,-44.4368],[-71.1809,-44.4371],[-71.1826,-44.4375],[-71.1835,-44.4377],[-71.1849,-44.4378],[-71.186,-44.4378],[-71.1882,-44.4374],[-71.1903,-44.4366],[-71.1919,-44.4361],[-71.1928,-44.4358],[-71.194,-44.4354],[-71.195,-44.4349],[-71.1958,-44.4345],[-71.1974,-44.4334],[-71.1981,-44.433],[-71.1989,-44.4327],[-71.1999,-44.4323],[-71.2021,-44.4316],[-71.2036,-44.4312],[-71.205,-44.431],[-71.2066,-44.4309],[-71.2076,-44.4309],[-71.2095,-44.431],[-71.2111,-44.4311],[-71.2126,-44.4313],[-71.2147,-44.4318],[-71.216,-44.4323],[-71.2172,-44.4326],[-71.2246,-44.4317],[-71.2263,-44.4306],[-71.2276,-44.4297],[-71.2288,-44.4289],[-71.2294,-44.428],[-71.2297,-44.4274],[-71.2302,-44.4263],[-71.2367,-44.4164],[-71.2422,-44.415],[-71.2435,-44.415],[-71.2451,-44.415],[-71.2467,-44.415],[-71.2482,-44.415],[-71.2499,-44.4149],[-71.2512,-44.4149],[-71.2528,-44.415],[-71.2544,-44.4151],[-71.2554,-44.4152],[-71.2565,-44.4155],[-71.2573,-44.4158],[-71.2585,-44.4165],[-71.2595,-44.417],[-71.2603,-44.4173],[-71.2622,-44.4181],[-71.2637,-44.4189],[-71.265,-44.4195],[-71.2661,-44.42],[-71.2674,-44.4203],[-71.2684,-44.4209],[-71.2695,-44.4215],[-71.2707,-44.4218],[-71.2864,-44.4206],[-71.3032,-44.4207],[-71.3094,-44.4218],[-71.3124,-44.4271],[-71.3143,-44.4273],[-71.3247,-44.4243],[-71.33,-44.4207],[-71.3321,-44.4164],[-71.3387,-44.4157],[-71.3432,-44.4164],[-71.3463,-44.4214],[-71.3477,-44.4212],[-71.3492,-44.421],[-71.3505,-44.4204],[-71.3521,-44.4191],[-71.3579,-44.4072],[-71.3542,-44.4004],[-71.3623,-44.3958],[-70.9065,-44.4065],[-70.8921,-44.0446],[-71.137,-44.0398],[-71.1334,-43.9517],[-71.127,-43.8599],[-71.0083,-43.863],[-71.0029,-43.7717]]]]},"geometry_name":"geom","properties":{"nombre":"GOBERNADOR COSTA"},"bbox":[-71.3623,-44.6792,-70.1881,-43.7717]},{"type":"Feature","id":"juzgados.34","geometry":{"type":"MultiPolygon","coordinates":[[[[-69.7896,-44.5043],[-69.7992,-44.5169],[-69.0225,-44.5234],[-69.0226,-44.5095],[-68.6411,-44.5095],[-68.6383,-44.6917],[-69.12,-44.6894],[-69.1194,-45.2145],[-69.1235,-45.2174],[-69.1299,-45.2164],[-69.1376,-45.2131],[-69.144,-45.2127],[-69.1552,-45.2109],[-69.1599,-45.2136],[-69.1666,-45.2163],[-69.1676,-45.2223],[-69.172,-45.2256],[-69.1761,-45.2298],[-69.1782,-45.2343],[-69.1811,-45.2402],[-69.18,-45.2449],[-69.1803,-45.253],[-69.1799,-45.2582],[-69.1792,-45.2653],[-69.1805,-45.2715],[-69.1825,-45.2751],[-69.1848,-45.279],[-69.1886,-45.2834],[-69.1942,-45.2924],[-69.1983,-45.301],[-69.2002,-45.3054],[-69.2029,-45.311],[-69.2089,-45.3167],[-69.2186,-45.3175],[-69.2254,-45.318],[-69.2318,-45.3217],[-69.2381,-45.3213],[-69.2463,-45.3196],[-69.2521,-45.3187],[-69.258,-45.3169],[-69.2629,-45.3142],[-69.2682,-45.3112],[-69.2743,-45.3076],[-69.2771,-45.3038],[-69.2794,-45.2978],[-69.2781,-45.2917],[-69.2752,-45.2848],[-69.2737,-45.279],[-69.2741,-45.2746],[-69.275,-45.265],[-69.2815,-45.2583],[-69.2843,-45.2506],[-69.2931,-45.2479],[-69.3035,-45.2468],[-69.3156,-45.2469],[-69.3212,-45.248],[-69.3267,-45.2505],[-69.3313,-45.2531],[-69.3356,-45.2565],[-69.3412,-45.2588],[-69.3544,-45.2566],[-69.3598,-45.2585],[-69.3579,-45.2628],[-69.3494,-45.2689],[-69.3472,-45.2725],[-69.3444,-45.2761],[-69.3377,-45.2761],[-69.3286,-45.2801],[-69.3266,-45.286],[-69.3269,-45.2899],[-69.3309,-45.2923],[-69.3781,-45.2921],[-69.381,-45.2604],[-69.6325,-45.2594],[-69.6316,-44.6865],[-69.9003,-44.6825],[-69.8959,-44.5048],[-69.7896,-44.5043]]]]},"geometry_name":"geom","properties":{"nombre":"BUEN PASTO"},"bbox":[-69.9003,-45.3217,-68.6383,-44.5043]},{"type":"Feature","id":"juzgados.35","geometry":{"type":"MultiPolygon","coordinates":[[[[-71.2248,-44.6597],[-70.433,-44.6702],[-70.433,-44.6755],[-70.4329,-44.7655],[-70.3055,-44.7682],[-70.315,-45.2152],[-70.3267,-45.2151],[-70.5647,-45.2124],[-70.5687,-45.301],[-70.5809,-45.3008],[-70.9504,-45.2943],[-70.9575,-45.3846],[-71.2195,-45.3792],[-71.4469,-45.3741],[-71.4478,-45.3731],[-71.4482,-45.3722],[-71.4481,-45.3707],[-71.4477,-45.37],[-71.4464,-45.3692],[-71.4455,-45.3688],[-71.4447,-45.3678],[-71.4448,-45.3669],[-71.4456,-45.3662],[-71.4477,-45.3655],[-71.4497,-45.3651],[-71.4519,-45.3646],[-71.4529,-45.3641],[-71.453,-45.3632],[-71.4526,-45.3623],[-71.4517,-45.3615],[-71.4509,-45.3609],[-71.4502,-45.3604],[-71.4491,-45.3598],[-71.4483,-45.3594],[-71.4469,-45.3586],[-71.4461,-45.3582],[-71.4446,-45.3576],[-71.4432,-45.3571],[-71.4417,-45.3566],[-71.4403,-45.3561],[-71.4387,-45.3555],[-71.4379,-45.3552],[-71.4363,-45.3546],[-71.4353,-45.354],[-71.434,-45.3535],[-71.4318,-45.353],[-71.4304,-45.3529],[-71.4294,-45.3527],[-71.4278,-45.3524],[-71.4265,-45.3522],[-71.4251,-45.3518],[-71.4236,-45.3513],[-71.4228,-45.351],[-71.4215,-45.3503],[-71.4203,-45.3498],[-71.4195,-45.3495],[-71.4186,-45.3492],[-71.4174,-45.3488],[-71.4158,-45.3484],[-71.4145,-45.3483],[-71.4132,-45.3484],[-71.4119,-45.3486],[-71.4103,-45.3487],[-71.4088,-45.3488],[-71.4075,-45.3487],[-71.4061,-45.3486],[-71.4043,-45.3485],[-71.4034,-45.3483],[-71.4024,-45.3481],[-71.4015,-45.3478],[-71.4005,-45.3475],[-71.3991,-45.3471],[-71.3978,-45.3468],[-71.3966,-45.3465],[-71.3949,-45.3462],[-71.3934,-45.3459],[-71.3925,-45.3458],[-71.3917,-45.3456],[-71.3904,-45.3453],[-71.3894,-45.3452],[-71.3874,-45.344],[-71.3867,-45.3435],[-71.3858,-45.3429],[-71.3848,-45.3422],[-71.3837,-45.3414],[-71.3824,-45.3408],[-71.3807,-45.3402],[-71.379,-45.3399],[-71.3774,-45.3398],[-71.3763,-45.3397],[-71.3748,-45.3394],[-71.3737,-45.3389],[-71.3727,-45.3381],[-71.3723,-45.3374],[-71.3726,-45.3366],[-71.373,-45.3357],[-71.3728,-45.3346],[-71.3719,-45.3332],[-71.3711,-45.3324],[-71.3701,-45.3316],[-71.3687,-45.331],[-71.367,-45.3308],[-71.3653,-45.3308],[-71.3643,-45.3308],[-71.3619,-45.3304],[-71.3604,-45.33],[-71.3595,-45.3298],[-71.3573,-45.3293],[-71.3559,-45.3289],[-71.3547,-45.3292],[-71.3533,-45.3294],[-71.3524,-45.3295],[-71.3509,-45.3288],[-71.3499,-45.3279],[-71.3493,-45.3268],[-71.3487,-45.3257],[-71.3485,-45.325],[-71.3481,-45.3243],[-71.3475,-45.3237],[-71.3466,-45.3233],[-71.3456,-45.3229],[-71.3442,-45.3226],[-71.343,-45.3224],[-71.3415,-45.3219],[-71.34,-45.3208],[-71.3393,-45.3198],[-71.3386,-45.3193],[-71.3377,-45.3189],[-71.3355,-45.3182],[-71.3342,-45.3172],[-71.3337,-45.3166],[-71.3333,-45.3159],[-71.3332,-45.3146],[-71.3337,-45.3138],[-71.3339,-45.3131],[-71.3341,-45.3121],[-71.3342,-45.3113],[-71.3334,-45.3101],[-71.3314,-45.3092],[-71.3303,-45.3088],[-71.3292,-45.3084],[-71.328,-45.3078],[-71.327,-45.3071],[-71.3262,-45.3065],[-71.3251,-45.3056],[-71.3246,-45.305],[-71.3241,-45.3041],[-71.3241,-45.303],[-71.3244,-45.302],[-71.3245,-45.301],[-71.3243,-45.3004],[-71.324,-45.2995],[-71.3236,-45.2988],[-71.3232,-45.2979],[-71.3226,-45.297],[-71.322,-45.2958],[-71.3215,-45.2951],[-71.3203,-45.2934],[-71.3197,-45.2924],[-71.3193,-45.2914],[-71.3192,-45.2904],[-71.3192,-45.2894],[-71.3193,-45.2885],[-71.3197,-45.2877],[-71.3203,-45.2869],[-71.3208,-45.2864],[-71.3217,-45.2855],[-71.3223,-45.2846],[-71.3231,-45.2837],[-71.3238,-45.2828],[-71.3243,-45.2819],[-71.3255,-45.2783],[-71.3258,-45.2775],[-71.3262,-45.2767],[-71.3271,-45.2758],[-71.3286,-45.2756],[-71.3296,-45.276],[-71.3312,-45.2762],[-71.3327,-45.2762],[-71.3339,-45.2757],[-71.3348,-45.2752],[-71.3357,-45.2741],[-71.337,-45.2724],[-71.3375,-45.2716],[-71.3386,-45.2706],[-71.3399,-45.2701],[-71.3411,-45.27],[-71.3421,-45.2699],[-71.3439,-45.2696],[-71.3448,-45.2693],[-71.3459,-45.2687],[-71.3474,-45.2678],[-71.3481,-45.267],[-71.3486,-45.2661],[-71.349,-45.2644],[-71.3483,-45.2633],[-71.3475,-45.263],[-71.3465,-45.2627],[-71.3453,-45.2623],[-71.344,-45.2617],[-71.343,-45.2611],[-71.3422,-45.2604],[-71.3409,-45.2592],[-71.3401,-45.2581],[-71.3396,-45.2569],[-71.3389,-45.2561],[-71.338,-45.2554],[-71.3367,-45.2544],[-71.3358,-45.2537],[-71.3349,-45.2527],[-71.3343,-45.2514],[-71.3338,-45.2504],[-71.333,-45.2499],[-71.3323,-45.2495],[-71.3301,-45.2484],[-71.3297,-45.2473],[-71.3315,-45.2466],[-71.3326,-45.2467],[-71.3337,-45.247],[-71.3353,-45.2472],[-71.3361,-45.2462],[-71.3356,-45.245],[-71.335,-45.2438],[-71.3348,-45.243],[-71.3344,-45.242],[-71.3342,-45.2414],[-71.3334,-45.2397],[-71.3332,-45.2388],[-71.3331,-45.2382],[-71.3331,-45.2375],[-71.3334,-45.2364],[-71.3339,-45.2355],[-71.3346,-45.2347],[-71.3351,-45.2342],[-71.337,-45.2329],[-71.3381,-45.2323],[-71.3391,-45.2317],[-71.3401,-45.2312],[-71.3418,-45.2303],[-71.343,-45.2297],[-71.3442,-45.229],[-71.3459,-45.2281],[-71.3469,-45.2275],[-71.3489,-45.2266],[-71.3503,-45.226],[-71.3519,-45.2253],[-71.353,-45.2247],[-71.3544,-45.2241],[-71.3553,-45.2239],[-71.3566,-45.2235],[-71.3583,-45.2233],[-71.3594,-45.2232],[-71.3605,-45.2231],[-71.362,-45.2231],[-71.3634,-45.2231],[-71.3649,-45.223],[-71.3672,-45.2226],[-71.3681,-45.222],[-71.3691,-45.2208],[-71.3696,-45.2193],[-71.3697,-45.2183],[-71.3698,-45.2172],[-71.3698,-45.2165],[-71.3699,-45.215],[-71.3704,-45.2136],[-71.3709,-45.2129],[-71.3718,-45.2117],[-71.3725,-45.2109],[-71.3731,-45.2102],[-71.3736,-45.2093],[-71.3743,-45.2081],[-71.3749,-45.2071],[-71.3754,-45.2063],[-71.3758,-45.2057],[-71.3765,-45.204],[-71.3769,-45.2033],[-71.3777,-45.2021],[-71.3792,-45.2015],[-71.3809,-45.2009],[-71.3826,-45.2004],[-71.3846,-45.1998],[-71.3867,-45.1992],[-71.3879,-45.1988],[-71.3893,-45.1982],[-71.3912,-45.1972],[-71.392,-45.1968],[-71.393,-45.1962],[-71.3946,-45.1949],[-71.3955,-45.1938],[-71.3967,-45.1905],[-71.3975,-45.189],[-71.3984,-45.1882],[-71.3991,-45.1877],[-71.4006,-45.1871],[-71.402,-45.1865],[-71.4027,-45.1856],[-71.403,-45.185],[-71.4033,-45.1843],[-71.4034,-45.183],[-71.4034,-45.1822],[-71.4034,-45.1813],[-71.4037,-45.18],[-71.4038,-45.1793],[-71.4046,-45.1783],[-71.4064,-45.1772],[-71.4072,-45.1766],[-71.408,-45.1762],[-71.4087,-45.1757],[-71.4097,-45.1751],[-71.4104,-45.1747],[-71.4115,-45.1741],[-71.4121,-45.1735],[-71.4127,-45.1729],[-71.4138,-45.1718],[-71.4143,-45.1709],[-71.4148,-45.1703],[-71.4155,-45.1697],[-71.4169,-45.1691],[-71.4184,-45.1688],[-71.4187,-45.1676],[-71.4183,-45.1666],[-71.4173,-45.1657],[-71.4166,-45.1652],[-71.4159,-45.1646],[-71.4154,-45.1636],[-71.416,-45.1626],[-71.4168,-45.1621],[-71.4186,-45.1614],[-71.4199,-45.161],[-71.4215,-45.1604],[-71.4222,-45.1599],[-71.4225,-45.1593],[-71.4216,-45.1584],[-71.4208,-45.158],[-71.4194,-45.1574],[-71.4181,-45.157],[-71.4171,-45.1566],[-71.4158,-45.156],[-71.4147,-45.1556],[-71.4133,-45.1548],[-71.4134,-45.1535],[-71.4143,-45.1535],[-71.4153,-45.1534],[-71.417,-45.1533],[-71.4183,-45.1533],[-71.4197,-45.1534],[-71.4206,-45.1534],[-71.4215,-45.1535],[-71.4232,-45.1534],[-71.4241,-45.1535],[-71.4258,-45.1536],[-71.4268,-45.1537],[-71.4279,-45.1536],[-71.4291,-45.1534],[-71.4302,-45.1532],[-71.4353,-45.1535],[-71.4371,-45.153],[-71.4379,-45.1525],[-71.4385,-45.152],[-71.4393,-45.1511],[-71.44,-45.1506],[-71.4414,-45.1498],[-71.4426,-45.1496],[-71.4439,-45.1494],[-71.4456,-45.1492],[-71.4473,-45.1488],[-71.4485,-45.1484],[-71.4508,-45.1478],[-71.4521,-45.1477],[-71.4535,-45.1477],[-71.4558,-45.1477],[-71.4579,-45.1478],[-71.4603,-45.1475],[-71.4625,-45.1469],[-71.4647,-45.1459],[-71.466,-45.145],[-71.4669,-45.1442],[-71.4676,-45.1433],[-71.468,-45.1426],[-71.4682,-45.1419],[-71.4684,-45.1411],[-71.4689,-45.1396],[-71.4693,-45.1387],[-71.4701,-45.1374],[-71.4715,-45.1366],[-71.4728,-45.1367],[-71.4745,-45.1371],[-71.4753,-45.1374],[-71.4761,-45.1378],[-71.477,-45.1382],[-71.4778,-45.1386],[-71.4786,-45.139],[-71.48,-45.1397],[-71.4819,-45.1405],[-71.483,-45.1409],[-71.484,-45.1412],[-71.4844,-45.1403],[-71.4835,-45.1395],[-71.4823,-45.1385],[-71.481,-45.1375],[-71.48,-45.1368],[-71.4789,-45.1362],[-71.4781,-45.1357],[-71.4782,-45.1344],[-71.4787,-45.1336],[-71.4793,-45.1327],[-71.48,-45.1322],[-71.4819,-45.1311],[-71.4817,-45.1298],[-71.4817,-45.1281],[-71.4818,-45.1265],[-71.4819,-45.1256],[-71.4822,-45.125],[-71.4826,-45.1237],[-71.4829,-45.1231],[-71.4835,-45.1215],[-71.484,-45.1207],[-71.4844,-45.1198],[-71.4848,-45.1191],[-71.485,-45.1182],[-71.4851,-45.1167],[-71.4853,-45.1155],[-71.4855,-45.1144],[-71.4858,-45.1134],[-71.4864,-45.1124],[-71.4872,-45.1113],[-71.4876,-45.1107],[-71.4882,-45.1099],[-71.4889,-45.1092],[-71.4896,-45.108],[-71.49,-45.1068],[-71.4924,-45.1036],[-71.4942,-45.1027],[-71.4954,-45.1023],[-71.4974,-45.1014],[-71.4991,-45.1006],[-71.5005,-45.0998],[-71.5018,-45.0991],[-71.5042,-45.0981],[-71.5054,-45.0979],[-71.5074,-45.0977],[-71.5088,-45.0978],[-71.5102,-45.0978],[-71.5115,-45.0979],[-71.5145,-45.098],[-71.5162,-45.0981],[-71.5185,-45.0984],[-71.5201,-45.0985],[-71.5218,-45.0987],[-71.5235,-45.0988],[-71.5249,-45.0988],[-71.5264,-45.0987],[-71.5256,-45.0977],[-71.5242,-45.0972],[-71.5234,-45.0968],[-71.5218,-45.0963],[-71.521,-45.096],[-71.5202,-45.0956],[-71.5193,-45.0951],[-71.5177,-45.0942],[-71.5166,-45.0936],[-71.5159,-45.0931],[-71.5147,-45.0922],[-71.5137,-45.0915],[-71.5126,-45.0903],[-71.5122,-45.0895],[-71.5119,-45.0883],[-71.5117,-45.0875],[-71.5114,-45.0861],[-71.5114,-45.0854],[-71.5116,-45.0843],[-71.5115,-45.0829],[-71.5104,-45.081],[-71.5095,-45.0799],[-71.5086,-45.0791],[-71.508,-45.0785],[-71.5069,-45.0772],[-71.5064,-45.0766],[-71.5058,-45.0754],[-71.5055,-45.0743],[-71.5053,-45.0736],[-71.5051,-45.0729],[-71.505,-45.0721],[-71.5048,-45.0703],[-71.5046,-45.0692],[-71.5045,-45.068],[-71.5047,-45.0674],[-71.5051,-45.0663],[-71.5055,-45.0653],[-71.506,-45.0644],[-71.5064,-45.0637],[-71.507,-45.063],[-71.5077,-45.062],[-71.5084,-45.061],[-71.5112,-45.0579],[-71.5118,-45.0573],[-71.5125,-45.0566],[-71.5132,-45.0558],[-71.514,-45.0554],[-71.5149,-45.0552],[-71.5164,-45.055],[-71.5174,-45.0549],[-71.5185,-45.0548],[-71.52,-45.0539],[-71.5206,-45.053],[-71.521,-45.0524],[-71.5214,-45.0518],[-71.5225,-45.0502],[-71.523,-45.0495],[-71.5238,-45.0484],[-71.5247,-45.0473],[-71.5252,-45.0465],[-71.526,-45.0456],[-71.5272,-45.0442],[-71.528,-45.0435],[-71.5289,-45.0428],[-71.5299,-45.0421],[-71.5313,-45.0413],[-71.5324,-45.0406],[-71.5332,-45.0403],[-71.5344,-45.0396],[-71.5355,-45.039],[-71.5367,-45.0382],[-71.5381,-45.0369],[-71.5387,-45.0363],[-71.5394,-45.0357],[-71.54,-45.0351],[-71.5407,-45.0346],[-71.5415,-45.0339],[-71.5422,-45.0332],[-71.5433,-45.0323],[-71.5446,-45.0315],[-71.5466,-45.0304],[-71.5472,-45.0297],[-71.5477,-45.0291],[-71.5483,-45.0285],[-71.5488,-45.028],[-71.5498,-45.0273],[-71.5509,-45.0256],[-71.5512,-45.025],[-71.5511,-45.024],[-71.5509,-45.0233],[-71.5505,-45.0222],[-71.5496,-45.0205],[-71.5488,-45.0196],[-71.5482,-45.0188],[-71.5468,-45.0171],[-71.5463,-45.0163],[-71.5459,-45.0157],[-71.5456,-45.0151],[-71.5452,-45.0144],[-71.5447,-45.0138],[-71.5444,-45.0132],[-71.544,-45.0125],[-71.5431,-45.0107],[-71.5429,-45.0098],[-71.5438,-45.0081],[-71.5444,-45.0076],[-71.5459,-45.0059],[-71.5463,-45.0053],[-71.5466,-45.0044],[-71.5464,-45.0033],[-71.5446,-45.0022],[-71.5437,-45.0019],[-71.5421,-45.0013],[-71.541,-45.0011],[-71.5397,-45.0007],[-71.5377,-44.9998],[-71.5365,-44.9988],[-71.5359,-44.998],[-71.5355,-44.9974],[-71.5365,-44.9963],[-71.5376,-44.9956],[-71.5396,-44.995],[-71.5413,-44.9945],[-71.5423,-44.9943],[-71.5433,-44.994],[-71.5443,-44.9935],[-71.5451,-44.9931],[-71.5458,-44.9927],[-71.5472,-44.9918],[-71.5479,-44.9911],[-71.5485,-44.9906],[-71.5489,-44.99],[-71.5494,-44.9894],[-71.55,-44.9886],[-71.5505,-44.9877],[-71.5512,-44.9865],[-71.5515,-44.9857],[-71.5518,-44.9848],[-71.5521,-44.9838],[-71.5525,-44.9824],[-71.5529,-44.9811],[-71.5531,-44.9803],[-71.5531,-44.9793],[-71.5532,-44.9784],[-71.5532,-44.9776],[-71.5536,-44.9765],[-71.5544,-44.9759],[-71.5564,-44.9757],[-71.5581,-44.9763],[-71.5595,-44.9764],[-71.5612,-44.9767],[-71.5621,-44.9769],[-71.5635,-44.9772],[-71.5643,-44.9775],[-71.5666,-44.9782],[-71.568,-44.9785],[-71.5689,-44.9786],[-71.5707,-44.9788],[-71.5716,-44.9788],[-71.5731,-44.9789],[-71.5743,-44.979],[-71.5756,-44.979],[-71.5769,-44.9788],[-71.578,-44.9784],[-71.5791,-44.9778],[-71.5799,-44.9774],[-71.5809,-44.9767],[-71.5823,-44.9755],[-71.5833,-44.9747],[-71.5843,-44.974],[-71.5862,-44.9733],[-71.5877,-44.973],[-71.5894,-44.9728],[-71.5909,-44.9726],[-71.592,-44.9724],[-71.5927,-44.9716],[-71.5929,-44.9709],[-71.5936,-44.97],[-71.5953,-44.9694],[-71.5966,-44.9691],[-71.5978,-44.9691],[-71.5988,-44.9692],[-71.6012,-44.9692],[-71.6032,-44.9691],[-71.6042,-44.9688],[-71.6054,-44.9687],[-71.6066,-44.9688],[-71.6079,-44.9694],[-71.6088,-44.9697],[-71.6105,-44.9701],[-71.6117,-44.9703],[-71.613,-44.9705],[-71.6146,-44.9708],[-71.6156,-44.9709],[-71.6175,-44.971],[-71.6188,-44.9708],[-71.6201,-44.9708],[-71.6217,-44.9707],[-71.6233,-44.9703],[-71.6247,-44.9696],[-71.6254,-44.9691],[-71.6261,-44.9685],[-71.6267,-44.968],[-71.6282,-44.9669],[-71.6295,-44.9662],[-71.6311,-44.9658],[-71.6321,-44.9657],[-71.6332,-44.9658],[-71.6343,-44.9659],[-71.6353,-44.9661],[-71.6365,-44.9664],[-71.6379,-44.967],[-71.6387,-44.9675],[-71.6395,-44.9679],[-71.6404,-44.9684],[-71.6419,-44.9688],[-71.6429,-44.9691],[-71.6438,-44.9693],[-71.6447,-44.9695],[-71.6456,-44.9698],[-71.6471,-44.9701],[-71.6493,-44.9706],[-71.6519,-44.971],[-71.6529,-44.9711],[-71.6541,-44.9711],[-71.6556,-44.9708],[-71.6576,-44.9702],[-71.659,-44.9698],[-71.6598,-44.9695],[-71.6608,-44.9692],[-71.6618,-44.9688],[-71.6634,-44.9682],[-71.6644,-44.9679],[-71.6661,-44.9674],[-71.6671,-44.9672],[-71.669,-44.9669],[-71.6704,-44.9667],[-71.672,-44.9665],[-71.6734,-44.9663],[-71.6749,-44.9662],[-71.6766,-44.966],[-71.6777,-44.9658],[-71.6794,-44.9656],[-71.6813,-44.9654],[-71.6827,-44.9649],[-71.6835,-44.9641],[-71.6846,-44.9628],[-71.6852,-44.9622],[-71.6858,-44.9614],[-71.6865,-44.9608],[-71.6878,-44.9598],[-71.689,-44.959],[-71.6905,-44.958],[-71.6915,-44.9572],[-71.6926,-44.9565],[-71.6937,-44.956],[-71.6952,-44.9552],[-71.6963,-44.9549],[-71.6985,-44.9543],[-71.6993,-44.9537],[-71.7008,-44.9531],[-71.7022,-44.9528],[-71.7048,-44.9525],[-71.706,-44.9525],[-71.7073,-44.9525],[-71.7084,-44.9526],[-71.71,-44.9526],[-71.7111,-44.9525],[-71.712,-44.9525],[-71.7136,-44.9525],[-71.7146,-44.9526],[-71.7158,-44.9527],[-71.7171,-44.9528],[-71.7182,-44.9528],[-71.7194,-44.9527],[-71.7203,-44.9527],[-71.7219,-44.9527],[-71.723,-44.9527],[-71.7242,-44.9527],[-71.7251,-44.9527],[-71.726,-44.9527],[-71.7275,-44.9527],[-71.7284,-44.9527],[-71.7301,-44.9528],[-71.732,-44.9529],[-71.7334,-44.9531],[-71.7344,-44.9536],[-71.7356,-44.9541],[-71.7374,-44.9548],[-71.7389,-44.955],[-71.7398,-44.9551],[-71.7412,-44.9545],[-71.7418,-44.9538],[-71.7424,-44.9532],[-71.7431,-44.9526],[-71.7438,-44.9516],[-71.7438,-44.9509],[-71.7438,-44.9502],[-71.7438,-44.9489],[-71.7439,-44.9476],[-71.744,-44.9469],[-71.744,-44.9462],[-71.7441,-44.9446],[-71.7443,-44.9434],[-71.7444,-44.9427],[-71.7447,-44.9418],[-71.7449,-44.9409],[-71.7451,-44.94],[-71.7453,-44.9393],[-71.7455,-44.9385],[-71.7458,-44.9376],[-71.746,-44.9366],[-71.7462,-44.9349],[-71.7466,-44.9336],[-71.7461,-44.9327],[-71.7458,-44.9314],[-71.7459,-44.9305],[-71.7459,-44.9297],[-71.7459,-44.9289],[-71.7462,-44.9278],[-71.7466,-44.9269],[-71.7475,-44.926],[-71.7486,-44.9253],[-71.751,-44.9247],[-71.7525,-44.9242],[-71.7554,-44.9236],[-71.7581,-44.9241],[-71.7598,-44.9253],[-71.7614,-44.928],[-71.7623,-44.9288],[-71.7629,-44.9295],[-71.7633,-44.9303],[-71.7638,-44.9309],[-71.7644,-44.9315],[-71.7651,-44.9323],[-71.766,-44.9332],[-71.7671,-44.9342],[-71.7677,-44.9348],[-71.7687,-44.9356],[-71.7698,-44.9366],[-71.7706,-44.937],[-71.7722,-44.9376],[-71.773,-44.9378],[-71.7744,-44.938],[-71.776,-44.9379],[-71.7768,-44.9375],[-71.7776,-44.9369],[-71.7786,-44.936],[-71.7794,-44.9354],[-71.78,-44.9346],[-71.7808,-44.9339],[-71.7815,-44.933],[-71.7831,-44.9316],[-71.7838,-44.931],[-71.7852,-44.9306],[-71.7861,-44.9304],[-71.7872,-44.9299],[-71.7882,-44.9294],[-71.7891,-44.929],[-71.7906,-44.9283],[-71.7919,-44.9281],[-71.7931,-44.9281],[-71.7948,-44.9282],[-71.7964,-44.9282],[-71.7976,-44.9282],[-71.7987,-44.9282],[-71.7998,-44.9283],[-71.8007,-44.9281],[-71.802,-44.9277],[-71.8033,-44.927],[-71.8039,-44.9263],[-71.8044,-44.9254],[-71.8045,-44.9236],[-71.8045,-44.9227],[-71.8044,-44.9219],[-71.8045,-44.9208],[-71.8048,-44.9202],[-71.8055,-44.9194],[-71.8068,-44.9186],[-71.8077,-44.9182],[-71.8086,-44.9179],[-71.81,-44.9174],[-71.8116,-44.9169],[-71.8134,-44.9166],[-71.8147,-44.9167],[-71.8163,-44.917],[-71.8183,-44.9176],[-71.8193,-44.9183],[-71.8203,-44.9189],[-71.8215,-44.9199],[-71.8229,-44.9208],[-71.824,-44.9215],[-71.8248,-44.9226],[-71.8256,-44.9242],[-71.8268,-44.9255],[-71.8295,-44.9256],[-71.8321,-44.925],[-71.835,-44.9249],[-71.8372,-44.9252],[-71.8395,-44.9259],[-71.8429,-44.9268],[-71.8454,-44.9278],[-71.8474,-44.9287],[-71.8491,-44.9294],[-71.8501,-44.9313],[-71.8509,-44.9325],[-71.8519,-44.9338],[-71.8523,-44.9348],[-71.8533,-44.9359],[-71.8552,-44.9374],[-71.8562,-44.9394],[-71.8576,-44.9409],[-71.8621,-44.9441],[-71.8627,-44.9447],[-71.8638,-44.9457],[-71.8646,-44.9462],[-71.8658,-44.9468],[-71.8666,-44.9472],[-71.868,-44.948],[-71.869,-44.9486],[-71.8709,-44.9493],[-71.8727,-44.9501],[-71.8736,-44.9511],[-71.874,-44.9529],[-71.8742,-44.9538],[-71.8746,-44.9548],[-71.8763,-44.9559],[-71.8775,-44.9562],[-71.879,-44.9563],[-71.8802,-44.956],[-71.8815,-44.9549],[-71.8821,-44.9538],[-71.8826,-44.9525],[-71.8827,-44.9516],[-71.883,-44.9505],[-71.8831,-44.9495],[-71.8832,-44.948],[-71.8832,-44.947],[-71.8835,-44.946],[-71.8835,-44.945],[-71.8831,-44.9439],[-71.8829,-44.9432],[-71.8829,-44.9425],[-71.8849,-44.9425],[-71.8856,-44.9435],[-71.8864,-44.9442],[-71.8875,-44.9448],[-71.8886,-44.9453],[-71.8902,-44.9458],[-71.8925,-44.9461],[-71.8941,-44.9465],[-71.8953,-44.9464],[-71.8966,-44.9463],[-71.8981,-44.946],[-71.8991,-44.9457],[-71.901,-44.9457],[-71.9036,-44.9453],[-71.9048,-44.9455],[-71.9057,-44.9454],[-71.9069,-44.9454],[-71.9076,-44.945],[-71.9088,-44.9445],[-71.9093,-44.9438],[-71.9104,-44.9434],[-71.9115,-44.9431],[-71.9128,-44.9429],[-71.9137,-44.9427],[-71.9155,-44.9422],[-71.9172,-44.942],[-71.9185,-44.9419],[-71.9207,-44.9415],[-71.9227,-44.9411],[-71.9238,-44.9406],[-71.9243,-44.9396],[-71.9243,-44.9383],[-71.9244,-44.9376],[-71.9252,-44.9366],[-71.9263,-44.935],[-71.9268,-44.9333],[-71.9277,-44.9316],[-71.9293,-44.9302],[-71.9308,-44.9293],[-71.9329,-44.9285],[-71.9359,-44.927],[-71.9374,-44.9257],[-71.9439,-44.9211],[-71.9446,-44.9205],[-71.9452,-44.9198],[-71.9464,-44.919],[-71.9479,-44.9188],[-71.9492,-44.9186],[-71.9508,-44.9184],[-71.9523,-44.9179],[-71.9539,-44.9177],[-71.9553,-44.9176],[-71.9565,-44.9175],[-71.958,-44.9175],[-71.96,-44.9175],[-71.9615,-44.9175],[-71.9633,-44.9175],[-71.9648,-44.9178],[-71.9661,-44.9178],[-71.9676,-44.9177],[-71.9687,-44.9167],[-71.9694,-44.9159],[-71.9702,-44.9146],[-71.9705,-44.9138],[-71.9709,-44.9129],[-71.9711,-44.9122],[-71.9712,-44.9113],[-71.9715,-44.9103],[-71.9719,-44.9091],[-71.9723,-44.9082],[-71.9725,-44.9072],[-71.9731,-44.9057],[-71.9736,-44.9044],[-71.9743,-44.9039],[-71.9754,-44.9029],[-71.9761,-44.9022],[-71.9768,-44.9017],[-71.9775,-44.9011],[-71.979,-44.9002],[-71.9802,-44.8999],[-71.9819,-44.8996],[-71.9829,-44.8996],[-71.9839,-44.8995],[-71.9851,-44.8996],[-71.9866,-44.8995],[-71.9876,-44.8994],[-71.9891,-44.8996],[-71.9904,-44.8996],[-71.9911,-44.8993],[-71.9918,-44.8988],[-71.9926,-44.8981],[-71.9938,-44.8974],[-71.9947,-44.8972],[-71.9961,-44.897],[-71.997,-44.8968],[-71.998,-44.8967],[-71.999,-44.8967],[-72.0002,-44.8965],[-72.0015,-44.8963],[-72.0027,-44.896],[-72.0042,-44.8956],[-72.0064,-44.8953],[-72.008,-44.8953],[-72.0092,-44.8952],[-72.0105,-44.8951],[-72.0118,-44.8951],[-72.0131,-44.895],[-72.0141,-44.895],[-72.0162,-44.8952],[-72.0173,-44.8957],[-72.0181,-44.8962],[-72.0194,-44.897],[-72.0208,-44.8975],[-72.0216,-44.898],[-72.0223,-44.8988],[-72.0234,-44.8993],[-72.024,-44.8998],[-72.0246,-44.9004],[-72.027,-44.9011],[-72.0289,-44.9006],[-72.0301,-44.9003],[-72.032,-44.8997],[-72.0337,-44.8988],[-72.0346,-44.8982],[-72.0353,-44.8976],[-72.036,-44.8972],[-72.0367,-44.8964],[-72.0369,-44.8952],[-72.0371,-44.8942],[-72.0374,-44.8926],[-72.0374,-44.8915],[-72.0374,-44.8905],[-72.0375,-44.8898],[-72.0378,-44.8891],[-72.0385,-44.8882],[-72.0392,-44.8875],[-72.0401,-44.8865],[-72.0409,-44.8858],[-72.0416,-44.885],[-72.0422,-44.884],[-72.0426,-44.8831],[-72.0432,-44.8815],[-72.0436,-44.8808],[-72.0441,-44.8801],[-72.0451,-44.8792],[-72.046,-44.8786],[-72.0471,-44.8781],[-72.0481,-44.8777],[-72.0492,-44.8772],[-72.0504,-44.8769],[-72.0527,-44.8766],[-72.0549,-44.8765],[-72.0576,-44.8761],[-72.0591,-44.8758],[-72.0601,-44.8756],[-72.0612,-44.8755],[-72.063,-44.8752],[-72.064,-44.8751],[-72.0656,-44.8745],[-72.0649,-44.8734],[-72.0642,-44.8729],[-72.0632,-44.8722],[-72.0619,-44.8715],[-72.0604,-44.8706],[-72.0595,-44.8701],[-72.0581,-44.8694],[-72.0566,-44.8688],[-72.0557,-44.8685],[-72.0548,-44.8681],[-72.0533,-44.8675],[-72.0525,-44.8671],[-72.051,-44.8665],[-72.0492,-44.8657],[-72.0479,-44.8652],[-72.0465,-44.8646],[-72.0449,-44.8641],[-72.044,-44.8637],[-72.0425,-44.8631],[-72.0417,-44.8628],[-72.0404,-44.8623],[-72.0391,-44.862],[-72.0378,-44.8616],[-72.0363,-44.8606],[-72.0366,-44.8596],[-72.0371,-44.8589],[-72.0381,-44.8578],[-72.04,-44.8571],[-72.0426,-44.8565],[-72.0436,-44.8562],[-72.0457,-44.8557],[-72.048,-44.855],[-72.0509,-44.854],[-72.0518,-44.8536],[-72.0532,-44.8529],[-72.056,-44.8505],[-72.0573,-44.8497],[-72.0581,-44.8492],[-72.0592,-44.8488],[-72.0606,-44.8484],[-72.0615,-44.8482],[-72.0632,-44.848],[-72.0648,-44.8477],[-72.0657,-44.8473],[-72.0663,-44.8464],[-72.066,-44.8452],[-72.065,-44.8441],[-72.0637,-44.8435],[-72.0624,-44.8426],[-72.0618,-44.842],[-72.0611,-44.8409],[-72.0607,-44.8399],[-72.06,-44.839],[-72.0587,-44.8381],[-72.0571,-44.8373],[-72.0563,-44.8369],[-72.0547,-44.8363],[-72.0538,-44.836],[-72.0522,-44.8354],[-72.0514,-44.8351],[-72.0496,-44.8342],[-72.0487,-44.8334],[-72.0485,-44.8326],[-72.0485,-44.8314],[-72.0488,-44.8307],[-72.0492,-44.8301],[-72.0499,-44.8292],[-72.0504,-44.8284],[-72.0507,-44.8277],[-72.0506,-44.8267],[-72.0499,-44.8259],[-72.0493,-44.8253],[-72.0487,-44.8247],[-72.0478,-44.8238],[-72.0464,-44.8228],[-72.0457,-44.8223],[-72.0445,-44.8215],[-72.0439,-44.8209],[-72.043,-44.8198],[-72.0423,-44.8187],[-72.0419,-44.818],[-72.0414,-44.8173],[-72.0409,-44.8159],[-72.0402,-44.8142],[-72.0393,-44.8127],[-72.0386,-44.8116],[-72.038,-44.8103],[-72.0376,-44.8091],[-72.0374,-44.8084],[-72.0369,-44.8067],[-72.0363,-44.8056],[-72.0339,-44.8049],[-72.0321,-44.8048],[-72.0311,-44.8047],[-72.0301,-44.8046],[-72.0288,-44.8042],[-72.0281,-44.8032],[-72.0284,-44.8023],[-72.0306,-44.8003],[-72.0318,-44.7994],[-72.0327,-44.7989],[-72.0334,-44.7984],[-72.0341,-44.7979],[-72.0352,-44.7971],[-72.0363,-44.7962],[-72.0376,-44.7952],[-72.0389,-44.7943],[-72.0397,-44.7937],[-72.0408,-44.7932],[-72.0422,-44.7925],[-72.0435,-44.7921],[-72.0444,-44.7918],[-72.0453,-44.7917],[-72.0469,-44.7914],[-72.0484,-44.7913],[-72.0498,-44.7914],[-72.052,-44.7916],[-72.0531,-44.7915],[-72.054,-44.7914],[-72.0555,-44.791],[-72.0563,-44.7907],[-72.0574,-44.7901],[-72.0586,-44.7893],[-72.0599,-44.7886],[-72.0614,-44.7879],[-72.0625,-44.7875],[-72.0636,-44.7869],[-72.0648,-44.7863],[-72.0659,-44.7857],[-72.0665,-44.785],[-72.0671,-44.784],[-72.0679,-44.7828],[-72.0683,-44.7822],[-72.0688,-44.7816],[-72.0696,-44.7805],[-72.0703,-44.7796],[-72.0709,-44.7788],[-72.0716,-44.7778],[-72.0718,-44.7769],[-72.071,-44.7761],[-72.0696,-44.7754],[-72.0687,-44.7752],[-72.0676,-44.775],[-72.0658,-44.7742],[-72.0647,-44.7736],[-72.0641,-44.773],[-72.0635,-44.772],[-72.0632,-44.7712],[-72.0629,-44.7702],[-72.0626,-44.7689],[-72.0626,-44.7679],[-72.0627,-44.7673],[-72.063,-44.7665],[-72.0634,-44.7656],[-72.0638,-44.7648],[-72.0643,-44.764],[-72.0647,-44.763],[-72.065,-44.7621],[-72.0652,-44.7609],[-72.0652,-44.7596],[-72.0652,-44.7583],[-72.0653,-44.7575],[-72.0652,-44.7559],[-72.065,-44.7553],[-72.0645,-44.7547],[-72.0636,-44.7543],[-72.0627,-44.7541],[-72.0617,-44.754],[-72.06,-44.7539],[-72.059,-44.754],[-72.0574,-44.7544],[-72.0561,-44.7545],[-72.0549,-44.7545],[-72.0536,-44.7545],[-72.0523,-44.7546],[-72.051,-44.7547],[-72.0498,-44.7548],[-72.048,-44.7549],[-72.0465,-44.755],[-72.0453,-44.7553],[-72.0436,-44.756],[-72.0424,-44.7567],[-72.0411,-44.7574],[-72.0402,-44.7577],[-72.0394,-44.7581],[-72.0375,-44.7589],[-72.0363,-44.7593],[-72.0354,-44.7596],[-72.0339,-44.7601],[-72.0327,-44.7606],[-72.0314,-44.7612],[-72.0306,-44.7617],[-72.0289,-44.7617],[-72.0271,-44.7607],[-72.0261,-44.76],[-72.0251,-44.7591],[-72.0241,-44.7578],[-72.0235,-44.7564],[-72.0231,-44.7557],[-72.0222,-44.7546],[-72.0212,-44.7541],[-72.0197,-44.7534],[-72.0184,-44.7535],[-72.0164,-44.7537],[-72.0144,-44.7545],[-72.0135,-44.7556],[-72.0132,-44.7564],[-72.013,-44.7577],[-72.0133,-44.7592],[-72.0139,-44.7603],[-72.015,-44.7616],[-72.0157,-44.7624],[-72.0163,-44.7632],[-72.0167,-44.7642],[-72.0173,-44.7656],[-72.0174,-44.7666],[-72.0169,-44.7679],[-72.0165,-44.7686],[-72.0146,-44.7696],[-72.0135,-44.7698],[-72.0126,-44.7699],[-72.0109,-44.7699],[-72.0098,-44.7702],[-72.0087,-44.7712],[-72.0083,-44.7722],[-72.0071,-44.7733],[-72.0064,-44.7738],[-72.0058,-44.7747],[-72.0054,-44.7756],[-72.0051,-44.7772],[-72.0052,-44.7781],[-72.0055,-44.7789],[-72.0057,-44.7796],[-72.0055,-44.7808],[-72.0051,-44.7816],[-72.0044,-44.7821],[-72.0036,-44.7824],[-72.0014,-44.783],[-72.0004,-44.7831],[-71.9988,-44.7831],[-71.997,-44.7828],[-71.9957,-44.7824],[-71.9949,-44.7821],[-71.9935,-44.7815],[-71.9924,-44.7809],[-71.9914,-44.7802],[-71.9904,-44.7795],[-71.9897,-44.7791],[-71.9881,-44.7783],[-71.9871,-44.778],[-71.9848,-44.7773],[-71.9825,-44.7772],[-71.9815,-44.7774],[-71.9807,-44.7778],[-71.9799,-44.7782],[-71.9792,-44.7786],[-71.9784,-44.7791],[-71.9776,-44.7797],[-71.9767,-44.7803],[-71.9759,-44.7809],[-71.975,-44.7813],[-71.9739,-44.7815],[-71.9721,-44.7814],[-71.9712,-44.7814],[-71.9696,-44.7819],[-71.9684,-44.7825],[-71.9675,-44.783],[-71.9665,-44.7834],[-71.9656,-44.7835],[-71.9646,-44.7835],[-71.9628,-44.7838],[-71.9611,-44.7841],[-71.9601,-44.7843],[-71.9589,-44.7844],[-71.958,-44.7844],[-71.9571,-44.7845],[-71.9561,-44.7846],[-71.9552,-44.7847],[-71.9529,-44.7851],[-71.951,-44.7856],[-71.95,-44.7858],[-71.9483,-44.7863],[-71.9453,-44.7883],[-71.9419,-44.7901],[-71.9409,-44.7911],[-71.9399,-44.7921],[-71.939,-44.7929],[-71.9379,-44.7937],[-71.9366,-44.7947],[-71.9359,-44.7952],[-71.9348,-44.7961],[-71.9341,-44.7966],[-71.9328,-44.7976],[-71.9307,-44.799],[-71.9297,-44.7995],[-71.9285,-44.7998],[-71.9274,-44.7998],[-71.9253,-44.7995],[-71.9239,-44.7987],[-71.9232,-44.798],[-71.9226,-44.7975],[-71.9211,-44.7969],[-71.9207,-44.7953],[-71.9209,-44.7944],[-71.9214,-44.7935],[-71.922,-44.7924],[-71.9224,-44.7918],[-71.9228,-44.791],[-71.923,-44.7901],[-71.923,-44.7894],[-71.923,-44.7885],[-71.9227,-44.7874],[-71.922,-44.7863],[-71.9215,-44.7857],[-71.921,-44.7851],[-71.9203,-44.7839],[-71.9206,-44.7823],[-71.921,-44.7816],[-71.9215,-44.7805],[-71.9221,-44.7789],[-71.9222,-44.7781],[-71.9221,-44.7773],[-71.9217,-44.7767],[-71.9211,-44.776],[-71.9203,-44.7756],[-71.9193,-44.7751],[-71.9183,-44.7747],[-71.9167,-44.7742],[-71.9149,-44.7738],[-71.9131,-44.7735],[-71.912,-44.7735],[-71.9111,-44.7737],[-71.9101,-44.774],[-71.9091,-44.7745],[-71.908,-44.7749],[-71.9066,-44.7754],[-71.9053,-44.776],[-71.9044,-44.7766],[-71.903,-44.7775],[-71.9018,-44.7785],[-71.8997,-44.7795],[-71.8982,-44.7796],[-71.897,-44.7801],[-71.8959,-44.7804],[-71.8943,-44.7806],[-71.8926,-44.781],[-71.8914,-44.7814],[-71.8897,-44.7818],[-71.8887,-44.7822],[-71.8879,-44.7827],[-71.8872,-44.7833],[-71.8862,-44.7847],[-71.8856,-44.7858],[-71.885,-44.7865],[-71.8842,-44.7876],[-71.8838,-44.7882],[-71.8832,-44.7891],[-71.8828,-44.7897],[-71.8818,-44.7908],[-71.8811,-44.7917],[-71.8798,-44.7922],[-71.8776,-44.7924],[-71.8765,-44.7924],[-71.8756,-44.7925],[-71.8747,-44.7925],[-71.8724,-44.7928],[-71.8705,-44.7929],[-71.8695,-44.7929],[-71.8679,-44.7929],[-71.8661,-44.7929],[-71.8646,-44.7933],[-71.8635,-44.7936],[-71.8624,-44.794],[-71.8615,-44.7944],[-71.8601,-44.7949],[-71.8587,-44.7955],[-71.8566,-44.7965],[-71.8554,-44.7974],[-71.8546,-44.7979],[-71.8537,-44.7985],[-71.8528,-44.7988],[-71.851,-44.7987],[-71.8496,-44.7984],[-71.8485,-44.7981],[-71.8475,-44.7977],[-71.8461,-44.7971],[-71.8452,-44.7966],[-71.8438,-44.7958],[-71.8424,-44.795],[-71.8413,-44.7943],[-71.8401,-44.7937],[-71.8387,-44.7929],[-71.8378,-44.7923],[-71.8358,-44.7916],[-71.8346,-44.7911],[-71.8333,-44.7907],[-71.8311,-44.79],[-71.8291,-44.7896],[-71.8279,-44.7894],[-71.8267,-44.7893],[-71.8252,-44.7892],[-71.8231,-44.7893],[-71.8217,-44.7897],[-71.8202,-44.7902],[-71.8184,-44.7906],[-71.8176,-44.7908],[-71.8164,-44.7911],[-71.8153,-44.7912],[-71.8138,-44.7907],[-71.8125,-44.7901],[-71.8117,-44.7896],[-71.8108,-44.7892],[-71.8092,-44.7885],[-71.8084,-44.7882],[-71.8076,-44.7877],[-71.8065,-44.7869],[-71.8063,-44.7847],[-71.8066,-44.7838],[-71.8072,-44.7826],[-71.8085,-44.7819],[-71.81,-44.7814],[-71.811,-44.7811],[-71.8122,-44.7807],[-71.8137,-44.7805],[-71.8159,-44.7802],[-71.8172,-44.7802],[-71.819,-44.7801],[-71.8199,-44.78],[-71.8207,-44.7796],[-71.8215,-44.7793],[-71.8224,-44.7788],[-71.8234,-44.7783],[-71.824,-44.7777],[-71.8244,-44.7766],[-71.8245,-44.7755],[-71.8245,-44.7748],[-71.8242,-44.7732],[-71.8238,-44.7725],[-71.8235,-44.7718],[-71.8218,-44.7707],[-71.8205,-44.7702],[-71.8197,-44.7697],[-71.8181,-44.7687],[-71.817,-44.7678],[-71.8161,-44.767],[-71.8153,-44.7664],[-71.8146,-44.7657],[-71.8139,-44.765],[-71.8128,-44.7639],[-71.8121,-44.7627],[-71.8118,-44.7619],[-71.8115,-44.7612],[-71.8104,-44.7604],[-71.8093,-44.76],[-71.8083,-44.7597],[-71.8075,-44.7594],[-71.8065,-44.7592],[-71.8055,-44.759],[-71.8047,-44.7587],[-71.8033,-44.7583],[-71.8019,-44.7572],[-71.8012,-44.7563],[-71.8005,-44.7556],[-71.8,-44.7551],[-71.799,-44.7545],[-71.7969,-44.7537],[-71.7955,-44.7532],[-71.7933,-44.7523],[-71.7916,-44.7511],[-71.7899,-44.7501],[-71.7883,-44.7493],[-71.7874,-44.7491],[-71.7857,-44.749],[-71.7848,-44.749],[-71.7839,-44.7491],[-71.7826,-44.7492],[-71.7813,-44.7496],[-71.7802,-44.7502],[-71.7795,-44.7506],[-71.7785,-44.751],[-71.7769,-44.7513],[-71.7759,-44.7516],[-71.7746,-44.752],[-71.7736,-44.752],[-71.7726,-44.752],[-71.7708,-44.7523],[-71.7692,-44.7528],[-71.7672,-44.7535],[-71.7654,-44.7543],[-71.7638,-44.7556],[-71.7625,-44.7563],[-71.7618,-44.757],[-71.7609,-44.7581],[-71.7602,-44.7588],[-71.7592,-44.7598],[-71.7584,-44.7602],[-71.7574,-44.7604],[-71.756,-44.7604],[-71.7543,-44.7601],[-71.753,-44.7601],[-71.752,-44.7604],[-71.7507,-44.7606],[-71.7496,-44.7601],[-71.7483,-44.7594],[-71.7479,-44.7588],[-71.7469,-44.758],[-71.7455,-44.758],[-71.745,-44.759],[-71.7448,-44.7601],[-71.7437,-44.7608],[-71.7417,-44.7617],[-71.7409,-44.762],[-71.7403,-44.7625],[-71.7391,-44.7633],[-71.7382,-44.7637],[-71.7369,-44.7642],[-71.7358,-44.7646],[-71.7349,-44.7648],[-71.7339,-44.7649],[-71.7329,-44.7649],[-71.7307,-44.7649],[-71.7292,-44.7649],[-71.7278,-44.7648],[-71.7263,-44.7647],[-71.7248,-44.7646],[-71.7233,-44.7644],[-71.7215,-44.7643],[-71.7199,-44.7642],[-71.719,-44.7641],[-71.7173,-44.7642],[-71.7156,-44.7643],[-71.7139,-44.7645],[-71.7127,-44.7648],[-71.7113,-44.7652],[-71.7099,-44.7658],[-71.7085,-44.7662],[-71.7076,-44.7663],[-71.7066,-44.7664],[-71.7051,-44.7663],[-71.7038,-44.7659],[-71.7023,-44.7651],[-71.7011,-44.7645],[-71.6999,-44.7644],[-71.6982,-44.764],[-71.6972,-44.7634],[-71.6963,-44.7626],[-71.6953,-44.762],[-71.6943,-44.7614],[-71.6934,-44.7611],[-71.6925,-44.761],[-71.6914,-44.7612],[-71.6899,-44.7616],[-71.6889,-44.7619],[-71.688,-44.7621],[-71.6869,-44.7624],[-71.6858,-44.7627],[-71.6837,-44.7637],[-71.6827,-44.7643],[-71.6814,-44.7647],[-71.6803,-44.7651],[-71.6789,-44.7658],[-71.6782,-44.7662],[-71.6772,-44.7668],[-71.6758,-44.7679],[-71.6752,-44.7688],[-71.6747,-44.7697],[-71.6745,-44.7707],[-71.6742,-44.7718],[-71.674,-44.7734],[-71.6739,-44.7741],[-71.6739,-44.7747],[-71.6738,-44.7761],[-71.6739,-44.7777],[-71.6739,-44.7786],[-71.6737,-44.7799],[-71.6735,-44.7808],[-71.673,-44.7818],[-71.6709,-44.7828],[-71.6697,-44.7824],[-71.6679,-44.7824],[-71.6657,-44.7822],[-71.6642,-44.7823],[-71.663,-44.7825],[-71.6617,-44.7827],[-71.66,-44.7827],[-71.658,-44.7822],[-71.6542,-44.7815],[-71.6528,-44.7814],[-71.6511,-44.7815],[-71.6501,-44.7811],[-71.6487,-44.7806],[-71.6471,-44.7802],[-71.6461,-44.7796],[-71.6449,-44.7792],[-71.6429,-44.7789],[-71.6418,-44.7788],[-71.6403,-44.7785],[-71.6396,-44.7779],[-71.6357,-44.7769],[-71.6338,-44.7767],[-71.632,-44.7766],[-71.6304,-44.7766],[-71.629,-44.7766],[-71.6277,-44.7768],[-71.6262,-44.7767],[-71.6248,-44.7764],[-71.6236,-44.7759],[-71.6222,-44.7755],[-71.6208,-44.7753],[-71.619,-44.7748],[-71.6173,-44.7742],[-71.6163,-44.7741],[-71.6153,-44.774],[-71.6089,-44.7748],[-71.6073,-44.7751],[-71.606,-44.7753],[-71.6044,-44.7756],[-71.6023,-44.7762],[-71.6006,-44.7764],[-71.599,-44.7766],[-71.5979,-44.7767],[-71.5964,-44.7767],[-71.5948,-44.7763],[-71.5933,-44.776],[-71.5926,-44.7752],[-71.5921,-44.7744],[-71.592,-44.7734],[-71.5915,-44.7725],[-71.5915,-44.7718],[-71.5916,-44.771],[-71.5921,-44.7704],[-71.5933,-44.7692],[-71.594,-44.7686],[-71.5944,-44.768],[-71.595,-44.7671],[-71.5945,-44.7653],[-71.5931,-44.7639],[-71.5914,-44.7622],[-71.5898,-44.7608],[-71.5884,-44.7595],[-71.5877,-44.7587],[-71.5868,-44.7571],[-71.5852,-44.7559],[-71.5845,-44.7549],[-71.5841,-44.7538],[-71.5836,-44.7533],[-71.583,-44.7521],[-71.5816,-44.7497],[-71.5804,-44.7491],[-71.5789,-44.7483],[-71.5772,-44.7482],[-71.5747,-44.7486],[-71.5722,-44.7494],[-71.5711,-44.7504],[-71.5701,-44.7515],[-71.5693,-44.7522],[-71.5686,-44.7532],[-71.5677,-44.7541],[-71.5668,-44.7548],[-71.566,-44.7552],[-71.565,-44.7557],[-71.5635,-44.7557],[-71.5622,-44.7554],[-71.5614,-44.7547],[-71.5609,-44.7538],[-71.5598,-44.7528],[-71.5591,-44.7519],[-71.5565,-44.7508],[-71.5543,-44.7507],[-71.5518,-44.7504],[-71.5497,-44.75],[-71.5476,-44.7496],[-71.5458,-44.7491],[-71.5443,-44.7488],[-71.5421,-44.7483],[-71.5402,-44.7478],[-71.5394,-44.7475],[-71.5384,-44.7469],[-71.5379,-44.7457],[-71.5377,-44.7445],[-71.5377,-44.7435],[-71.5365,-44.742],[-71.5355,-44.7413],[-71.5337,-44.7405],[-71.5319,-44.7399],[-71.53,-44.7396],[-71.5278,-44.7394],[-71.5263,-44.7394],[-71.5249,-44.7399],[-71.5238,-44.7407],[-71.5226,-44.7414],[-71.5216,-44.7418],[-71.5204,-44.7418],[-71.5193,-44.7414],[-71.5182,-44.7405],[-71.5171,-44.7398],[-71.5159,-44.739],[-71.5142,-44.7385],[-71.512,-44.7385],[-71.5097,-44.7387],[-71.5073,-44.739],[-71.5038,-44.738],[-71.5019,-44.7371],[-71.5,-44.7364],[-71.4973,-44.7344],[-71.4959,-44.7342],[-71.4941,-44.7338],[-71.4923,-44.7335],[-71.4902,-44.7337],[-71.4886,-44.7337],[-71.4876,-44.7336],[-71.4853,-44.7339],[-71.4843,-44.7338],[-71.4833,-44.7338],[-71.4822,-44.7338],[-71.4813,-44.7338],[-71.4801,-44.7339],[-71.4791,-44.7339],[-71.4781,-44.734],[-71.4762,-44.7341],[-71.4751,-44.7342],[-71.4733,-44.7344],[-71.4718,-44.7348],[-71.4699,-44.7354],[-71.4689,-44.736],[-71.4681,-44.7369],[-71.4673,-44.7385],[-71.4669,-44.7398],[-71.4667,-44.7405],[-71.4662,-44.7418],[-71.4657,-44.7426],[-71.4648,-44.743],[-71.4635,-44.7432],[-71.4621,-44.7432],[-71.4606,-44.7434],[-71.4594,-44.7437],[-71.458,-44.7444],[-71.4571,-44.7451],[-71.4561,-44.7461],[-71.4555,-44.7466],[-71.4548,-44.7472],[-71.4534,-44.7479],[-71.4512,-44.7481],[-71.4489,-44.7482],[-71.448,-44.7483],[-71.447,-44.7484],[-71.4459,-44.7486],[-71.4447,-44.7489],[-71.4436,-44.7491],[-71.4425,-44.7493],[-71.4416,-44.7496],[-71.4408,-44.7499],[-71.4399,-44.7502],[-71.4385,-44.7507],[-71.4376,-44.7511],[-71.4368,-44.7515],[-71.4361,-44.7521],[-71.4353,-44.7526],[-71.434,-44.7536],[-71.4328,-44.7545],[-71.4323,-44.7553],[-71.4318,-44.756],[-71.4314,-44.7567],[-71.4311,-44.7575],[-71.4308,-44.7583],[-71.4307,-44.7589],[-71.4304,-44.7597],[-71.4302,-44.7605],[-71.4299,-44.7612],[-71.4292,-44.7624],[-71.4286,-44.7631],[-71.428,-44.7637],[-71.4269,-44.7647],[-71.4256,-44.7655],[-71.4248,-44.7659],[-71.424,-44.7663],[-71.4221,-44.7671],[-71.4211,-44.7677],[-71.42,-44.7682],[-71.4185,-44.7689],[-71.4177,-44.7693],[-71.4162,-44.77],[-71.4153,-44.7704],[-71.414,-44.771],[-71.4131,-44.7714],[-71.4117,-44.7723],[-71.4109,-44.773],[-71.4103,-44.7735],[-71.4095,-44.7741],[-71.4089,-44.7746],[-71.4078,-44.7758],[-71.4069,-44.7765],[-71.4063,-44.7771],[-71.4054,-44.7779],[-71.4048,-44.7784],[-71.404,-44.7792],[-71.4033,-44.78],[-71.4023,-44.781],[-71.4018,-44.7815],[-71.4009,-44.7826],[-71.4003,-44.7834],[-71.3996,-44.7841],[-71.3988,-44.7848],[-71.398,-44.7853],[-71.397,-44.7858],[-71.3961,-44.7861],[-71.3951,-44.7864],[-71.394,-44.7867],[-71.3921,-44.7871],[-71.391,-44.7874],[-71.39,-44.7876],[-71.3889,-44.7879],[-71.3878,-44.7882],[-71.3868,-44.7884],[-71.3856,-44.7887],[-71.3844,-44.7889],[-71.3834,-44.7892],[-71.3822,-44.7896],[-71.3811,-44.7899],[-71.3801,-44.7903],[-71.379,-44.7907],[-71.378,-44.7911],[-71.3772,-44.7914],[-71.3762,-44.7918],[-71.3751,-44.7923],[-71.3735,-44.7926],[-71.3726,-44.7924],[-71.3716,-44.7916],[-71.3708,-44.7908],[-71.37,-44.7902],[-71.3686,-44.7896],[-71.3673,-44.7889],[-71.3657,-44.7883],[-71.3644,-44.7879],[-71.3629,-44.7877],[-71.3606,-44.7876],[-71.3594,-44.7878],[-71.358,-44.7883],[-71.3566,-44.7885],[-71.3549,-44.7888],[-71.3538,-44.7889],[-71.3527,-44.7891],[-71.3516,-44.7893],[-71.3503,-44.7894],[-71.3491,-44.7896],[-71.3481,-44.7898],[-71.347,-44.79],[-71.3461,-44.7902],[-71.3449,-44.7905],[-71.344,-44.7908],[-71.3427,-44.7915],[-71.3417,-44.7921],[-71.3411,-44.7926],[-71.3404,-44.7933],[-71.3398,-44.7938],[-71.3386,-44.7946],[-71.3379,-44.7951],[-71.3366,-44.796],[-71.3358,-44.7966],[-71.3351,-44.7972],[-71.3343,-44.7981],[-71.3335,-44.799],[-71.333,-44.7997],[-71.3324,-44.8006],[-71.3319,-44.8012],[-71.3314,-44.802],[-71.3309,-44.8025],[-71.3302,-44.8032],[-71.3288,-44.8044],[-71.3275,-44.8047],[-71.3259,-44.8046],[-71.3245,-44.8044],[-71.3233,-44.8041],[-71.3217,-44.8038],[-71.3207,-44.8036],[-71.3196,-44.8033],[-71.3187,-44.8032],[-71.3175,-44.803],[-71.3163,-44.8027],[-71.3154,-44.8025],[-71.3144,-44.8024],[-71.3133,-44.8023],[-71.3123,-44.8023],[-71.3111,-44.8023],[-71.3099,-44.8025],[-71.3087,-44.8026],[-71.3077,-44.8027],[-71.3066,-44.803],[-71.3056,-44.8034],[-71.3047,-44.8037],[-71.3037,-44.804],[-71.3028,-44.8043],[-71.3011,-44.805],[-71.3002,-44.8054],[-71.2995,-44.8057],[-71.2987,-44.8061],[-71.2967,-44.8073],[-71.2949,-44.8086],[-71.2934,-44.8087],[-71.2924,-44.8083],[-71.2916,-44.8073],[-71.2906,-44.8058],[-71.2899,-44.8054],[-71.2882,-44.8051],[-71.2873,-44.805],[-71.286,-44.8048],[-71.2842,-44.8044],[-71.2826,-44.8041],[-71.2816,-44.8039],[-71.2798,-44.8037],[-71.2786,-44.8036],[-71.2777,-44.8035],[-71.2767,-44.8033],[-71.2757,-44.8031],[-71.2739,-44.8028],[-71.2728,-44.8026],[-71.2711,-44.8023],[-71.2702,-44.802],[-71.2684,-44.8017],[-71.2674,-44.8014],[-71.2665,-44.8012],[-71.2655,-44.8009],[-71.2645,-44.8005],[-71.2637,-44.8001],[-71.2629,-44.7998],[-71.262,-44.7993],[-71.2612,-44.799],[-71.2596,-44.7984],[-71.2585,-44.798],[-71.2575,-44.7976],[-71.2566,-44.7973],[-71.2556,-44.7969],[-71.2547,-44.7966],[-71.2539,-44.7963],[-71.2524,-44.7955],[-71.2514,-44.7949],[-71.2505,-44.7942],[-71.2498,-44.7934],[-71.2492,-44.7923],[-71.2493,-44.7914],[-71.2502,-44.7898],[-71.251,-44.7892],[-71.252,-44.7884],[-71.2531,-44.7874],[-71.2535,-44.7868],[-71.2543,-44.7858],[-71.2552,-44.7844],[-71.2554,-44.7836],[-71.2555,-44.7827],[-71.2552,-44.7819],[-71.2538,-44.7806],[-71.2532,-44.7801],[-71.2518,-44.7787],[-71.2513,-44.7781],[-71.2507,-44.7773],[-71.2503,-44.7756],[-71.2501,-44.7749],[-71.2497,-44.7738],[-71.2493,-44.7728],[-71.2488,-44.7716],[-71.2482,-44.7709],[-71.2475,-44.7702],[-71.2455,-44.7698],[-71.2442,-44.7691],[-71.2434,-44.7685],[-71.2427,-44.7679],[-71.2417,-44.7672],[-71.2407,-44.7666],[-71.2399,-44.766],[-71.2389,-44.7655],[-71.238,-44.7648],[-71.237,-44.7643],[-71.236,-44.7635],[-71.2351,-44.7628],[-71.2337,-44.762],[-71.2329,-44.7616],[-71.2321,-44.7613],[-71.2312,-44.7609],[-71.2304,-44.7606],[-71.2287,-44.7599],[-71.2274,-44.7594],[-71.2254,-44.7586],[-71.2243,-44.7581],[-71.2233,-44.7575],[-71.2222,-44.7567],[-71.2215,-44.7561],[-71.2199,-44.7551],[-71.2189,-44.7545],[-71.2179,-44.7538],[-71.2167,-44.753],[-71.2157,-44.7524],[-71.215,-44.7519],[-71.2143,-44.7514],[-71.2136,-44.7508],[-71.213,-44.7503],[-71.2123,-44.7497],[-71.2116,-44.7492],[-71.2104,-44.7483],[-71.2093,-44.7474],[-71.2083,-44.7462],[-71.2079,-44.7454],[-71.2079,-44.7441],[-71.2081,-44.7433],[-71.2084,-44.7424],[-71.2088,-44.7412],[-71.2088,-44.7402],[-71.2083,-44.7389],[-71.2075,-44.7379],[-71.2068,-44.737],[-71.2063,-44.7363],[-71.2058,-44.7354],[-71.2054,-44.7344],[-71.2051,-44.7337],[-71.2049,-44.7327],[-71.2047,-44.7319],[-71.2046,-44.7307],[-71.2046,-44.73],[-71.2047,-44.7287],[-71.2049,-44.727],[-71.205,-44.7263],[-71.2051,-44.7256],[-71.2052,-44.7249],[-71.2053,-44.7242],[-71.2052,-44.7235],[-71.2052,-44.7226],[-71.2052,-44.7216],[-71.2052,-44.7208],[-71.2053,-44.7198],[-71.2054,-44.719],[-71.2055,-44.7182],[-71.2056,-44.7175],[-71.2057,-44.7166],[-71.2058,-44.7158],[-71.2059,-44.7149],[-71.206,-44.714],[-71.2062,-44.7132],[-71.2064,-44.7124],[-71.2067,-44.7117],[-71.2072,-44.7111],[-71.2081,-44.7108],[-71.2095,-44.7107],[-71.2109,-44.7103],[-71.212,-44.7098],[-71.2134,-44.7093],[-71.2145,-44.7084],[-71.2147,-44.7068],[-71.2147,-44.7061],[-71.2146,-44.7055],[-71.2144,-44.7045],[-71.214,-44.7032],[-71.2139,-44.7024],[-71.2138,-44.7015],[-71.2136,-44.7002],[-71.2137,-44.6993],[-71.2142,-44.6981],[-71.2142,-44.6972],[-71.214,-44.6954],[-71.2132,-44.6943],[-71.2128,-44.6937],[-71.2122,-44.693],[-71.2112,-44.6919],[-71.2108,-44.6913],[-71.2095,-44.69],[-71.2079,-44.6887],[-71.2063,-44.6877],[-71.2057,-44.6872],[-71.2049,-44.6867],[-71.2041,-44.686],[-71.2034,-44.6856],[-71.2025,-44.6851],[-71.2017,-44.6846],[-71.2011,-44.6841],[-71.2,-44.6832],[-71.1991,-44.6824],[-71.1983,-44.6813],[-71.1984,-44.6803],[-71.1987,-44.6797],[-71.1993,-44.679],[-71.2007,-44.6777],[-71.2015,-44.6769],[-71.2021,-44.6764],[-71.2031,-44.6753],[-71.2037,-44.6747],[-71.2042,-44.6741],[-71.2047,-44.6735],[-71.2051,-44.673],[-71.2057,-44.6724],[-71.2068,-44.6719],[-71.2083,-44.6715],[-71.21,-44.6713],[-71.2116,-44.671],[-71.2133,-44.6708],[-71.2146,-44.6709],[-71.2155,-44.6712],[-71.2162,-44.6715],[-71.2176,-44.6719],[-71.2189,-44.6722],[-71.2202,-44.6723],[-71.2214,-44.6722],[-71.2224,-44.6718],[-71.2241,-44.6709],[-71.2248,-44.6702],[-71.2249,-44.6695],[-71.2249,-44.6689],[-71.2245,-44.6677],[-71.2243,-44.6669],[-71.224,-44.6661],[-71.2236,-44.6655],[-71.2232,-44.6649],[-71.2214,-44.6618],[-71.2224,-44.6607],[-71.2237,-44.6607],[-71.2248,-44.6597]]]]},"geometry_name":"geom","properties":{"nombre":"ALTO RIO SENGUER"},"bbox":[-72.0718,-45.3846,-70.3055,-44.6597]},{"type":"Feature","id":"juzgados.36","geometry":{"type":"MultiPolygon","coordinates":[[[[-70.433,-44.6755],[-70.433,-44.6702],[-70.1881,-44.6792],[-70.182,-44.6793],[-69.904,-44.6825],[-69.9003,-44.6825],[-69.6316,-44.6865],[-69.6325,-45.2594],[-69.6595,-45.9172],[-69.6595,-45.9202],[-69.667,-45.9166],[-69.6709,-45.9133],[-69.6705,-45.9084],[-69.6786,-45.9062],[-69.6885,-45.906],[-69.6906,-45.9017],[-69.692,-45.8938],[-69.6956,-45.8903],[-69.7011,-45.8887],[-69.7089,-45.8817],[-69.7136,-45.8798],[-69.7197,-45.8769],[-69.7226,-45.8723],[-69.7259,-45.8644],[-69.7328,-45.8621],[-69.7386,-45.8586],[-69.7454,-45.8576],[-69.7473,-45.8501],[-69.7519,-45.8461],[-69.7584,-45.843],[-69.7633,-45.8386],[-69.7689,-45.8299],[-69.7688,-45.8234],[-69.7725,-45.818],[-69.7696,-45.8118],[-69.7647,-45.8084],[-69.7585,-45.8047],[-69.7551,-45.8003],[-69.7524,-45.7965],[-69.7488,-45.7923],[-69.7416,-45.7921],[-69.7336,-45.7911],[-69.7287,-45.7832],[-69.7275,-45.778],[-69.7265,-45.7698],[-69.7256,-45.7645],[-69.7263,-45.7539],[-69.7245,-45.7491],[-69.7172,-45.7446],[-69.7103,-45.7379],[-69.7076,-45.7343],[-69.7042,-45.7245],[-69.7031,-45.7158],[-69.704,-45.7078],[-69.705,-45.7007],[-69.703,-45.6957],[-69.7063,-45.6906],[-69.7098,-45.6864],[-69.7187,-45.6851],[-69.7298,-45.6855],[-69.7373,-45.6828],[-69.7432,-45.6766],[-69.7467,-45.6699],[-69.7495,-45.6624],[-69.754,-45.656],[-69.7568,-45.652],[-69.7598,-45.6455],[-69.7593,-45.641],[-69.7595,-45.6367],[-69.7619,-45.6324],[-69.7626,-45.628],[-69.7641,-45.6229],[-69.7648,-45.6174],[-69.7713,-45.6138],[-69.7799,-45.6078],[-69.7804,-45.6033],[-69.7844,-45.599],[-69.7899,-45.5931],[-69.7883,-45.5863],[-69.7924,-45.5755],[-69.7924,-45.571],[-69.8006,-45.5655],[-69.8035,-45.5594],[-69.8045,-45.5547],[-69.8019,-45.5493],[-69.7997,-45.5429],[-69.799,-45.5388],[-69.8026,-45.5283],[-69.8113,-45.5233],[-69.8158,-45.5203],[-69.8218,-45.5169],[-69.8282,-45.513],[-69.8311,-45.5087],[-69.8328,-45.5013],[-69.8325,-45.4951],[-69.8398,-45.4909],[-69.8372,-45.4875],[-69.8396,-45.4831],[-69.8414,-45.4766],[-69.8406,-45.4711],[-69.8437,-45.4677],[-69.8498,-45.4596],[-69.846,-45.4561],[-69.8527,-45.4523],[-69.8629,-45.4502],[-69.8694,-45.4475],[-69.8762,-45.4428],[-69.881,-45.441],[-69.8805,-45.4348],[-69.8858,-45.4267],[-69.8902,-45.4218],[-69.8907,-45.4179],[-69.8951,-45.411],[-69.9006,-45.4093],[-69.9079,-45.41],[-70.0693,-45.4065],[-70.0695,-45.3193],[-70.3302,-45.3145],[-70.3267,-45.2151],[-70.315,-45.2152],[-70.3055,-44.7682],[-70.4329,-44.7655],[-70.433,-44.6755]]]]},"geometry_name":"geom","properties":{"nombre":"FACUNDO"},"bbox":[-70.433,-45.9202,-69.6316,-44.6702]},{"type":"Feature","id":"juzgados.37","geometry":{"type":"MultiPolygon","coordinates":[[[[-68.6383,-44.6917],[-68.6245,-44.6917],[-68.3777,-44.6907],[-68.3701,-45.9976],[-68.8253,-45.997],[-69.4767,-45.9971],[-69.6582,-45.9974],[-69.6595,-45.9202],[-69.6595,-45.9172],[-69.6325,-45.2594],[-69.381,-45.2604],[-69.3781,-45.2921],[-69.3309,-45.2923],[-69.3269,-45.2899],[-69.3266,-45.286],[-69.3286,-45.2801],[-69.3377,-45.2761],[-69.3444,-45.2761],[-69.3472,-45.2725],[-69.3494,-45.2689],[-69.3579,-45.2628],[-69.3598,-45.2585],[-69.3544,-45.2566],[-69.3412,-45.2588],[-69.3356,-45.2565],[-69.3313,-45.2531],[-69.3267,-45.2505],[-69.3212,-45.248],[-69.3156,-45.2469],[-69.3035,-45.2468],[-69.2931,-45.2479],[-69.2843,-45.2506],[-69.2815,-45.2583],[-69.275,-45.265],[-69.2741,-45.2746],[-69.2737,-45.279],[-69.2752,-45.2848],[-69.2781,-45.2917],[-69.2794,-45.2978],[-69.2771,-45.3038],[-69.2743,-45.3076],[-69.2682,-45.3112],[-69.2629,-45.3142],[-69.258,-45.3169],[-69.2521,-45.3187],[-69.2463,-45.3196],[-69.2381,-45.3213],[-69.2318,-45.3217],[-69.2254,-45.318],[-69.2186,-45.3175],[-69.2089,-45.3167],[-69.2029,-45.311],[-69.2002,-45.3054],[-69.1983,-45.301],[-69.1942,-45.2924],[-69.1886,-45.2834],[-69.1848,-45.279],[-69.1825,-45.2751],[-69.1805,-45.2715],[-69.1792,-45.2653],[-69.1799,-45.2582],[-69.1803,-45.253],[-69.18,-45.2449],[-69.1811,-45.2402],[-69.1782,-45.2343],[-69.1761,-45.2298],[-69.172,-45.2256],[-69.1676,-45.2223],[-69.1666,-45.2163],[-69.1599,-45.2136],[-69.1552,-45.2109],[-69.144,-45.2127],[-69.1376,-45.2131],[-69.1299,-45.2164],[-69.1235,-45.2174],[-69.1194,-45.2145],[-69.12,-44.6894],[-68.6383,-44.6917]]]]},"geometry_name":"geom","properties":{"nombre":"SARMIENTO"},"bbox":[-69.6595,-45.9976,-68.3701,-44.6894]},{"type":"Feature","id":"juzgados.38","geometry":{"type":"MultiPolygon","coordinates":[[[[-68.3777,-44.6907],[-67.7525,-44.6961],[-67.6405,-44.6962],[-67.1085,-44.6903],[-67.1084,-44.694],[-67.1054,-44.694],[-67.0947,-45.0503],[-66.3686,-45.0404],[-66.3695,-45.0412],[-66.3698,-45.042],[-66.369,-45.0425],[-66.3682,-45.0435],[-66.3696,-45.0436],[-66.3712,-45.0441],[-66.3724,-45.0451],[-66.3714,-45.0463],[-66.3728,-45.0461],[-66.3739,-45.047],[-66.3743,-45.0478],[-66.3747,-45.049],[-66.3753,-45.0503],[-66.3752,-45.0519],[-66.3752,-45.053],[-66.3737,-45.0546],[-66.3711,-45.0558],[-66.3695,-45.0564],[-66.3667,-45.0571],[-66.3645,-45.0579],[-66.3635,-45.0581],[-66.364,-45.0587],[-66.3664,-45.0585],[-66.3704,-45.0569],[-66.3731,-45.0559],[-66.376,-45.0551],[-66.3786,-45.0542],[-66.3815,-45.0537],[-66.3826,-45.0534],[-66.3849,-45.053],[-66.3857,-45.0525],[-66.3866,-45.0525],[-66.3866,-45.0506],[-66.3883,-45.05],[-66.3907,-45.0495],[-66.3937,-45.0495],[-66.3961,-45.0501],[-66.3972,-45.0505],[-66.3988,-45.0505],[-66.4002,-45.0511],[-66.4022,-45.0521],[-66.4042,-45.0529],[-66.4056,-45.0538],[-66.4079,-45.0552],[-66.4089,-45.0558],[-66.4093,-45.0572],[-66.4089,-45.0579],[-66.4083,-45.0584],[-66.4103,-45.0589],[-66.4127,-45.0591],[-66.4146,-45.0596],[-66.416,-45.06],[-66.417,-45.061],[-66.4192,-45.0616],[-66.4204,-45.0627],[-66.4221,-45.0638],[-66.4229,-45.0651],[-66.4228,-45.0662],[-66.4253,-45.0671],[-66.4261,-45.0678],[-66.4272,-45.0681],[-66.4283,-45.0676],[-66.4312,-45.0678],[-66.4326,-45.0684],[-66.4336,-45.0691],[-66.4343,-45.0697],[-66.4349,-45.0701],[-66.4366,-45.0702],[-66.4388,-45.0706],[-66.441,-45.0712],[-66.4432,-45.0711],[-66.4439,-45.0705],[-66.4447,-45.0699],[-66.446,-45.0699],[-66.4471,-45.0696],[-66.4504,-45.0699],[-66.4531,-45.0703],[-66.4566,-45.0712],[-66.4595,-45.072],[-66.4627,-45.0728],[-66.4661,-45.0741],[-66.4692,-45.0755],[-66.4709,-45.0769],[-66.4737,-45.0784],[-66.4762,-45.0795],[-66.4779,-45.0807],[-66.4802,-45.0822],[-66.4813,-45.0834],[-66.4822,-45.0847],[-66.4821,-45.086],[-66.482,-45.0881],[-66.482,-45.0893],[-66.4824,-45.0902],[-66.4832,-45.0897],[-66.4844,-45.0892],[-66.4861,-45.0891],[-66.4877,-45.0895],[-66.4894,-45.09],[-66.4908,-45.0908],[-66.4915,-45.0921],[-66.4923,-45.0929],[-66.493,-45.0937],[-66.4938,-45.0945],[-66.4938,-45.0954],[-66.4947,-45.0952],[-66.4957,-45.0949],[-66.497,-45.0945],[-66.4987,-45.095],[-66.5003,-45.0952],[-66.5011,-45.0956],[-66.5017,-45.0951],[-66.5019,-45.0941],[-66.5035,-45.0935],[-66.5048,-45.0932],[-66.5062,-45.0938],[-66.5072,-45.0939],[-66.5086,-45.0936],[-66.5102,-45.0927],[-66.5112,-45.0923],[-66.5116,-45.0916],[-66.5105,-45.0909],[-66.5107,-45.09],[-66.5122,-45.0908],[-66.5128,-45.0916],[-66.5141,-45.0923],[-66.5148,-45.0927],[-66.5186,-45.0945],[-66.5204,-45.0962],[-66.5218,-45.0982],[-66.5231,-45.0998],[-66.5242,-45.1014],[-66.5248,-45.1024],[-66.5252,-45.1033],[-66.5283,-45.105],[-66.5301,-45.1067],[-66.5313,-45.1085],[-66.5331,-45.1109],[-66.534,-45.1136],[-66.5351,-45.1168],[-66.5356,-45.1207],[-66.5361,-45.1231],[-66.5365,-45.1249],[-66.5362,-45.1278],[-66.5358,-45.13],[-66.5356,-45.1316],[-66.5353,-45.1332],[-66.5351,-45.135],[-66.5352,-45.1366],[-66.5337,-45.1387],[-66.5328,-45.1403],[-66.5308,-45.1419],[-66.5292,-45.1432],[-66.5275,-45.1446],[-66.5261,-45.1458],[-66.5214,-45.1464],[-66.5194,-45.1455],[-66.5171,-45.1439],[-66.5157,-45.1436],[-66.5132,-45.1444],[-66.5102,-45.1442],[-66.5093,-45.144],[-66.5083,-45.1445],[-66.5064,-45.1443],[-66.5049,-45.1428],[-66.5035,-45.142],[-66.5017,-45.1421],[-66.4998,-45.1421],[-66.4979,-45.1421],[-66.4963,-45.1433],[-66.495,-45.1441],[-66.4935,-45.1449],[-66.4916,-45.1452],[-66.4873,-45.1451],[-66.4853,-45.1444],[-66.4808,-45.1437],[-66.4764,-45.1428],[-66.472,-45.1422],[-66.4703,-45.1413],[-66.4692,-45.1418],[-66.4678,-45.1408],[-66.4651,-45.1408],[-66.4641,-45.142],[-66.4642,-45.1428],[-66.4631,-45.1433],[-66.461,-45.1436],[-66.4589,-45.1439],[-66.4606,-45.1445],[-66.4606,-45.1455],[-66.4618,-45.146],[-66.4631,-45.146],[-66.4644,-45.1463],[-66.4646,-45.1473],[-66.4652,-45.1482],[-66.4662,-45.1484],[-66.4674,-45.1488],[-66.468,-45.1494],[-66.468,-45.1502],[-66.4678,-45.1514],[-66.4678,-45.1523],[-66.469,-45.1523],[-66.4695,-45.153],[-66.4684,-45.1545],[-66.4676,-45.1555],[-66.4671,-45.156],[-66.4675,-45.1571],[-66.4683,-45.1578],[-66.469,-45.159],[-66.4707,-45.1586],[-66.4727,-45.1597],[-66.4734,-45.1611],[-66.4747,-45.1612],[-66.4759,-45.1613],[-66.4772,-45.1617],[-66.4782,-45.1614],[-66.4788,-45.1609],[-66.4796,-45.1604],[-66.4811,-45.1606],[-66.4823,-45.161],[-66.4841,-45.161],[-66.486,-45.1606],[-66.4867,-45.1594],[-66.4891,-45.1583],[-66.4913,-45.1582],[-66.4922,-45.1573],[-66.493,-45.1566],[-66.4939,-45.1569],[-66.4939,-45.1579],[-66.4943,-45.1591],[-66.4941,-45.1597],[-66.4935,-45.1603],[-66.4927,-45.1606],[-66.4923,-45.1618],[-66.4915,-45.1627],[-66.4916,-45.164],[-66.4927,-45.164],[-66.4935,-45.1631],[-66.4935,-45.1624],[-66.4945,-45.1619],[-66.4961,-45.1617],[-66.4974,-45.1617],[-66.4983,-45.1616],[-66.4999,-45.1619],[-66.5012,-45.1616],[-66.5023,-45.1612],[-66.5038,-45.1612],[-66.5047,-45.1618],[-66.5069,-45.1621],[-66.5069,-45.1614],[-66.5077,-45.1608],[-66.5078,-45.1592],[-66.5076,-45.1571],[-66.5081,-45.1563],[-66.5096,-45.1558],[-66.5104,-45.1549],[-66.5095,-45.1541],[-66.5087,-45.1538],[-66.5099,-45.1524],[-66.5105,-45.1516],[-66.5118,-45.1517],[-66.5114,-45.1533],[-66.5132,-45.1533],[-66.5143,-45.1538],[-66.5151,-45.1535],[-66.5153,-45.1526],[-66.5151,-45.1517],[-66.5161,-45.1516],[-66.5177,-45.1521],[-66.5188,-45.1525],[-66.5198,-45.1535],[-66.521,-45.1534],[-66.522,-45.1519],[-66.5227,-45.1506],[-66.5245,-45.1493],[-66.5264,-45.1484],[-66.5291,-45.1484],[-66.5315,-45.1481],[-66.5344,-45.1477],[-66.5361,-45.1476],[-66.5364,-45.1486],[-66.5379,-45.1484],[-66.5394,-45.1489],[-66.54,-45.1498],[-66.5408,-45.1493],[-66.5409,-45.1475],[-66.5423,-45.1455],[-66.5431,-45.1444],[-66.5437,-45.1431],[-66.545,-45.1418],[-66.5458,-45.1409],[-66.5479,-45.1397],[-66.5497,-45.1388],[-66.5488,-45.1375],[-66.549,-45.1366],[-66.5506,-45.136],[-66.5519,-45.1367],[-66.5526,-45.1376],[-66.5538,-45.139],[-66.556,-45.1396],[-66.5577,-45.1407],[-66.5603,-45.1408],[-66.5617,-45.1407],[-66.5631,-45.1413],[-66.5639,-45.1409],[-66.5646,-45.1402],[-66.5659,-45.1394],[-66.5666,-45.1405],[-66.5684,-45.1404],[-66.5703,-45.1403],[-66.5721,-45.1402],[-66.5733,-45.1401],[-66.5746,-45.1397],[-66.5753,-45.1389],[-66.5765,-45.1379],[-66.5781,-45.1374],[-66.5803,-45.1375],[-66.5806,-45.1386],[-66.5797,-45.1392],[-66.5802,-45.1401],[-66.5809,-45.1406],[-66.5816,-45.1394],[-66.5823,-45.1388],[-66.583,-45.1379],[-66.5835,-45.1367],[-66.5846,-45.1363],[-66.5859,-45.1354],[-66.5877,-45.1361],[-66.5886,-45.1363],[-66.5898,-45.1353],[-66.5912,-45.1347],[-66.5922,-45.1348],[-66.5936,-45.1355],[-66.5955,-45.1358],[-66.5959,-45.1364],[-66.5973,-45.1366],[-66.5983,-45.1363],[-66.5992,-45.1363],[-66.6008,-45.1372],[-66.6012,-45.1381],[-66.6014,-45.139],[-66.601,-45.1398],[-66.6021,-45.1398],[-66.603,-45.1408],[-66.6025,-45.1417],[-66.6012,-45.1423],[-66.602,-45.1429],[-66.6024,-45.1436],[-66.6022,-45.145],[-66.6008,-45.1454],[-66.5996,-45.146],[-66.5999,-45.1467],[-66.5989,-45.1478],[-66.5979,-45.1485],[-66.5971,-45.15],[-66.5969,-45.1513],[-66.5956,-45.1518],[-66.5938,-45.1527],[-66.5926,-45.1538],[-66.5918,-45.1543],[-66.5891,-45.1548],[-66.5877,-45.1541],[-66.5842,-45.154],[-66.5837,-45.1547],[-66.5845,-45.1553],[-66.585,-45.1565],[-66.586,-45.1567],[-66.5879,-45.1569],[-66.5898,-45.1571],[-66.5915,-45.157],[-66.593,-45.1567],[-66.5941,-45.1567],[-66.5953,-45.1575],[-66.5977,-45.158],[-66.5989,-45.1585],[-66.5994,-45.1593],[-66.6,-45.161],[-66.5985,-45.1624],[-66.5963,-45.1645],[-66.5961,-45.166],[-66.5952,-45.1672],[-66.5949,-45.1683],[-66.5939,-45.1689],[-66.5929,-45.1689],[-66.5914,-45.1689],[-66.5904,-45.1698],[-66.5894,-45.1698],[-66.5894,-45.1711],[-66.5871,-45.1718],[-66.5857,-45.1707],[-66.584,-45.1702],[-66.5828,-45.1692],[-66.5815,-45.1682],[-66.5813,-45.1667],[-66.581,-45.1656],[-66.5818,-45.1647],[-66.5819,-45.1639],[-66.5806,-45.1639],[-66.5798,-45.165],[-66.5788,-45.1655],[-66.5767,-45.1658],[-66.5759,-45.1655],[-66.575,-45.1651],[-66.5742,-45.1658],[-66.573,-45.167],[-66.5717,-45.1674],[-66.5699,-45.168],[-66.5683,-45.1689],[-66.5669,-45.1691],[-66.5668,-45.1703],[-66.5681,-45.1708],[-66.568,-45.1719],[-66.567,-45.1728],[-66.5657,-45.1732],[-66.565,-45.1746],[-66.5642,-45.1751],[-66.5623,-45.1754],[-66.5609,-45.1757],[-66.5594,-45.1755],[-66.5587,-45.1751],[-66.5578,-45.1758],[-66.5564,-45.1761],[-66.5545,-45.1755],[-66.5541,-45.1749],[-66.5536,-45.1743],[-66.5526,-45.1746],[-66.5513,-45.1752],[-66.5502,-45.1756],[-66.5477,-45.1758],[-66.5471,-45.1747],[-66.5461,-45.1752],[-66.5448,-45.1759],[-66.5437,-45.1758],[-66.5421,-45.1753],[-66.5407,-45.1736],[-66.5391,-45.1724],[-66.536,-45.1721],[-66.536,-45.1735],[-66.5364,-45.1751],[-66.5376,-45.1763],[-66.5387,-45.1768],[-66.5382,-45.1777],[-66.5366,-45.1781],[-66.5342,-45.1782],[-66.5338,-45.1788],[-66.5341,-45.1803],[-66.5339,-45.1811],[-66.5323,-45.182],[-66.531,-45.182],[-66.5292,-45.1828],[-66.5282,-45.1834],[-66.528,-45.1843],[-66.5289,-45.1859],[-66.529,-45.1871],[-66.5284,-45.1879],[-66.5283,-45.1895],[-66.5272,-45.1898],[-66.5253,-45.1895],[-66.5237,-45.1894],[-66.5223,-45.1894],[-66.5207,-45.1897],[-66.52,-45.1906],[-66.5212,-45.1913],[-66.5222,-45.1916],[-66.5223,-45.1931],[-66.5206,-45.1936],[-66.5195,-45.1945],[-66.5174,-45.1942],[-66.5162,-45.1944],[-66.5149,-45.1936],[-66.5144,-45.1947],[-66.5145,-45.1959],[-66.5159,-45.1966],[-66.5163,-45.1972],[-66.517,-45.1979],[-66.5179,-45.1987],[-66.5178,-45.1995],[-66.5194,-45.1996],[-66.5197,-45.2011],[-66.5203,-45.2017],[-66.5221,-45.2007],[-66.523,-45.2014],[-66.5239,-45.2018],[-66.5249,-45.2026],[-66.5251,-45.2037],[-66.5252,-45.2047],[-66.5243,-45.2053],[-66.5241,-45.2064],[-66.5231,-45.2066],[-66.5231,-45.2076],[-66.5222,-45.2088],[-66.5204,-45.21],[-66.5205,-45.2112],[-66.5205,-45.2121],[-66.5203,-45.2131],[-66.5199,-45.2137],[-66.5213,-45.2148],[-66.5203,-45.2155],[-66.5191,-45.2171],[-66.5179,-45.2175],[-66.5178,-45.2186],[-66.5187,-45.22],[-66.522,-45.2204],[-66.5241,-45.22],[-66.5253,-45.2194],[-66.5273,-45.219],[-66.5282,-45.2185],[-66.5294,-45.2186],[-66.5312,-45.2184],[-66.5315,-45.2176],[-66.5328,-45.2173],[-66.5344,-45.2173],[-66.5357,-45.2178],[-66.5361,-45.2188],[-66.5365,-45.2201],[-66.5366,-45.2207],[-66.5377,-45.2218],[-66.5387,-45.2215],[-66.5395,-45.2211],[-66.5409,-45.2216],[-66.5425,-45.222],[-66.5438,-45.2202],[-66.5457,-45.2199],[-66.5495,-45.2188],[-66.5514,-45.2177],[-66.5523,-45.2167],[-66.552,-45.2157],[-66.5517,-45.2148],[-66.5519,-45.2139],[-66.5511,-45.2133],[-66.5508,-45.2125],[-66.5515,-45.212],[-66.5525,-45.2113],[-66.5538,-45.2108],[-66.5549,-45.2104],[-66.5563,-45.2106],[-66.5576,-45.211],[-66.5579,-45.2116],[-66.5588,-45.2117],[-66.5606,-45.2115],[-66.5617,-45.2108],[-66.5618,-45.2099],[-66.5624,-45.2094],[-66.5636,-45.2093],[-66.5658,-45.2097],[-66.5675,-45.2096],[-66.569,-45.2093],[-66.5707,-45.2091],[-66.5726,-45.2088],[-66.574,-45.2096],[-66.5742,-45.2103],[-66.5758,-45.2099],[-66.5775,-45.2095],[-66.5795,-45.2088],[-66.5807,-45.2094],[-66.5826,-45.2093],[-66.5841,-45.2093],[-66.5852,-45.21],[-66.5856,-45.2107],[-66.5869,-45.2107],[-66.5868,-45.2116],[-66.5873,-45.2121],[-66.5892,-45.2122],[-66.5915,-45.2111],[-66.5929,-45.2111],[-66.5947,-45.2113],[-66.5967,-45.2114],[-66.5978,-45.2115],[-66.5991,-45.2109],[-66.6011,-45.2104],[-66.6026,-45.2109],[-66.6037,-45.2114],[-66.6049,-45.2108],[-66.607,-45.2097],[-66.6087,-45.2097],[-66.6107,-45.2089],[-66.6126,-45.2092],[-66.6141,-45.2095],[-66.6159,-45.2097],[-66.6176,-45.2098],[-66.62,-45.2099],[-66.6216,-45.2105],[-66.6227,-45.2108],[-66.6239,-45.2112],[-66.6247,-45.2119],[-66.6265,-45.212],[-66.6284,-45.212],[-66.6295,-45.2121],[-66.6314,-45.2127],[-66.6327,-45.2122],[-66.6338,-45.2113],[-66.6372,-45.2105],[-66.6407,-45.2108],[-66.6439,-45.2105],[-66.6461,-45.2106],[-66.6482,-45.2105],[-66.65,-45.211],[-66.6512,-45.2106],[-66.6533,-45.2099],[-66.656,-45.209],[-66.6583,-45.2087],[-66.66,-45.2085],[-66.6634,-45.2086],[-66.6653,-45.2088],[-66.6673,-45.2093],[-66.6686,-45.2095],[-66.6727,-45.2107],[-66.675,-45.2116],[-66.6772,-45.2122],[-66.6791,-45.2127],[-66.6807,-45.2127],[-66.6821,-45.2137],[-66.6838,-45.214],[-66.6857,-45.215],[-66.6873,-45.2152],[-66.6896,-45.2163],[-66.6912,-45.2171],[-66.694,-45.2184],[-66.6963,-45.2192],[-66.6982,-45.2204],[-66.6995,-45.2203],[-66.7014,-45.2211],[-66.7051,-45.2218],[-66.7082,-45.2214],[-66.7125,-45.22],[-66.7175,-45.2196],[-66.7234,-45.2194],[-66.7297,-45.2195],[-66.7358,-45.2193],[-66.7423,-45.2196],[-66.7487,-45.2202],[-66.7533,-45.2207],[-66.7593,-45.2215],[-66.7632,-45.2224],[-66.7653,-45.2227],[-66.7683,-45.2235],[-66.7713,-45.2243],[-66.7727,-45.2249],[-66.7747,-45.2255],[-66.7761,-45.2259],[-66.7778,-45.2267],[-66.7794,-45.2276],[-66.7806,-45.2287],[-66.7817,-45.2289],[-66.783,-45.2288],[-66.7834,-45.2279],[-66.7843,-45.2283],[-66.7853,-45.2283],[-66.7864,-45.2275],[-66.7883,-45.2276],[-66.7895,-45.2266],[-66.7908,-45.2253],[-66.7924,-45.2251],[-66.7969,-45.2249],[-66.8009,-45.2259],[-66.8044,-45.2264],[-66.807,-45.2269],[-66.8077,-45.2275],[-66.8088,-45.2279],[-66.8109,-45.2276],[-66.8134,-45.2281],[-66.8149,-45.2284],[-66.8174,-45.2295],[-66.8197,-45.2303],[-66.8206,-45.2316],[-66.8219,-45.2316],[-66.8232,-45.2312],[-66.8248,-45.2313],[-66.8257,-45.2313],[-66.8272,-45.2307],[-66.8272,-45.2296],[-66.8286,-45.2299],[-66.8299,-45.2296],[-66.8312,-45.2291],[-66.8313,-45.2282],[-66.8326,-45.2278],[-66.8348,-45.2278],[-66.8361,-45.2277],[-66.8383,-45.2274],[-66.8407,-45.227],[-66.844,-45.2275],[-66.8492,-45.2286],[-66.8535,-45.2295],[-66.8581,-45.2303],[-66.8627,-45.2315],[-66.865,-45.2318],[-66.8671,-45.232],[-66.8701,-45.2327],[-66.8732,-45.2333],[-66.8932,-45.2392],[-66.9025,-45.2427],[-66.9194,-45.249],[-66.9332,-45.2548],[-66.9401,-45.2588],[-66.947,-45.2611],[-66.9555,-45.2651],[-66.9601,-45.2674],[-66.9677,-45.2714],[-66.9708,-45.2737],[-66.9769,-45.2771],[-66.9806,-45.2827],[-66.9874,-45.2888],[-66.9981,-45.2945],[-67.0066,-45.2991],[-67.0127,-45.3014],[-67.0219,-45.3082],[-67.0287,-45.3133],[-67.0363,-45.3189],[-67.0401,-45.3239],[-67.0484,-45.3301],[-67.0553,-45.3352],[-67.0629,-45.3414],[-67.0667,-45.3437],[-67.0704,-45.3498],[-67.0725,-45.357],[-67.0747,-45.3609],[-67.0808,-45.3665],[-67.0892,-45.3721],[-67.0953,-45.3772],[-67.1013,-45.3861],[-67.105,-45.3911],[-67.1134,-45.3979],[-67.1241,-45.4047],[-67.1279,-45.4086],[-67.1347,-45.4153],[-67.1423,-45.4226],[-67.1491,-45.4304],[-67.1528,-45.4349],[-67.1573,-45.4427],[-67.1625,-45.451],[-67.167,-45.4577],[-67.1746,-45.4639],[-67.1829,-45.4723],[-67.1875,-45.4779],[-67.1928,-45.4829],[-67.2019,-45.493],[-67.2064,-45.498],[-67.2109,-45.5042],[-67.2153,-45.513],[-67.2206,-45.5203],[-67.2213,-45.5242],[-67.2283,-45.5259],[-67.2383,-45.531],[-67.2498,-45.5389],[-67.2513,-45.5406],[-67.2552,-45.5429],[-67.2575,-45.5451],[-67.2598,-45.5462],[-67.2613,-45.5468],[-67.2636,-45.5485],[-67.2659,-45.5502],[-67.2667,-45.5508],[-67.2682,-45.5519],[-67.2697,-45.5536],[-67.2713,-45.5547],[-67.2728,-45.5569],[-67.2759,-45.5586],[-67.2774,-45.5603],[-67.2797,-45.5614],[-67.285,-45.5665],[-67.2873,-45.5698],[-67.2903,-45.5726],[-67.2926,-45.5748],[-67.2942,-45.576],[-67.2956,-45.5793],[-67.2979,-45.5815],[-67.3002,-45.5843],[-67.3025,-45.586],[-67.304,-45.5871],[-67.3063,-45.5899],[-67.3086,-45.5905],[-67.3101,-45.5922],[-67.3117,-45.5928],[-67.3132,-45.5939],[-67.314,-45.595],[-67.3155,-45.5961],[-67.3178,-45.5973],[-67.3202,-45.5984],[-67.3209,-45.599],[-67.3232,-45.6006],[-67.324,-45.6018],[-67.3255,-45.6029],[-67.3278,-45.6057],[-67.3309,-45.6079],[-67.3324,-45.6101],[-67.3347,-45.6118],[-67.3378,-45.6135],[-67.3401,-45.6158],[-67.3423,-45.618],[-67.3446,-45.6202],[-67.3462,-45.6219],[-67.3492,-45.6253],[-67.3538,-45.6292],[-67.3553,-45.6325],[-67.3568,-45.6353],[-67.359,-45.6392],[-67.3589,-45.6414],[-67.3612,-45.6458],[-67.361,-45.6502],[-67.3602,-45.6515],[-67.3604,-45.6524],[-67.3607,-45.6542],[-67.3611,-45.6556],[-67.3612,-45.6568],[-67.3614,-45.6584],[-67.3615,-45.6603],[-67.3619,-45.662],[-67.3618,-45.6629],[-67.3618,-45.6643],[-67.3618,-45.6655],[-67.3619,-45.6668],[-67.3609,-45.6676],[-67.3609,-45.6683],[-67.3609,-45.6692],[-67.3602,-45.6709],[-67.3594,-45.6727],[-67.3588,-45.6743],[-67.3585,-45.6758],[-67.3585,-45.6776],[-67.3584,-45.6795],[-67.3596,-45.6808],[-67.36,-45.682],[-67.3603,-45.6829],[-67.3607,-45.6837],[-67.3614,-45.6863],[-67.3613,-45.6876],[-67.362,-45.6899],[-67.3622,-45.6921],[-67.3621,-45.6934],[-67.3617,-45.6957],[-67.3613,-45.6968],[-67.361,-45.6979],[-67.3606,-45.6991],[-67.36,-45.7002],[-67.3589,-45.7023],[-67.3587,-45.7034],[-67.3579,-45.7045],[-67.3571,-45.7053],[-67.3563,-45.7062],[-67.356,-45.7069],[-67.3549,-45.707],[-67.3533,-45.7076],[-67.3499,-45.7088],[-67.3491,-45.71],[-67.3477,-45.7104],[-67.3465,-45.7101],[-67.3445,-45.7103],[-67.3441,-45.7125],[-67.3446,-45.7138],[-67.3444,-45.716],[-67.344,-45.7169],[-67.3435,-45.7184],[-67.3427,-45.7193],[-67.3421,-45.7202],[-67.3436,-45.7206],[-67.3446,-45.7207],[-67.3462,-45.7218],[-67.3479,-45.7228],[-67.3501,-45.7223],[-67.3523,-45.7217],[-67.3546,-45.7218],[-67.3572,-45.7211],[-67.3588,-45.7207],[-67.36,-45.7207],[-67.3613,-45.721],[-67.3629,-45.7216],[-67.3643,-45.7222],[-67.3662,-45.7233],[-67.3679,-45.7238],[-67.3699,-45.7243],[-67.3716,-45.7255],[-67.3736,-45.7264],[-67.3749,-45.7269],[-67.3759,-45.7274],[-67.3761,-45.7284],[-67.3776,-45.7294],[-67.3784,-45.7308],[-67.3779,-45.7326],[-67.3781,-45.7334],[-67.3785,-45.7342],[-67.3788,-45.7349],[-67.3782,-45.7362],[-67.3778,-45.7371],[-67.3774,-45.7378],[-67.3773,-45.7396],[-67.3773,-45.7408],[-67.378,-45.7424],[-67.3778,-45.743],[-67.3776,-45.7437],[-67.377,-45.7444],[-67.3769,-45.7455],[-67.3765,-45.7462],[-67.3759,-45.7471],[-67.3743,-45.7486],[-67.3723,-45.7497],[-67.3717,-45.7503],[-67.3697,-45.7508],[-67.3681,-45.7512],[-67.3683,-45.7523],[-67.3693,-45.753],[-67.3708,-45.7535],[-67.3716,-45.7551],[-67.3725,-45.7559],[-67.3729,-45.7576],[-67.3722,-45.7584],[-67.3722,-45.7602],[-67.3722,-45.7616],[-67.3721,-45.7624],[-67.3737,-45.7634],[-67.3736,-45.7649],[-67.3736,-45.7661],[-67.3736,-45.7671],[-67.3726,-45.7679],[-67.3713,-45.769],[-67.3698,-45.7694],[-67.3684,-45.7706],[-67.3673,-45.7713],[-67.3665,-45.7718],[-67.3663,-45.7725],[-67.3659,-45.7739],[-67.3655,-45.7745],[-67.3651,-45.7755],[-67.365,-45.7763],[-67.3654,-45.7772],[-67.3666,-45.7772],[-67.3672,-45.7779],[-67.3675,-45.7798],[-67.3674,-45.7813],[-67.3682,-45.7826],[-67.3682,-45.7837],[-67.3699,-45.7845],[-67.3715,-45.7854],[-67.3732,-45.7854],[-67.3738,-45.7862],[-67.3746,-45.7871],[-67.3757,-45.7875],[-67.3769,-45.7882],[-67.3785,-45.7881],[-67.3793,-45.7874],[-67.3799,-45.7869],[-67.3823,-45.7858],[-67.3843,-45.7853],[-67.3862,-45.7846],[-67.3871,-45.7842],[-67.3898,-45.7838],[-67.3916,-45.7835],[-67.394,-45.7835],[-67.3961,-45.7841],[-67.3983,-45.7845],[-67.4002,-45.785],[-67.4018,-45.7861],[-67.4029,-45.7868],[-67.4043,-45.7878],[-67.4058,-45.7888],[-67.4068,-45.79],[-67.4062,-45.7908],[-67.4065,-45.7917],[-67.4061,-45.7928],[-67.4067,-45.7941],[-67.4074,-45.7947],[-67.4088,-45.7954],[-67.4105,-45.796],[-67.4117,-45.7961],[-67.4133,-45.7967],[-67.4152,-45.7967],[-67.4168,-45.7973],[-67.4178,-45.798],[-67.4193,-45.7994],[-67.4206,-45.8008],[-67.4216,-45.8015],[-67.4224,-45.8025],[-67.4229,-45.8035],[-67.4237,-45.8048],[-67.425,-45.8057],[-67.4273,-45.8075],[-67.4289,-45.8086],[-67.4306,-45.8092],[-67.434,-45.8105],[-67.4371,-45.8114],[-67.4388,-45.8121],[-67.4408,-45.8135],[-67.4421,-45.8138],[-67.4453,-45.8134],[-67.4479,-45.8134],[-67.4504,-45.8139],[-67.4524,-45.8146],[-67.4543,-45.8156],[-67.4564,-45.8176],[-67.4572,-45.8192],[-67.4587,-45.8205],[-67.4599,-45.8215],[-67.4608,-45.8226],[-67.4616,-45.8238],[-67.4623,-45.8248],[-67.4631,-45.8263],[-67.463,-45.8277],[-67.4624,-45.8298],[-67.4624,-45.8307],[-67.4617,-45.8315],[-67.4629,-45.8324],[-67.4643,-45.8332],[-67.4654,-45.8345],[-67.4673,-45.8362],[-67.4683,-45.837],[-67.469,-45.8388],[-67.4696,-45.8407],[-67.4695,-45.842],[-67.4678,-45.8435],[-67.4689,-45.8447],[-67.4702,-45.8453],[-67.4722,-45.846],[-67.4735,-45.8475],[-67.4745,-45.8492],[-67.475,-45.8504],[-67.4752,-45.8513],[-67.4757,-45.8529],[-67.4755,-45.8542],[-67.4741,-45.8565],[-67.4732,-45.8581],[-67.4722,-45.8591],[-67.47,-45.8593],[-67.4687,-45.8593],[-67.4677,-45.8589],[-67.4663,-45.8589],[-67.4673,-45.8598],[-67.4692,-45.8602],[-67.474,-45.8604],[-67.4765,-45.8609],[-67.4777,-45.8612],[-67.4789,-45.8617],[-67.4798,-45.8624],[-67.4802,-45.8633],[-67.4815,-45.864],[-67.4831,-45.8647],[-67.4845,-45.8655],[-67.4858,-45.8664],[-67.4878,-45.8676],[-67.4889,-45.8684],[-67.4903,-45.8694],[-67.4916,-45.8701],[-67.4936,-45.8708],[-67.493,-45.8698],[-67.495,-45.8695],[-67.4968,-45.8703],[-67.4983,-45.8711],[-67.5002,-45.8727],[-67.5016,-45.8745],[-67.5023,-45.8764],[-67.5038,-45.8787],[-67.5054,-45.8794],[-67.5067,-45.8808],[-67.5086,-45.8835],[-67.5102,-45.8856],[-67.5119,-45.8883],[-67.5134,-45.8906],[-67.5139,-45.8916],[-67.5149,-45.8926],[-67.5159,-45.8935],[-67.5172,-45.8945],[-67.5182,-45.8956],[-67.5191,-45.8968],[-67.5207,-45.8975],[-67.5216,-45.8984],[-67.523,-45.8998],[-67.5245,-45.9008],[-67.5257,-45.9015],[-67.5273,-45.9025],[-67.529,-45.9041],[-67.5307,-45.9053],[-67.5317,-45.9064],[-67.5336,-45.9082],[-67.536,-45.9095],[-67.5389,-45.9107],[-67.5407,-45.9111],[-67.5434,-45.9121],[-67.5451,-45.9129],[-67.5467,-45.9145],[-67.5484,-45.9161],[-67.549,-45.9168],[-67.5495,-45.918],[-67.5503,-45.9189],[-67.5511,-45.9202],[-67.5518,-45.9214],[-67.5526,-45.9227],[-67.5531,-45.9241],[-67.5543,-45.9255],[-67.555,-45.9268],[-67.5556,-45.9285],[-67.556,-45.9293],[-67.5567,-45.9309],[-67.5575,-45.932],[-67.558,-45.9335],[-67.5582,-45.9353],[-67.5579,-45.9368],[-67.5575,-45.938],[-67.5571,-45.9397],[-67.5568,-45.9413],[-67.556,-45.9421],[-67.5552,-45.9427],[-67.5542,-45.9432],[-67.5536,-45.9439],[-67.5526,-45.944],[-67.5518,-45.9444],[-67.551,-45.9451],[-67.5514,-45.947],[-67.5515,-45.9479],[-67.5503,-45.9496],[-67.5497,-45.9502],[-67.5487,-45.9506],[-67.5469,-45.951],[-67.5459,-45.951],[-67.5441,-45.9519],[-67.5429,-45.9523],[-67.5403,-45.9527],[-67.5394,-45.9527],[-67.5384,-45.9531],[-67.537,-45.9533],[-67.536,-45.9536],[-67.5342,-45.9541],[-67.5332,-45.9541],[-67.5324,-45.9547],[-67.532,-45.9556],[-67.5327,-45.9567],[-67.5341,-45.9573],[-67.5351,-45.9577],[-67.5382,-45.9578],[-67.5406,-45.9581],[-67.5426,-45.9579],[-67.5446,-45.958],[-67.5469,-45.958],[-67.5481,-45.9582],[-67.5493,-45.9584],[-67.5507,-45.9579],[-67.5542,-45.9578],[-67.559,-45.9576],[-67.5608,-45.9576],[-67.5625,-45.9583],[-67.5639,-45.9588],[-67.5654,-45.9596],[-67.5668,-45.961],[-67.5678,-45.962],[-67.5685,-45.9627],[-67.5693,-45.9635],[-67.5699,-45.9642],[-67.5699,-45.965],[-67.5704,-45.9656],[-67.5712,-45.9671],[-67.5721,-45.9688],[-67.5727,-45.9698],[-67.5727,-45.9704],[-67.573,-45.9714],[-67.573,-45.9725],[-67.5732,-45.9736],[-67.5754,-45.9739],[-67.5767,-45.9737],[-67.5773,-45.9742],[-67.5785,-45.9742],[-67.5807,-45.974],[-67.5819,-45.9746],[-67.5828,-45.9751],[-67.5838,-45.9754],[-67.5852,-45.9761],[-67.5865,-45.9768],[-67.5875,-45.9778],[-67.5883,-45.979],[-67.5888,-45.9806],[-67.5894,-45.982],[-67.589,-45.9826],[-67.5879,-45.9839],[-67.5897,-45.9839],[-67.5911,-45.9843],[-67.5923,-45.9847],[-67.5924,-45.986],[-67.5924,-45.9876],[-67.5929,-45.989],[-67.5935,-45.99],[-67.5937,-45.9915],[-67.5943,-45.9922],[-67.5946,-45.9934],[-67.595,-45.9943],[-67.5954,-45.9954],[-67.5957,-45.9968],[-67.6453,-45.997],[-68.0962,-45.997],[-68.3701,-45.9976],[-68.3777,-44.6907]]]]},"geometry_name":"geom","properties":{"nombre":"COMODORO RIVADAVIA"},"bbox":[-68.3777,-45.9976,-66.3635,-44.6903]},{"type":"Feature","id":"juzgados.39","geometry":{"type":"MultiPolygon","coordinates":[[[[-70.5809,-45.3008],[-70.5687,-45.301],[-70.5647,-45.2124],[-70.3267,-45.2151],[-70.3302,-45.3145],[-70.0695,-45.3193],[-70.0693,-45.4065],[-69.9079,-45.41],[-69.9006,-45.4093],[-69.8951,-45.411],[-69.8907,-45.4179],[-69.8902,-45.4218],[-69.8858,-45.4267],[-69.8805,-45.4348],[-69.881,-45.441],[-69.8762,-45.4428],[-69.8694,-45.4475],[-69.8629,-45.4502],[-69.8527,-45.4523],[-69.846,-45.4561],[-69.8498,-45.4596],[-69.8437,-45.4677],[-69.8406,-45.4711],[-69.8414,-45.4766],[-69.8396,-45.4831],[-69.8372,-45.4875],[-69.8398,-45.4909],[-69.8325,-45.4951],[-69.8328,-45.5013],[-69.8311,-45.5087],[-69.8282,-45.513],[-69.8218,-45.5169],[-69.8158,-45.5203],[-69.8113,-45.5233],[-69.8026,-45.5283],[-69.799,-45.5388],[-69.7997,-45.5429],[-69.8019,-45.5493],[-69.8045,-45.5547],[-69.8035,-45.5594],[-69.8006,-45.5655],[-69.7924,-45.571],[-69.7924,-45.5755],[-69.7883,-45.5863],[-69.7899,-45.5931],[-69.7844,-45.599],[-69.7804,-45.6033],[-69.7799,-45.6078],[-69.7713,-45.6138],[-69.7648,-45.6174],[-69.7641,-45.6229],[-69.7626,-45.628],[-69.7619,-45.6324],[-69.7595,-45.6367],[-69.7593,-45.641],[-69.7598,-45.6455],[-69.7568,-45.652],[-69.754,-45.656],[-69.7495,-45.6624],[-69.7467,-45.6699],[-69.7432,-45.6766],[-69.7373,-45.6828],[-69.7298,-45.6855],[-69.7187,-45.6851],[-69.7098,-45.6864],[-69.7063,-45.6906],[-69.703,-45.6957],[-69.705,-45.7007],[-69.704,-45.7078],[-69.7031,-45.7158],[-69.7042,-45.7245],[-69.7076,-45.7343],[-69.7103,-45.7379],[-69.7172,-45.7446],[-69.7245,-45.7491],[-69.7263,-45.7539],[-69.7256,-45.7645],[-69.7265,-45.7698],[-69.7275,-45.778],[-69.7287,-45.7832],[-69.7336,-45.7911],[-69.7416,-45.7921],[-69.7488,-45.7923],[-69.7524,-45.7965],[-69.7551,-45.8003],[-69.7585,-45.8047],[-69.7647,-45.8084],[-69.7696,-45.8118],[-69.7725,-45.818],[-69.7688,-45.8234],[-69.7689,-45.8299],[-69.7633,-45.8386],[-69.7584,-45.843],[-69.7519,-45.8461],[-69.7473,-45.8501],[-69.7454,-45.8576],[-69.7386,-45.8586],[-69.7328,-45.8621],[-69.7259,-45.8644],[-69.7226,-45.8723],[-69.7197,-45.8769],[-69.7136,-45.8798],[-69.7089,-45.8817],[-69.7011,-45.8887],[-69.6956,-45.8903],[-69.692,-45.8938],[-69.6906,-45.9017],[-69.6885,-45.906],[-69.6786,-45.9062],[-69.6705,-45.9084],[-69.6709,-45.9133],[-69.667,-45.9166],[-69.6595,-45.9202],[-69.6582,-45.9974],[-70.039,-45.9968],[-70.6057,-45.997],[-70.6022,-45.9401],[-70.7328,-45.9371],[-70.7263,-45.7597],[-70.7259,-45.7526],[-70.7226,-45.6661],[-70.8502,-45.6654],[-70.846,-45.5747],[-70.5918,-45.5771],[-70.5809,-45.3008]]]]},"geometry_name":"geom","properties":{"nombre":"RIO MAYO"},"bbox":[-70.8502,-45.9974,-69.6582,-45.2124]},{"type":"Feature","id":"juzgados.40","geometry":{"type":"MultiPolygon","coordinates":[[[[-70.9504,-45.2943],[-70.5809,-45.3008],[-70.5918,-45.5771],[-70.846,-45.5747],[-70.8502,-45.6654],[-70.7226,-45.6661],[-70.7259,-45.7526],[-70.7263,-45.7597],[-70.9813,-45.7532],[-70.9804,-45.7068],[-71.1715,-45.702],[-71.1746,-45.7475],[-71.3628,-45.7424],[-71.3585,-45.6957],[-71.3583,-45.6464],[-71.2301,-45.649],[-71.2206,-45.3865],[-71.2195,-45.3792],[-70.9575,-45.3846],[-70.9504,-45.2943]]]]},"geometry_name":"geom","properties":{"nombre":"RICARDO ROJAS"},"bbox":[-71.3628,-45.7597,-70.5809,-45.2943]},{"type":"Feature","id":"juzgados.41","geometry":{"type":"MultiPolygon","coordinates":[[[[-71.4469,-45.3741],[-71.2195,-45.3792],[-71.2206,-45.3865],[-71.2301,-45.649],[-71.3583,-45.6464],[-71.3585,-45.6957],[-71.4923,-45.6931],[-71.496,-45.7398],[-71.7906,-45.7312],[-71.7914,-45.7301],[-71.7927,-45.7293],[-71.7939,-45.7285],[-71.7949,-45.7276],[-71.7956,-45.7265],[-71.7961,-45.7259],[-71.7973,-45.7246],[-71.7991,-45.7223],[-71.7996,-45.7213],[-71.8,-45.7201],[-71.8004,-45.7194],[-71.8007,-45.7183],[-71.8007,-45.7176],[-71.8004,-45.7165],[-71.7995,-45.7158],[-71.7985,-45.715],[-71.7977,-45.7143],[-71.7975,-45.7136],[-71.7974,-45.7125],[-71.7972,-45.7115],[-71.7968,-45.7109],[-71.7964,-45.7102],[-71.7959,-45.709],[-71.7956,-45.7084],[-71.7954,-45.7077],[-71.7944,-45.7061],[-71.7926,-45.7054],[-71.791,-45.7053],[-71.7901,-45.7053],[-71.7886,-45.7051],[-71.7874,-45.7044],[-71.7866,-45.7037],[-71.7859,-45.7032],[-71.7844,-45.7026],[-71.7827,-45.7023],[-71.7807,-45.7013],[-71.7797,-45.7004],[-71.7789,-45.6996],[-71.7777,-45.6983],[-71.777,-45.697],[-71.7764,-45.6961],[-71.776,-45.6949],[-71.7756,-45.694],[-71.7754,-45.6934],[-71.7749,-45.6919],[-71.7748,-45.6912],[-71.7748,-45.6895],[-71.7748,-45.6888],[-71.7746,-45.6872],[-71.7744,-45.6862],[-71.7742,-45.6852],[-71.7739,-45.6836],[-71.7737,-45.6824],[-71.7736,-45.6812],[-71.7734,-45.6805],[-71.7734,-45.6798],[-71.7742,-45.6788],[-71.7757,-45.6785],[-71.7775,-45.6777],[-71.7784,-45.6764],[-71.7789,-45.6758],[-71.7794,-45.6748],[-71.7799,-45.674],[-71.7805,-45.6732],[-71.7811,-45.6724],[-71.782,-45.6716],[-71.7827,-45.6708],[-71.7836,-45.6699],[-71.7846,-45.6692],[-71.7853,-45.6686],[-71.7868,-45.6676],[-71.7878,-45.6671],[-71.7886,-45.6666],[-71.7894,-45.6662],[-71.7909,-45.6655],[-71.7925,-45.6647],[-71.7924,-45.6636],[-71.7925,-45.6621],[-71.7923,-45.6611],[-71.7908,-45.66],[-71.7893,-45.6592],[-71.7881,-45.6585],[-71.7871,-45.6579],[-71.7858,-45.6572],[-71.7849,-45.6565],[-71.7841,-45.6561],[-71.7824,-45.6555],[-71.7812,-45.6548],[-71.7803,-45.654],[-71.7793,-45.6531],[-71.779,-45.6524],[-71.7793,-45.6517],[-71.7802,-45.6507],[-71.7807,-45.6501],[-71.7817,-45.6491],[-71.7821,-45.648],[-71.7819,-45.647],[-71.7813,-45.6461],[-71.7804,-45.6451],[-71.7799,-45.6445],[-71.7796,-45.6437],[-71.7793,-45.643],[-71.779,-45.6419],[-71.7784,-45.6405],[-71.7781,-45.6398],[-71.7764,-45.6388],[-71.7751,-45.6384],[-71.7739,-45.638],[-71.7724,-45.6374],[-71.7716,-45.6367],[-71.7727,-45.6352],[-71.7734,-45.6344],[-71.7739,-45.6335],[-71.7751,-45.6318],[-71.777,-45.6309],[-71.7785,-45.6307],[-71.7799,-45.63],[-71.7804,-45.6294],[-71.7807,-45.6288],[-71.7809,-45.6278],[-71.7805,-45.6268],[-71.7795,-45.6255],[-71.7787,-45.6248],[-71.7779,-45.6235],[-71.7786,-45.6219],[-71.7792,-45.6211],[-71.7797,-45.6205],[-71.7805,-45.6194],[-71.7808,-45.6184],[-71.7806,-45.6177],[-71.7802,-45.6168],[-71.7794,-45.6158],[-71.7787,-45.6153],[-71.7777,-45.6149],[-71.7761,-45.6146],[-71.7747,-45.6139],[-71.7738,-45.6135],[-71.7722,-45.6131],[-71.7699,-45.6135],[-71.769,-45.6138],[-71.7676,-45.6145],[-71.7662,-45.6151],[-71.7649,-45.6158],[-71.7641,-45.6161],[-71.7633,-45.6166],[-71.7617,-45.6161],[-71.7611,-45.6147],[-71.7611,-45.6139],[-71.7608,-45.6125],[-71.7601,-45.611],[-71.7596,-45.6104],[-71.7587,-45.6095],[-71.7578,-45.6088],[-71.7569,-45.6078],[-71.7564,-45.6071],[-71.7561,-45.6064],[-71.7549,-45.605],[-71.7535,-45.6043],[-71.7526,-45.6045],[-71.7512,-45.6049],[-71.7499,-45.6054],[-71.7481,-45.6053],[-71.7474,-45.6048],[-71.7466,-45.6038],[-71.7463,-45.6028],[-71.7462,-45.6019],[-71.746,-45.6003],[-71.746,-45.5996],[-71.746,-45.598],[-71.7461,-45.5969],[-71.7461,-45.5959],[-71.7462,-45.5952],[-71.746,-45.594],[-71.7455,-45.5933],[-71.7448,-45.5928],[-71.7436,-45.5922],[-71.7427,-45.592],[-71.7405,-45.5918],[-71.7397,-45.591],[-71.7393,-45.5902],[-71.7391,-45.5896],[-71.7384,-45.5882],[-71.737,-45.5868],[-71.7364,-45.5863],[-71.7354,-45.5855],[-71.735,-45.5849],[-71.7348,-45.5834],[-71.7346,-45.5823],[-71.7345,-45.5806],[-71.7346,-45.5795],[-71.7347,-45.5784],[-71.7345,-45.5774],[-71.7342,-45.5762],[-71.7338,-45.5749],[-71.7327,-45.574],[-71.7322,-45.5735],[-71.7317,-45.5728],[-71.7313,-45.5717],[-71.7314,-45.5708],[-71.7327,-45.5696],[-71.7339,-45.5698],[-71.7351,-45.5703],[-71.7364,-45.5705],[-71.7372,-45.5708],[-71.7379,-45.5712],[-71.7396,-45.5717],[-71.7412,-45.5724],[-71.7426,-45.5728],[-71.7433,-45.5732],[-71.7449,-45.5738],[-71.7458,-45.574],[-71.7474,-45.5745],[-71.749,-45.5746],[-71.7511,-45.5748],[-71.7521,-45.5749],[-71.7547,-45.575],[-71.7556,-45.5747],[-71.7566,-45.5745],[-71.7589,-45.5743],[-71.7598,-45.5742],[-71.7609,-45.574],[-71.7625,-45.5736],[-71.7647,-45.5726],[-71.7657,-45.5717],[-71.7663,-45.571],[-71.7666,-45.5703],[-71.7668,-45.5695],[-71.7668,-45.5686],[-71.7666,-45.5679],[-71.7664,-45.567],[-71.7662,-45.5661],[-71.766,-45.5646],[-71.7661,-45.5634],[-71.7662,-45.5622],[-71.7662,-45.5614],[-71.7663,-45.5596],[-71.7664,-45.5584],[-71.7663,-45.5572],[-71.7659,-45.5559],[-71.7656,-45.5553],[-71.7651,-45.5546],[-71.7642,-45.5536],[-71.7634,-45.5528],[-71.7624,-45.5519],[-71.7617,-45.5514],[-71.7607,-45.5504],[-71.7598,-45.5497],[-71.7588,-45.5489],[-71.7577,-45.548],[-71.7564,-45.5471],[-71.7551,-45.5463],[-71.7538,-45.5457],[-71.7525,-45.5449],[-71.7517,-45.5444],[-71.7509,-45.5438],[-71.7504,-45.5433],[-71.7497,-45.5424],[-71.7493,-45.5412],[-71.7491,-45.5406],[-71.748,-45.539],[-71.7461,-45.538],[-71.7453,-45.5378],[-71.7438,-45.5375],[-71.7419,-45.5371],[-71.7409,-45.5371],[-71.7395,-45.5371],[-71.7385,-45.537],[-71.7369,-45.5367],[-71.7355,-45.5364],[-71.7341,-45.5359],[-71.7332,-45.5356],[-71.7319,-45.535],[-71.7311,-45.5346],[-71.7299,-45.5337],[-71.7292,-45.5333],[-71.728,-45.5326],[-71.7271,-45.5324],[-71.7257,-45.5324],[-71.7242,-45.5328],[-71.7233,-45.533],[-71.7223,-45.5333],[-71.7206,-45.5334],[-71.719,-45.5334],[-71.7173,-45.5331],[-71.7163,-45.5329],[-71.7154,-45.5327],[-71.7145,-45.5325],[-71.7133,-45.5322],[-71.7118,-45.5319],[-71.7108,-45.5318],[-71.7093,-45.5316],[-71.7071,-45.5311],[-71.7058,-45.5306],[-71.7043,-45.5301],[-71.703,-45.5295],[-71.7017,-45.5289],[-71.701,-45.5286],[-71.6997,-45.528],[-71.6981,-45.5274],[-71.6967,-45.527],[-71.6949,-45.5264],[-71.6935,-45.5258],[-71.6922,-45.5254],[-71.6902,-45.525],[-71.6888,-45.5244],[-71.6877,-45.5237],[-71.6871,-45.5232],[-71.6871,-45.5216],[-71.688,-45.5205],[-71.6888,-45.5203],[-71.6904,-45.52],[-71.6916,-45.5197],[-71.693,-45.5192],[-71.6944,-45.5186],[-71.695,-45.518],[-71.6952,-45.5169],[-71.6945,-45.5159],[-71.6936,-45.5155],[-71.6927,-45.5151],[-71.692,-45.5147],[-71.6912,-45.5143],[-71.6902,-45.5136],[-71.6891,-45.5122],[-71.6873,-45.5111],[-71.6862,-45.5112],[-71.6845,-45.5122],[-71.6825,-45.513],[-71.6808,-45.5128],[-71.6793,-45.5129],[-71.6778,-45.5132],[-71.6762,-45.5137],[-71.6747,-45.5139],[-71.673,-45.5143],[-71.6715,-45.5143],[-71.6703,-45.5143],[-71.6694,-45.5144],[-71.6678,-45.5145],[-71.6668,-45.5145],[-71.6659,-45.5145],[-71.6635,-45.5145],[-71.6615,-45.5146],[-71.6591,-45.5149],[-71.6576,-45.5151],[-71.6559,-45.5151],[-71.6544,-45.515],[-71.6529,-45.5147],[-71.6522,-45.5143],[-71.6511,-45.5129],[-71.6509,-45.5123],[-71.6504,-45.5114],[-71.6493,-45.5104],[-71.648,-45.5099],[-71.6457,-45.5093],[-71.644,-45.5092],[-71.6417,-45.5092],[-71.6399,-45.5092],[-71.6389,-45.5091],[-71.6376,-45.509],[-71.6361,-45.5086],[-71.6351,-45.5083],[-71.6328,-45.5081],[-71.6318,-45.5081],[-71.6302,-45.5086],[-71.6288,-45.5089],[-71.6267,-45.5097],[-71.6245,-45.5102],[-71.6225,-45.5103],[-71.6211,-45.5106],[-71.6201,-45.5114],[-71.6194,-45.5127],[-71.6194,-45.5135],[-71.6196,-45.5146],[-71.6195,-45.5154],[-71.6192,-45.516],[-71.6182,-45.517],[-71.6166,-45.5174],[-71.6156,-45.5177],[-71.6142,-45.5179],[-71.6122,-45.5181],[-71.6109,-45.5181],[-71.6089,-45.5179],[-71.6074,-45.5176],[-71.6059,-45.5172],[-71.6034,-45.5168],[-71.6024,-45.5168],[-71.6008,-45.5168],[-71.5992,-45.5168],[-71.5976,-45.5169],[-71.5959,-45.5171],[-71.5944,-45.5176],[-71.5932,-45.518],[-71.5922,-45.5181],[-71.59,-45.5177],[-71.5884,-45.5171],[-71.5867,-45.5165],[-71.5851,-45.5161],[-71.5835,-45.516],[-71.5821,-45.5162],[-71.5806,-45.5165],[-71.5789,-45.5168],[-71.577,-45.5176],[-71.5762,-45.5179],[-71.5753,-45.5182],[-71.5743,-45.5185],[-71.5735,-45.5188],[-71.5712,-45.5193],[-71.5695,-45.5195],[-71.5681,-45.5195],[-71.5668,-45.5194],[-71.5659,-45.5194],[-71.5636,-45.519],[-71.5619,-45.5184],[-71.5607,-45.5179],[-71.5599,-45.5175],[-71.5588,-45.5169],[-71.5577,-45.5162],[-71.5564,-45.5155],[-71.5556,-45.515],[-71.5542,-45.5139],[-71.5534,-45.5132],[-71.5519,-45.5119],[-71.5505,-45.5111],[-71.5482,-45.5105],[-71.5469,-45.5102],[-71.5456,-45.51],[-71.544,-45.5097],[-71.5424,-45.5091],[-71.5413,-45.5084],[-71.5402,-45.5078],[-71.5389,-45.507],[-71.5375,-45.5063],[-71.5365,-45.5059],[-71.535,-45.5055],[-71.5334,-45.5054],[-71.5312,-45.5053],[-71.5297,-45.5054],[-71.5285,-45.5052],[-71.5268,-45.505],[-71.5244,-45.5046],[-71.5221,-45.5043],[-71.5203,-45.5039],[-71.5183,-45.5036],[-71.517,-45.5034],[-71.5149,-45.5027],[-71.5138,-45.5018],[-71.5127,-45.5006],[-71.5119,-45.4997],[-71.5109,-45.4989],[-71.5093,-45.4991],[-71.5067,-45.4991],[-71.5052,-45.4993],[-71.5036,-45.4994],[-71.5021,-45.4995],[-71.5007,-45.4994],[-71.4992,-45.499],[-71.4971,-45.4976],[-71.4958,-45.497],[-71.4943,-45.4966],[-71.4933,-45.4964],[-71.4922,-45.4963],[-71.4913,-45.4962],[-71.4903,-45.4961],[-71.489,-45.4959],[-71.4873,-45.4956],[-71.4855,-45.4954],[-71.4837,-45.495],[-71.4822,-45.4946],[-71.4812,-45.4942],[-71.4799,-45.4937],[-71.4781,-45.4933],[-71.4771,-45.4932],[-71.4757,-45.493],[-71.4738,-45.4925],[-71.4722,-45.492],[-71.4706,-45.4914],[-71.4698,-45.4909],[-71.4687,-45.4901],[-71.4682,-45.4895],[-71.4676,-45.4886],[-71.4675,-45.488],[-71.4678,-45.4873],[-71.4688,-45.4865],[-71.4705,-45.4858],[-71.4721,-45.4855],[-71.4731,-45.4853],[-71.4745,-45.4848],[-71.4753,-45.4844],[-71.4764,-45.4833],[-71.4768,-45.4821],[-71.4764,-45.4812],[-71.4755,-45.4805],[-71.4748,-45.4801],[-71.474,-45.4798],[-71.4732,-45.4794],[-71.4719,-45.4787],[-71.471,-45.4777],[-71.4707,-45.4771],[-71.4709,-45.4759],[-71.4712,-45.4752],[-71.4717,-45.4746],[-71.4721,-45.474],[-71.4727,-45.4734],[-71.4733,-45.4729],[-71.4743,-45.472],[-71.4749,-45.4715],[-71.4757,-45.4709],[-71.4764,-45.4704],[-71.4771,-45.4699],[-71.4785,-45.4691],[-71.4793,-45.4686],[-71.4802,-45.4679],[-71.4812,-45.4674],[-71.482,-45.4669],[-71.4828,-45.4666],[-71.484,-45.4662],[-71.4855,-45.4659],[-71.4864,-45.4662],[-71.4872,-45.4664],[-71.488,-45.4669],[-71.4896,-45.4674],[-71.4905,-45.4676],[-71.4921,-45.4675],[-71.4935,-45.467],[-71.4951,-45.4664],[-71.496,-45.466],[-71.4973,-45.4653],[-71.4981,-45.4649],[-71.5004,-45.4637],[-71.502,-45.4638],[-71.5058,-45.4638],[-71.5096,-45.4636],[-71.5126,-45.4633],[-71.5136,-45.4624],[-71.5148,-45.4616],[-71.5154,-45.461],[-71.516,-45.46],[-71.5166,-45.459],[-71.5176,-45.4576],[-71.5187,-45.4568],[-71.5196,-45.4556],[-71.5193,-45.4549],[-71.5186,-45.454],[-71.5179,-45.4535],[-71.5166,-45.4524],[-71.5181,-45.4523],[-71.5194,-45.4522],[-71.5207,-45.4514],[-71.5215,-45.451],[-71.5228,-45.4503],[-71.5234,-45.4492],[-71.5235,-45.4481],[-71.5233,-45.4473],[-71.5229,-45.4462],[-71.5227,-45.4456],[-71.5225,-45.4445],[-71.5227,-45.4439],[-71.5235,-45.4427],[-71.5243,-45.4419],[-71.526,-45.4407],[-71.5268,-45.4401],[-71.5279,-45.4392],[-71.5283,-45.438],[-71.5283,-45.437],[-71.529,-45.436],[-71.5306,-45.4356],[-71.5322,-45.4356],[-71.5346,-45.4362],[-71.5362,-45.4365],[-71.5384,-45.4366],[-71.5399,-45.4363],[-71.5412,-45.4357],[-71.5422,-45.435],[-71.5428,-45.4341],[-71.5435,-45.433],[-71.5439,-45.4324],[-71.5444,-45.4316],[-71.5447,-45.4308],[-71.5448,-45.4298],[-71.5446,-45.4291],[-71.5444,-45.4284],[-71.5437,-45.4274],[-71.5429,-45.4266],[-71.5418,-45.4259],[-71.541,-45.4254],[-71.54,-45.4249],[-71.5384,-45.4244],[-71.5375,-45.4241],[-71.536,-45.4239],[-71.5351,-45.4236],[-71.5339,-45.4228],[-71.5337,-45.4221],[-71.5341,-45.4209],[-71.5349,-45.4199],[-71.5359,-45.4189],[-71.5362,-45.418],[-71.5364,-45.4169],[-71.5365,-45.4162],[-71.5371,-45.4149],[-71.5383,-45.4141],[-71.5392,-45.4138],[-71.5406,-45.4123],[-71.5413,-45.4114],[-71.542,-45.4106],[-71.5426,-45.4096],[-71.5434,-45.4086],[-71.5439,-45.4077],[-71.5444,-45.4063],[-71.5445,-45.4057],[-71.5443,-45.4045],[-71.544,-45.4037],[-71.5436,-45.403],[-71.5433,-45.4019],[-71.5433,-45.4007],[-71.5436,-45.3995],[-71.5437,-45.3983],[-71.5438,-45.3974],[-71.544,-45.3966],[-71.5443,-45.3955],[-71.5445,-45.3948],[-71.5447,-45.3936],[-71.5448,-45.3929],[-71.5449,-45.3918],[-71.5447,-45.3907],[-71.5443,-45.3894],[-71.5439,-45.3888],[-71.5428,-45.388],[-71.5418,-45.3874],[-71.5404,-45.3869],[-71.5396,-45.3867],[-71.5384,-45.3864],[-71.537,-45.3862],[-71.5353,-45.3858],[-71.5342,-45.3857],[-71.533,-45.3855],[-71.5307,-45.3853],[-71.5298,-45.3853],[-71.5281,-45.3852],[-71.5268,-45.3853],[-71.5252,-45.3853],[-71.5241,-45.3853],[-71.5224,-45.3854],[-71.52,-45.385],[-71.5178,-45.3843],[-71.5165,-45.3836],[-71.5158,-45.3828],[-71.5104,-45.3828],[-71.5055,-45.3827],[-71.5032,-45.3825],[-71.5019,-45.3824],[-71.4992,-45.3819],[-71.4977,-45.3818],[-71.4964,-45.3817],[-71.4946,-45.3815],[-71.4933,-45.3816],[-71.4919,-45.3816],[-71.4904,-45.3818],[-71.4888,-45.3821],[-71.4875,-45.3823],[-71.4858,-45.3825],[-71.4844,-45.3827],[-71.4831,-45.3827],[-71.4817,-45.3826],[-71.4805,-45.3825],[-71.4791,-45.3827],[-71.4778,-45.3828],[-71.4765,-45.383],[-71.4744,-45.3834],[-71.4723,-45.3838],[-71.4709,-45.3838],[-71.4687,-45.3838],[-71.4673,-45.3836],[-71.4659,-45.3833],[-71.4643,-45.3829],[-71.4623,-45.3825],[-71.4602,-45.3823],[-71.4588,-45.3824],[-71.4575,-45.3825],[-71.4561,-45.3826],[-71.4547,-45.3827],[-71.4538,-45.3829],[-71.4529,-45.383],[-71.4515,-45.3835],[-71.4496,-45.3844],[-71.4482,-45.3854],[-71.4472,-45.3861],[-71.4462,-45.3868],[-71.4454,-45.3874],[-71.4443,-45.3884],[-71.4432,-45.3892],[-71.4426,-45.3896],[-71.4418,-45.3901],[-71.4412,-45.3906],[-71.4402,-45.3912],[-71.4389,-45.3907],[-71.4389,-45.3897],[-71.4389,-45.3881],[-71.439,-45.3869],[-71.439,-45.3866],[-71.439,-45.3856],[-71.439,-45.385],[-71.4391,-45.3843],[-71.4393,-45.3832],[-71.4397,-45.382],[-71.44,-45.3814],[-71.4404,-45.3808],[-71.4409,-45.3802],[-71.4418,-45.3792],[-71.4425,-45.3785],[-71.4436,-45.3775],[-71.445,-45.3762],[-71.4455,-45.3757],[-71.4462,-45.3749],[-71.4469,-45.3741]]]]},"geometry_name":"geom","properties":{"nombre":"ALDEA BELEIRO"},"bbox":[-71.8007,-45.7398,-71.2195,-45.3741]},{"type":"Feature","id":"juzgados.42","geometry":{"type":"MultiPolygon","coordinates":[[[[-71.7906,-45.7312],[-71.496,-45.7398],[-71.4923,-45.6931],[-71.3585,-45.6957],[-71.3628,-45.7424],[-71.1746,-45.7475],[-71.1715,-45.702],[-70.9804,-45.7068],[-70.9813,-45.7532],[-70.7263,-45.7597],[-70.7328,-45.9371],[-70.6022,-45.9401],[-70.6057,-45.997],[-70.656,-45.9969],[-71.1769,-45.997],[-71.3032,-45.9974],[-71.4539,-45.9972],[-71.5605,-45.9978],[-71.6467,-45.9978],[-71.6469,-45.9969],[-71.6481,-45.9967],[-71.6481,-45.9951],[-71.6478,-45.9943],[-71.6473,-45.9932],[-71.6466,-45.9922],[-71.6463,-45.9915],[-71.6458,-45.9902],[-71.6457,-45.9894],[-71.6458,-45.9888],[-71.6461,-45.9881],[-71.6468,-45.9872],[-71.6474,-45.9862],[-71.6479,-45.9853],[-71.6484,-45.9836],[-71.6466,-45.9835],[-71.6446,-45.9827],[-71.6435,-45.9812],[-71.6426,-45.9802],[-71.641,-45.979],[-71.6403,-45.9786],[-71.6397,-45.9781],[-71.6385,-45.9773],[-71.6371,-45.9767],[-71.6361,-45.9764],[-71.6342,-45.9767],[-71.6335,-45.9777],[-71.6332,-45.9784],[-71.6326,-45.9791],[-71.6315,-45.9803],[-71.6303,-45.9809],[-71.6287,-45.9812],[-71.6276,-45.9814],[-71.6263,-45.9813],[-71.6247,-45.9809],[-71.6233,-45.9803],[-71.6212,-45.9795],[-71.6199,-45.9787],[-71.6189,-45.9782],[-71.6171,-45.9776],[-71.6161,-45.9769],[-71.6156,-45.9761],[-71.615,-45.9752],[-71.6143,-45.9744],[-71.6135,-45.9734],[-71.6132,-45.9723],[-71.6131,-45.9712],[-71.6132,-45.9702],[-71.6133,-45.9696],[-71.6134,-45.9689],[-71.6134,-45.968],[-71.6133,-45.9673],[-71.6133,-45.9659],[-71.6134,-45.965],[-71.6133,-45.964],[-71.6131,-45.9629],[-71.6129,-45.962],[-71.6125,-45.9606],[-71.6125,-45.9594],[-71.6127,-45.9587],[-71.613,-45.9577],[-71.614,-45.9577],[-71.6147,-45.9571],[-71.6162,-45.9566],[-71.6177,-45.9563],[-71.619,-45.9558],[-71.6191,-45.9548],[-71.6192,-45.9537],[-71.6193,-45.9524],[-71.6194,-45.9517],[-71.6196,-45.9506],[-71.6197,-45.9499],[-71.6199,-45.9491],[-71.6201,-45.9484],[-71.6202,-45.9477],[-71.6203,-45.947],[-71.6203,-45.9463],[-71.6203,-45.9447],[-71.6202,-45.9437],[-71.621,-45.9423],[-71.6218,-45.9416],[-71.6229,-45.9411],[-71.6239,-45.9404],[-71.6249,-45.9389],[-71.6256,-45.9373],[-71.6259,-45.9366],[-71.6261,-45.9359],[-71.6267,-45.935],[-71.6276,-45.9341],[-71.6288,-45.9333],[-71.6295,-45.9329],[-71.6312,-45.9319],[-71.632,-45.9315],[-71.6331,-45.9305],[-71.6338,-45.9294],[-71.6341,-45.9287],[-71.6343,-45.9281],[-71.6347,-45.9272],[-71.6351,-45.9264],[-71.6354,-45.9258],[-71.6358,-45.9252],[-71.6369,-45.9242],[-71.638,-45.9237],[-71.6393,-45.9231],[-71.6409,-45.9228],[-71.6423,-45.9229],[-71.6432,-45.9217],[-71.6434,-45.9211],[-71.6437,-45.92],[-71.6443,-45.9185],[-71.6444,-45.9178],[-71.6446,-45.9171],[-71.6454,-45.9162],[-71.6467,-45.9154],[-71.6477,-45.9144],[-71.648,-45.9138],[-71.6481,-45.9128],[-71.6481,-45.9121],[-71.648,-45.9113],[-71.6479,-45.9107],[-71.6479,-45.91],[-71.648,-45.9091],[-71.648,-45.9083],[-71.6482,-45.9071],[-71.6484,-45.9062],[-71.6475,-45.9059],[-71.6461,-45.9049],[-71.6441,-45.9036],[-71.6449,-45.9032],[-71.6454,-45.9021],[-71.6455,-45.9013],[-71.6457,-45.9006],[-71.6468,-45.8995],[-71.6474,-45.8989],[-71.6481,-45.8984],[-71.65,-45.8974],[-71.6509,-45.8966],[-71.6509,-45.8959],[-71.6509,-45.8949],[-71.6516,-45.8941],[-71.6526,-45.8933],[-71.6525,-45.8926],[-71.6521,-45.8916],[-71.6519,-45.8905],[-71.6517,-45.8899],[-71.6513,-45.8891],[-71.6508,-45.888],[-71.6514,-45.8869],[-71.6523,-45.8855],[-71.653,-45.8847],[-71.6544,-45.8823],[-71.6558,-45.8807],[-71.6567,-45.8806],[-71.658,-45.8793],[-71.6598,-45.8786],[-71.6607,-45.8784],[-71.6616,-45.878],[-71.6625,-45.8777],[-71.6639,-45.8771],[-71.6649,-45.8769],[-71.6658,-45.8759],[-71.6664,-45.8753],[-71.6675,-45.8744],[-71.6679,-45.8738],[-71.669,-45.8724],[-71.6696,-45.8717],[-71.6714,-45.8725],[-71.673,-45.8725],[-71.6754,-45.8727],[-71.677,-45.8734],[-71.6785,-45.8734],[-71.6802,-45.8732],[-71.6812,-45.873],[-71.6822,-45.8727],[-71.6829,-45.8723],[-71.6836,-45.8717],[-71.6847,-45.8711],[-71.6855,-45.8706],[-71.6862,-45.8702],[-71.6871,-45.8696],[-71.6881,-45.8687],[-71.6886,-45.8682],[-71.6898,-45.8669],[-71.6913,-45.8652],[-71.6933,-45.8644],[-71.6947,-45.8644],[-71.6969,-45.8651],[-71.6984,-45.8654],[-71.6999,-45.8646],[-71.7008,-45.8638],[-71.7015,-45.8632],[-71.7021,-45.8627],[-71.7031,-45.8621],[-71.7041,-45.8614],[-71.7049,-45.861],[-71.7062,-45.8604],[-71.7071,-45.8602],[-71.7087,-45.8597],[-71.7108,-45.8587],[-71.7118,-45.8583],[-71.7128,-45.858],[-71.714,-45.8581],[-71.7154,-45.8581],[-71.717,-45.8576],[-71.7176,-45.857],[-71.718,-45.8558],[-71.7176,-45.8548],[-71.7173,-45.8539],[-71.7194,-45.8536],[-71.7202,-45.853],[-71.7212,-45.8521],[-71.7228,-45.8526],[-71.7246,-45.8529],[-71.7246,-45.8511],[-71.7251,-45.8502],[-71.7262,-45.8495],[-71.7284,-45.8494],[-71.7298,-45.8495],[-71.731,-45.8498],[-71.7319,-45.8501],[-71.733,-45.8502],[-71.734,-45.8504],[-71.7356,-45.8504],[-71.7367,-45.8503],[-71.7383,-45.8502],[-71.7398,-45.8499],[-71.7407,-45.8496],[-71.7423,-45.8493],[-71.7434,-45.849],[-71.7449,-45.8489],[-71.7463,-45.849],[-71.7479,-45.8492],[-71.7495,-45.8496],[-71.7512,-45.8499],[-71.7536,-45.8501],[-71.7534,-45.849],[-71.7533,-45.8484],[-71.7535,-45.8473],[-71.7546,-45.8464],[-71.756,-45.8458],[-71.7575,-45.8453],[-71.7588,-45.8453],[-71.7607,-45.8462],[-71.7615,-45.8455],[-71.7612,-45.8442],[-71.7625,-45.8443],[-71.7636,-45.8442],[-71.7657,-45.8441],[-71.7668,-45.8438],[-71.768,-45.8435],[-71.7689,-45.8433],[-71.7698,-45.843],[-71.7695,-45.8421],[-71.7691,-45.8413],[-71.7684,-45.8404],[-71.7676,-45.8388],[-71.7675,-45.8375],[-71.7673,-45.8364],[-71.7684,-45.8355],[-71.7694,-45.8347],[-71.7696,-45.8341],[-71.7696,-45.8333],[-71.7693,-45.8327],[-71.7683,-45.8318],[-71.767,-45.8308],[-71.7665,-45.8303],[-71.7652,-45.8291],[-71.7644,-45.8282],[-71.7636,-45.8271],[-71.7632,-45.8264],[-71.7627,-45.8259],[-71.7613,-45.8251],[-71.7593,-45.8239],[-71.757,-45.8225],[-71.7563,-45.8216],[-71.7558,-45.8206],[-71.7555,-45.8196],[-71.7552,-45.8189],[-71.7553,-45.8179],[-71.7556,-45.8173],[-71.7559,-45.8164],[-71.756,-45.8157],[-71.756,-45.8148],[-71.7551,-45.813],[-71.7539,-45.812],[-71.7533,-45.8111],[-71.7525,-45.8101],[-71.7522,-45.8094],[-71.7519,-45.8085],[-71.7512,-45.8076],[-71.75,-45.807],[-71.7492,-45.8067],[-71.748,-45.806],[-71.7472,-45.8055],[-71.746,-45.8047],[-71.7449,-45.8038],[-71.744,-45.8027],[-71.7439,-45.801],[-71.7444,-45.7996],[-71.7446,-45.799],[-71.7451,-45.7975],[-71.7461,-45.7968],[-71.7469,-45.7958],[-71.7478,-45.7944],[-71.749,-45.7935],[-71.7502,-45.7928],[-71.7515,-45.7921],[-71.7532,-45.7914],[-71.754,-45.791],[-71.7561,-45.79],[-71.7568,-45.7896],[-71.7578,-45.7889],[-71.7586,-45.7885],[-71.7594,-45.7881],[-71.7601,-45.7876],[-71.7608,-45.7871],[-71.7618,-45.7861],[-71.7623,-45.7853],[-71.7625,-45.7846],[-71.7626,-45.784],[-71.7627,-45.7833],[-71.7624,-45.7821],[-71.7619,-45.7811],[-71.7613,-45.7803],[-71.7603,-45.779],[-71.7598,-45.7784],[-71.7593,-45.7778],[-71.7588,-45.7771],[-71.758,-45.776],[-71.7573,-45.7748],[-71.757,-45.7741],[-71.7566,-45.7733],[-71.7563,-45.7727],[-71.7559,-45.7715],[-71.7557,-45.7707],[-71.7556,-45.7699],[-71.7556,-45.7691],[-71.7559,-45.768],[-71.7562,-45.7673],[-71.7569,-45.7663],[-71.758,-45.7655],[-71.7587,-45.7651],[-71.7596,-45.7645],[-71.7603,-45.764],[-71.7628,-45.7619],[-71.7634,-45.7615],[-71.7642,-45.7607],[-71.7648,-45.76],[-71.7652,-45.7594],[-71.7656,-45.7587],[-71.7657,-45.7581],[-71.7656,-45.7572],[-71.7651,-45.7564],[-71.7649,-45.7554],[-71.7654,-45.7546],[-71.7665,-45.754],[-71.7675,-45.7534],[-71.7681,-45.7529],[-71.7685,-45.7522],[-71.7686,-45.7516],[-71.7684,-45.7509],[-71.768,-45.7499],[-71.7678,-45.7492],[-71.7679,-45.7485],[-71.7695,-45.7485],[-71.7707,-45.7487],[-71.772,-45.748],[-71.7726,-45.7465],[-71.7726,-45.7452],[-71.7723,-45.744],[-71.7721,-45.7431],[-71.7722,-45.7417],[-71.7728,-45.7409],[-71.7743,-45.7405],[-71.7762,-45.74],[-71.7777,-45.7394],[-71.7787,-45.7389],[-71.7795,-45.7384],[-71.7811,-45.7377],[-71.7822,-45.7372],[-71.7829,-45.7368],[-71.784,-45.7362],[-71.7852,-45.7354],[-71.7859,-45.7349],[-71.7869,-45.7342],[-71.7876,-45.7337],[-71.7886,-45.7326],[-71.7892,-45.732],[-71.7906,-45.7312]]]]},"geometry_name":"geom","properties":{"nombre":"LAGO BLANCO"},"bbox":[-71.7906,-45.9978,-70.6022,-45.6931]},{"type":"Feature","id":"juzgados.43","geometry":{"type":"MultiPolygon","coordinates":[[[[-71.709,-43.5504],[-71.7059,-43.5488],[-71.7002,-43.5477],[-71.6967,-43.5489],[-71.6964,-43.5536],[-71.6918,-43.5526],[-71.686,-43.5553],[-71.6791,-43.5536],[-71.6745,-43.5516],[-71.6734,-43.5502],[-71.6739,-43.5473],[-71.6728,-43.5459],[-71.6747,-43.5379],[-71.6715,-43.5355],[-71.6731,-43.5313],[-71.6701,-43.5284],[-71.6651,-43.525],[-71.6585,-43.5245],[-71.656,-43.5244],[-71.6538,-43.525],[-71.6513,-43.5239],[-71.6492,-43.5238],[-71.6466,-43.524],[-71.6445,-43.5247],[-71.6422,-43.5246],[-71.6389,-43.5256],[-71.6358,-43.5278],[-71.6338,-43.5271],[-71.6314,-43.5269],[-71.6275,-43.5276],[-71.6253,-43.5283],[-71.6239,-43.5292],[-71.6216,-43.5278],[-71.6094,-43.5253],[-71.607,-43.5271],[-71.6043,-43.5268],[-71.6024,-43.5267],[-71.6018,-43.5268],[-71.6042,-43.5831],[-71.6061,-43.6267],[-71.6061,-43.6272],[-71.6062,-43.6274],[-71.6137,-43.6263],[-71.6231,-43.6231],[-71.6386,-43.6215],[-71.6489,-43.6205],[-71.6541,-43.6203],[-71.6749,-43.6215],[-71.6853,-43.6224],[-71.6904,-43.6224],[-71.6977,-43.6216],[-71.7,-43.6239],[-71.7035,-43.6237],[-71.7049,-43.6219],[-71.7049,-43.6178],[-71.7037,-43.6142],[-71.7054,-43.611],[-71.7074,-43.6091],[-71.7086,-43.6079],[-71.7133,-43.5974],[-71.7112,-43.5884],[-71.7104,-43.5851],[-71.7143,-43.5825],[-71.7189,-43.581],[-71.7242,-43.5812],[-71.7294,-43.5809],[-71.7396,-43.5827],[-71.7453,-43.5832],[-71.7469,-43.5833],[-71.7479,-43.5829],[-71.748,-43.5827],[-71.7502,-43.5721],[-71.7422,-43.5638],[-71.7404,-43.5615],[-71.7385,-43.5604],[-71.7353,-43.5607],[-71.7346,-43.5619],[-71.7322,-43.5612],[-71.7296,-43.5602],[-71.7276,-43.5593],[-71.7264,-43.5584],[-71.7241,-43.5551],[-71.7177,-43.5533],[-71.7113,-43.5509],[-71.709,-43.5504]]]]},"geometry_name":"geom","properties":{"nombre":"CARRENLEUFU"},"bbox":[-71.7502,-43.6274,-71.6018,-43.5238]}],"totalFeatures":43,"numberMatched":43,"numberReturned":43,"timeStamp":"2026-07-27T14:07:46.606Z","crs":{"type":"name","properties":{"name":"urn:ogc:def:crs:EPSG::4326"}},"bbox":[-72.1802,-45.9978,-63.5845,-41.9911]}